version 2
JvmtiExport can_access_local_variables 0
JvmtiExport can_hotswap_or_post_breakpoint 1
JvmtiExport can_post_on_exceptions 0
# 188 ciObject found
instanceKlass com/intellij/ide/Y/k/ds
ciMethodData java/util/Vector elementAt (I)Ljava/lang/Object; 2 12739 orig 80 0 0 0 0 0 0 0 0 0 0 0 0 0 0 0 0 0 0 0 0 0 0 0 0 0 0 0 0 0 0 0 0 0 0 0 0 0 0 0 0 0 0 0 0 0 0 0 0 0 0 0 0 0 0 0 0 0 0 0 0 0 0 0 0 0 0 0 0 0 0 0 0 0 0 0 0 0 0 0 0 data 53 0x50007 0x31c4 0x120 0x0 0x100002 0x0 0x140005 0x0 0x0 0x0 0x0 0x0 0x0 0x190005 0x0 0x0 0x0 0x0 0x0 0x0 0x200005 0x0 0x0 0x0 0x0 0x0 0x0 0x230005 0x0 0x0 0x0 0x0 0x0 0x0 0x260002 0x0 0x2c0005 0x0 0x0 0x605c65468768 0x31c4 0x0 0x0 0x0 0x0 0x0 0x0 0x0 0x0 0x9 0x2 0x0 0x0 oops 1 39 java/util/Vector methods 0
ciMethodData java/util/Vector elementData (I)Ljava/lang/Object; 2 12739 orig 80 0 0 0 0 0 0 0 0 0 0 0 0 0 0 0 0 0 0 0 0 0 0 0 0 0 0 0 0 0 0 0 0 0 0 0 0 0 0 0 0 0 0 0 0 0 0 0 0 0 0 0 0 0 0 0 0 0 0 0 0 0 0 0 0 0 0 0 0 0 0 0 0 0 0 0 0 0 0 0 0 data 8 0x0 0x0 0x0 0x0 0x9 0x2 0x0 0x0 oops 0 methods 0
ciMethodData java/util/Vector setElementAt (Ljava/lang/Object;I)V 2 28724 orig 80 0 0 0 0 0 0 0 0 0 0 0 0 0 0 0 0 0 0 0 0 0 0 0 0 0 0 0 0 0 0 0 0 0 0 0 0 0 0 0 0 0 0 0 0 0 0 0 0 0 0 0 0 0 0 0 0 0 0 0 0 0 0 0 0 0 0 0 0 0 0 0 0 0 0 0 0 0 0 0 0 data 54 0x50007 0x7035 0x120 0x0 0x100002 0x0 0x140005 0x0 0x0 0x0 0x0 0x0 0x0 0x190005 0x0 0x0 0x0 0x0 0x0 0x0 0x200005 0x0 0x0 0x0 0x0 0x0 0x0 0x230005 0x0 0x0 0x0 0x0 0x0 0x0 0x260002 0x0 0x300004 0x0 0x0 0x605c65468560 0x7035 0x0 0x0 0x0 0x0 0x0 0x0 0x0 0x0 0x9 0x3 0x0 0x0 0x0 oops 1 39 com/intellij/ide/Y/k/ds methods 0
ciMethod com/intellij/ide/Y/k/dp b (Lcom/intellij/ide/Y/k/dp;)Z 0 0 1 0 -1
ciMethod com/intellij/ide/Y/k/ds b (Lcom/intellij/ide/Y/k/dp;)Z 1024 0 14184 0 272
ciMethod com/intellij/ide/Y/k/ds a (JII[I[J)J 416 26624 18928 0 648
ciMethod com/intellij/ide/Y/k/ds a (IILjava/util/Vector;Ljava/util/Vector;I)V 1024 0 12965 0 0
ciMethod com/intellij/ide/Y/k/ds a (IIILjava/util/Vector;Ljava/util/Vector;)V 3060 65536 6474 0 0
ciMethodData com/intellij/ide/Y/k/ds a (JII[I[J)J 2 18720 orig 80 2 0 0 0 0 0 0 0 0 0 0 0 0 0 0 0 0 0 0 0 0 0 0 0 0 0 0 1 0 0 0 0 0 0 0 0 0 0 0 1 0 0 0 0 0 0 0 0 0 0 0 0 0 0 0 0 0 0 0 0 0 0 0 0 0 0 0 0 0 0 0 0 0 0 0 0 0 0 0 0 data 42 0xb0003 0x4921 0x90 0x230007 0x93863 0x78 0x90fc6 0x280007 0x4798a 0x38 0x4963c 0x320003 0x4963c 0x38 0x370007 0x0 0x20 0x4798a 0x530007 0x12482c 0xffffffffffffff88 0x491e 0x8000000600680007 0x27f2 0x20 0x212d 0x7e0007 0x0 0x20 0x491f 0x0 0x0 0x0 0x0 0x9 0x6 0x0 0x0 0x0 0x0 0x0 0x0 oops 0 methods 0
ciMethodData com/intellij/ide/Y/k/ds b (Lcom/intellij/ide/Y/k/dp;)Z 2 13672 orig 80 0 0 0 0 0 0 0 0 0 0 0 0 0 0 0 0 0 0 0 0 0 0 0 0 0 0 0 0 0 0 0 0 0 0 0 0 0 0 0 0 0 0 0 0 0 0 0 0 0 0 0 0 0 0 0 0 0 0 0 0 0 0 0 0 0 0 0 0 0 0 0 0 0 0 0 0 0 0 0 0 data 40 0x20007 0x3569 0x20 0x0 0x80004 0x0 0x0 0x605c65468560 0x3569 0x0 0x0 0xb0007 0x0 0x98 0x3569 0x1e0002 0x3569 0x220004 0x0 0x0 0x605c65468560 0x3569 0x0 0x0 0x360002 0x3569 0x3c0007 0x1b47 0x20 0x1a22 0x0 0x0 0x0 0x0 0x0 0x0 0x9 0x2 0x0 0x0 oops 2 7 com/intellij/ide/Y/k/ds 20 com/intellij/ide/Y/k/ds methods 0
ciMethodData com/intellij/ide/Y/k/ds a (IILjava/util/Vector;Ljava/util/Vector;I)V 2 12457 orig 80 0 0 0 0 0 0 0 0 0 0 0 0 0 0 0 0 0 0 0 0 0 0 0 0 0 0 0 0 0 0 0 0 0 0 0 0 0 0 0 0 0 0 0 0 0 0 0 0 0 0 0 0 0 0 0 0 0 0 0 0 0 0 0 0 0 0 0 0 0 0 0 0 0 0 0 0 0 0 0 0 data 27 0x20007 0x1856 0x70 0x1854 0x160007 0x0 0x40 0x1854 0x200002 0x1854 0x2c0002 0x184e 0x350002 0x1849 0x0 0x0 0x0 0x0 0x0 0x0 0x9 0x5 0x0 0x0 0x0 0x0 0x0 oops 0 methods 0
ciMethodData com/intellij/ide/Y/k/ds a (IIILjava/util/Vector;Ljava/util/Vector;)V 2 4970 orig 80 2 0 0 0 0 0 0 0 0 0 0 0 0 0 0 0 0 0 0 0 0 0 0 0 0 0 0 0 0 0 0 0 0 0 1 0 0 0 0 0 0 0 0 0 0 0 0 0 0 0 0 0 0 0 0 0 0 0 0 0 0 0 0 0 0 0 0 0 0 0 0 0 0 0 0 0 0 0 0 0 data 143 0xb0003 0x1369 0x88 0x130005 0x0 0x0 0x605c65468768 0xd941 0x0 0x0 0x180005 0x0 0x0 0x605c65468768 0xd941 0x0 0x0 0x210007 0xd941 0xffffffffffffff90 0x1369 0x240003 0x1369 0x280 0x2b0005 0x0 0x0 0x605c65468768 0xa54d 0x0 0x0 0x2e0004 0x0 0x0 0x605c65468560 0xa54d 0x0 0x0 0x350005 0x0 0x0 0x605c65468768 0xa54d 0x0 0x0 0x380004 0x0 0x0 0x605c65468560 0xa54d 0x0 0x0 0x3b0005 0x0 0x0 0x605c65468560 0xa54d 0x0 0x0 0x400007 0x3d5d 0xa8 0x67ef 0x4a0005 0x0 0x0 0x605c65468768 0x67ef 0x0 0x0 0x4d0004 0x0 0x0 0x605c65468560 0x67ef 0x0 0x0 0x520003 0x67ef 0x88 0x5c0005 0x0 0x0 0x605c65468768 0x3d5d 0x0 0x0 0x5f0004 0x0 0x0 0x605c65468560 0x3d5d 0x0 0x0 0x680005 0x0 0x0 0x605c65468768 0xa54c 0x0 0x0 0x710007 0xd23 0xc8 0xab92 0x770007 0xa54d 0xfffffffffffffd78 0x646 0x7a0003 0x646 0x88 0x820005 0x0 0x0 0x605c65468768 0x857 0x0 0x0 0x860005 0x0 0x0 0x605c65468768 0x857 0x0 0x0 0x920007 0x856 0xffffffffffffff90 0x136b 0x0 0x0 0x0 0x0 0x0 0x0 0x9 0x5 0x0 0x0 0x0 0x0 0x0 oops 14 6 java/util/Vector 13 java/util/Vector 27 java/util/Vector 34 com/intellij/ide/Y/k/ds 41 java/util/Vector 48 com/intellij/ide/Y/k/ds 55 com/intellij/ide/Y/k/ds 66 java/util/Vector 73 com/intellij/ide/Y/k/ds 83 java/util/Vector 90 com/intellij/ide/Y/k/ds 97 java/util/Vector 115 java/util/Vector 122 java/util/Vector methods 0
ciInstanceKlass java/lang/Cloneable 1 0 7 100 1 100 1 1 1
instanceKlass com/intellij/ide/plugins/PluginSet
instanceKlass com/intellij/ide/plugins/IdeaPluginDescriptor
instanceKlass com/intellij/openapi/extensions/PluginDescriptor
instanceKlass com/intellij/ide/Y/k/F5
instanceKlass com/intellij/ide/plugins/IdeaPluginDependency
instanceKlass com/intellij/ide/plugins/PluginEnabler
instanceKlass com/jetbrains/F/Y/T
instanceKlass com/intellij/openapi/application/Application
instanceKlass com/intellij/openapi/components/ComponentManager
instanceKlass com/intellij/openapi/extensions/AreaInstance
instanceKlass com/intellij/openapi/util/UserDataHolder
instanceKlass com/intellij/util/EnvironmentUtil
# instanceKlass java/lang/invoke/LambdaForm$MH+0x000076c0f021d400
# instanceKlass java/lang/invoke/LambdaForm$MH+0x000076c0f021d000
# instanceKlass java/lang/invoke/LambdaForm$MH+0x000076c0f021cc00
# instanceKlass java/lang/invoke/LambdaForm$DMH+0x000076c0f021c800
# instanceKlass java/lang/invoke/LambdaForm$MH+0x000076c0f021c400
# instanceKlass java/lang/invoke/LambdaForm$MH+0x000076c0f021c000
# instanceKlass java/lang/invoke/LambdaForm$MH+0x000076c0f021bc00
# instanceKlass java/lang/invoke/LambdaForm$MH+0x000076c0f021b800
# instanceKlass java/lang/invoke/LambdaForm$MH+0x000076c0f021b400
# instanceKlass java/lang/invoke/LambdaForm$MH+0x000076c0f021b000
# instanceKlass java/lang/invoke/LambdaForm$MH+0x000076c0f021ac00
# instanceKlass java/lang/invoke/LambdaForm$DMH+0x000076c0f021a800
# instanceKlass java/lang/invoke/LambdaForm$MH+0x000076c0f021a400
# instanceKlass java/lang/invoke/LambdaForm$MH+0x000076c0f021a000
# instanceKlass java/lang/invoke/LambdaForm$DMH+0x000076c0f0219c00
instanceKlass java/text/DateFormatSymbols
instanceKlass sun/util/calendar/Era
instanceKlass sun/util/calendar/CalendarUtils
instanceKlass sun/util/calendar/CalendarDate
instanceKlass sun/util/resources/Bundles$CacheKeyReference
# instanceKlass sun/util/cldr/CLDRLocaleProviderAdapter$$Lambda+0x8000000a3
instanceKlass sun/util/resources/Bundles$CacheKey
instanceKlass sun/util/resources/Bundles
instanceKlass sun/util/resources/LocaleData$LocaleDataStrategy
instanceKlass sun/util/resources/Bundles$Strategy
instanceKlass sun/util/resources/LocaleData$1
instanceKlass sun/util/resources/LocaleData
# instanceKlass java/lang/invoke/LambdaForm$MH+0x000076c0f0219800
# instanceKlass java/lang/invoke/LambdaForm$MH+0x000076c0f0219400
# instanceKlass java/lang/invoke/LambdaForm$MH+0x000076c0f0219000
# instanceKlass java/lang/invoke/LambdaForm$MH+0x000076c0f0218c00
# instanceKlass java/lang/invoke/LambdaForm$MH+0x000076c0f0218800
# instanceKlass java/lang/invoke/LambdaForm$MH+0x000076c0f0218400
# instanceKlass java/lang/invoke/LambdaForm$MH+0x000076c0f0218000
instanceKlass java/net/InetAddress$CachedLocalHost
instanceKlass java/util/concurrent/atomic/Striped64$1
instanceKlass java/net/InetAddress$CachedLookup
instanceKlass sun/net/InetAddressCachePolicy$1
instanceKlass sun/net/InetAddressCachePolicy
# instanceKlass java/net/InetAddress$$Lambda+0x000076c0f01e4490
# instanceKlass java/net/InetAddress$$Lambda+0x000076c0f01e4220
instanceKlass java/net/spi/InetAddressResolverProvider
instanceKlass java/net/InetAddress$NameServiceAddresses
instanceKlass java/net/InetAddress$Addresses
instanceKlass java/util/concurrent/ConcurrentSkipListMap$Iter
instanceKlass sun/awt/FontDescriptor
instanceKlass sun/awt/FontConfiguration
instanceKlass sun/font/SunFontManager$FontRegistrationInfo
instanceKlass java/util/stream/Nodes$ArrayNode
# instanceKlass sun/util/locale/provider/LocaleProviderAdapter$$Lambda+0x8000000ac
# instanceKlass sun/util/locale/provider/LocaleProviderAdapter$$Lambda+0x8000000ab
instanceKlass java/util/Spliterators$IteratorSpliterator
instanceKlass sun/util/locale/provider/AvailableLanguageTags
# instanceKlass sun/util/cldr/CLDRLocaleProviderAdapter$$Lambda+0x8000000a5
instanceKlass sun/util/resources/cldr/provider/CLDRLocaleDataMetaInfo
# instanceKlass sun/util/cldr/CLDRLocaleProviderAdapter$$Lambda+0x8000000a4
instanceKlass sun/util/locale/BaseLocale$Key
instanceKlass sun/util/locale/StringTokenIterator
instanceKlass sun/util/locale/ParseStatus
instanceKlass sun/util/cldr/CLDRBaseLocaleDataMetaInfo
instanceKlass sun/util/locale/provider/LocaleDataMetaInfo
instanceKlass sun/util/locale/provider/ResourceBundleBasedAdapter
instanceKlass sun/util/locale/provider/LocaleProviderAdapter
instanceKlass sun/util/locale/provider/CalendarDataUtility$CalendarWeekParameterGetter
instanceKlass sun/util/locale/provider/LocaleServiceProviderPool$LocalizedObjectGetter
instanceKlass sun/util/locale/provider/LocaleServiceProviderPool
instanceKlass java/util/spi/LocaleServiceProvider
instanceKlass sun/util/locale/InternalLocaleBuilder$CaseInsensitiveChar
instanceKlass sun/util/locale/InternalLocaleBuilder
instanceKlass java/util/Locale$Builder
instanceKlass sun/util/locale/provider/CalendarDataUtility
instanceKlass sun/util/calendar/CalendarSystem$GregorianHolder
instanceKlass sun/util/calendar/CalendarSystem
instanceKlass com/intellij/ide/Y/k/S
instanceKlass com/jetbrains/F/Y/F/F/F/s
instanceKlass com/jetbrains/F/Y/F/F/L/s
instanceKlass com/jetbrains/F/Y/F/F/F/X
instanceKlass com/intellij/ide/Y/k/Yk
instanceKlass com/intellij/ide/Y/k/FR
# instanceKlass java/lang/invoke/LambdaForm$MH+0x000076c0f0215c00
# instanceKlass java/lang/invoke/LambdaForm$MH+0x000076c0f0215800
# instanceKlass java/lang/invoke/LambdaForm$MH+0x000076c0f0215400
# instanceKlass java/lang/invoke/LambdaForm$BMH+0x000076c0f0215000
# instanceKlass java/lang/invoke/LambdaForm$DMH+0x000076c0f0214c00
# instanceKlass java/lang/invoke/LambdaForm$DMH+0x000076c0f0214800
# instanceKlass com/intellij/ide/gdpr/ConsentOptions$$Lambda+0x000076c0f0212388
instanceKlass java/util/function/BooleanSupplier
instanceKlass com/intellij/ide/gdpr/ConsentOptions$IOBackendImpl
instanceKlass com/intellij/ide/gdpr/ConsentOptions$IOBackend
instanceKlass com/intellij/ide/gdpr/ConsentOptions$InstanceHolder
instanceKlass com/intellij/ide/gdpr/ConsentAttributes
instanceKlass com/intellij/ide/gdpr/ConsentBase
instanceKlass com/intellij/ide/gdpr/ConsentOptions
instanceKlass com/intellij/openapi/util/ModificationTracker
# instanceKlass java/lang/invoke/LambdaForm$MH+0x000076c0f0214400
# instanceKlass java/lang/invoke/LambdaForm$MH+0x000076c0f0214000
instanceKlass  @bci com/intellij/util/containers/ConcurrentRefHashMap <clinit> ()V 13 <appendix> argL0 ; # com/intellij/util/containers/ConcurrentRefHashMap$$Lambda+0x000076c0f02109d0
instanceKlass com/intellij/util/containers/ConcurrentRefHashMap$KeyReference
instanceKlass com/intellij/util/containers/ConcurrentRefValueHashMap$ValueReference
instanceKlass com/intellij/util/containers/ConcurrentRefValueHashMap
instanceKlass com/intellij/AbstractBundle$Companion
instanceKlass com/intellij/AbstractBundle
instanceKlass com/intellij/ide/Y/K
# instanceKlass java/lang/invoke/LambdaForm$MH+0x000076c0f020dc00
# instanceKlass java/lang/invoke/LambdaForm$MH+0x000076c0f020d800
# instanceKlass java/lang/invoke/LambdaForm$MH+0x000076c0f020d400
# instanceKlass java/lang/invoke/LambdaForm$MH+0x000076c0f020d000
# instanceKlass java/lang/invoke/LambdaForm$BMH+0x000076c0f020cc00
# instanceKlass java/lang/invoke/LambdaForm$DMH+0x000076c0f020c800
# instanceKlass java/lang/invoke/LambdaForm$DMH+0x000076c0f020c400
instanceKlass com/intellij/ide/Y/l
# instanceKlass java/lang/invoke/LambdaForm$MH+0x000076c0f020c000
# instanceKlass java/lang/invoke/LambdaForm$MH+0x000076c0f020bc00
instanceKlass java/util/function/UnaryOperator
# instanceKlass java/lang/invoke/LambdaForm$MH+0x000076c0f020b800
# instanceKlass java/lang/invoke/LambdaForm$MH+0x000076c0f020b400
# instanceKlass java/lang/invoke/LambdaForm$MH+0x000076c0f020b000
instanceKlass jdk/internal/vm/annotation/ForceInline
instanceKlass  @bci jdk/internal/reflect/DirectMethodHandleAccessor invokeImpl (Ljava/lang/Object;[Ljava/lang/Object;Ljava/lang/Class;)Ljava/lang/Object; 136 <adapter> ; # java/lang/invoke/LambdaForm$MH+0x000076c0f020ac00
# instanceKlass com/intellij/ide/Y/v$$InjectedInvoker+0x000076c0f020a800
instanceKlass java/lang/invoke/MethodHandleImpl$BindCaller$InjectedInvokerHolder
instanceKlass java/lang/invoke/MethodHandleImpl$BindCaller
# instanceKlass java/lang/invoke/LambdaForm$MH+0x000076c0f020a400
# instanceKlass java/lang/invoke/LambdaForm$MH+0x000076c0f020a000
# instanceKlass java/lang/invoke/LambdaForm$MH+0x000076c0f0209c00
# instanceKlass java/lang/invoke/LambdaForm$MH+0x000076c0f0209800
# instanceKlass java/lang/invoke/LambdaForm$BMH+0x000076c0f0209400
instanceKlass  @bci com/intellij/platform/ide/bootstrap/StartupUtil logEssentialInfoAboutIde (Lcom/intellij/openapi/diagnostic/Logger;Lcom/intellij/openapi/application/ApplicationInfo;Ljava/util/List;)V 437 <adapter> ; # java/lang/invoke/LambdaForm$MH+0x000076c0f0209000
# instanceKlass java/lang/invoke/LambdaForm$DMH+0x000076c0f0208c00
# instanceKlass java/lang/invoke/LambdaForm$DMH+0x000076c0f0208800
instanceKlass  @bci com/intellij/platform/ide/bootstrap/StartupUtil logEssentialInfoAboutIde (Lcom/intellij/openapi/diagnostic/Logger;Lcom/intellij/openapi/application/ApplicationInfo;Ljava/util/List;)V 437 <appendix> form vmentry <vmtarget> ; # java/lang/invoke/LambdaForm$MH+0x000076c0f0208400
# instanceKlass java/lang/invoke/LambdaForm$MH+0x000076c0f0208000
instanceKlass  @bci com/intellij/platform/ide/bootstrap/StartupUtil logEssentialInfoAboutIde (Lcom/intellij/openapi/diagnostic/Logger;Lcom/intellij/openapi/application/ApplicationInfo;Ljava/util/List;)V 437 <appendix> form names 8 function resolvedHandle form vmentry <vmtarget> ; # java/lang/invoke/LambdaForm$DMH+0x000076c0f0207c00
instanceKlass  @bci com/intellij/platform/ide/bootstrap/StartupUtil logEssentialInfoAboutIde (Lcom/intellij/openapi/diagnostic/Logger;Lcom/intellij/openapi/application/ApplicationInfo;Ljava/util/List;)V 437 <appendix> argL3 form vmentry <vmtarget> ; # java/lang/invoke/LambdaForm$MH+0x000076c0f0207800
# instanceKlass java/lang/invoke/LambdaForm$MH+0x000076c0f0207400
# instanceKlass java/lang/invoke/LambdaForm$MH+0x000076c0f0207000
instanceKlass java/lang/reflect/Proxy$ProxyBuilder$1
# instanceKlass java/lang/invoke/LambdaForm$MH+0x000076c0f0206c00
# instanceKlass java/lang/invoke/LambdaForm$MH+0x000076c0f0206800
# instanceKlass java/lang/invoke/LambdaForm$MH+0x000076c0f0206400
# instanceKlass java/lang/invoke/LambdaForm$MH+0x000076c0f0206000
instanceKlass jdk/internal/org/objectweb/asm/Edge
instanceKlass  @bci com/intellij/platform/ide/bootstrap/StartupUtil logEssentialInfoAboutIde (Lcom/intellij/openapi/diagnostic/Logger;Lcom/intellij/openapi/application/ApplicationInfo;Ljava/util/List;)V 437 <appendix> form names 12 function resolvedHandle form vmentry <vmtarget> ; # java/lang/invoke/LambdaForm$DMH+0x000076c0f0205c00
instanceKlass  @bci java/lang/reflect/ProxyGenerator addProxyMethod (Ljava/lang/reflect/Method;Ljava/lang/Class;)V 23 <appendix> argL0 ; # java/lang/reflect/ProxyGenerator$$Lambda+0x000076c0f01e1908
instanceKlass  @bci com/intellij/platform/ide/bootstrap/StartupUtil logEssentialInfoAboutIde (Lcom/intellij/openapi/diagnostic/Logger;Lcom/intellij/openapi/application/ApplicationInfo;Ljava/util/List;)V 437 <appendix> argL1 form vmentry <vmtarget> ; # java/lang/invoke/LambdaForm$MH+0x000076c0f0205800
# instanceKlass java/lang/invoke/LambdaForm$MH+0x000076c0f0205400
instanceKlass  @bci java/lang/reflect/ProxyGenerator addProxyMethod (Ljava/lang/reflect/ProxyGenerator$ProxyMethod;)V 10 <appendix> argL0 ; # java/lang/reflect/ProxyGenerator$$Lambda+0x000076c0f01e1698
instanceKlass  @bci com/intellij/platform/ide/bootstrap/StartupUtil logEssentialInfoAboutIde (Lcom/intellij/openapi/diagnostic/Logger;Lcom/intellij/openapi/application/ApplicationInfo;Ljava/util/List;)V 437 <appendix> argL1 argL0 form vmentry <vmtarget> ; # java/lang/invoke/LambdaForm$MH+0x000076c0f0205000
instanceKlass java/lang/reflect/ProxyGenerator$ProxyMethod
# instanceKlass java/lang/invoke/LambdaForm$MH+0x000076c0f0204c00
# instanceKlass java/lang/reflect/Proxy$$Lambda+0x000076c0f01e1440
# instanceKlass java/lang/invoke/LambdaForm$MH+0x000076c0f0204800
# instanceKlass java/lang/invoke/LambdaForm$MH+0x000076c0f0204400
# instanceKlass java/lang/invoke/LambdaForm$MH+0x000076c0f0204000
# instanceKlass java/lang/module/ModuleDescriptor$Builder$$Lambda+0x800000029
instanceKlass java/lang/module/ModuleDescriptor$Builder
instanceKlass java/lang/reflect/AccessFlag$18
instanceKlass java/lang/reflect/AccessFlag$17
instanceKlass java/lang/reflect/AccessFlag$16
instanceKlass java/lang/reflect/AccessFlag$15
instanceKlass java/lang/reflect/AccessFlag$14
instanceKlass java/lang/reflect/AccessFlag$13
instanceKlass java/lang/reflect/AccessFlag$12
instanceKlass java/lang/reflect/AccessFlag$11
instanceKlass java/lang/reflect/AccessFlag$10
instanceKlass java/lang/reflect/AccessFlag$9
instanceKlass java/lang/reflect/AccessFlag$8
instanceKlass java/lang/reflect/AccessFlag$7
instanceKlass java/lang/reflect/AccessFlag$6
instanceKlass java/lang/reflect/AccessFlag$5
instanceKlass java/lang/reflect/AccessFlag$4
instanceKlass java/lang/reflect/AccessFlag$3
instanceKlass java/lang/reflect/AccessFlag$2
instanceKlass java/lang/reflect/AccessFlag$1
instanceKlass  @bci com/intellij/platform/ide/bootstrap/StartupUtil logEssentialInfoAboutIde (Lcom/intellij/openapi/diagnostic/Logger;Lcom/intellij/openapi/application/ApplicationInfo;Ljava/util/List;)V 406 <appendix> form vmentry <vmtarget> ; # java/lang/invoke/LambdaForm$MH+0x000076c0f0203c00
# instanceKlass java/lang/reflect/Proxy$ProxyBuilder$$Lambda+0x000076c0f01e11e0
# instanceKlass java/lang/invoke/LambdaForm$MH+0x000076c0f0203800
instanceKlass java/lang/PublicMethods
instanceKlass java/lang/reflect/Proxy$ProxyBuilder
# instanceKlass java/lang/reflect/Proxy$$Lambda+0x000076c0f01e0f80
instanceKlass  @bci com/intellij/platform/ide/bootstrap/StartupUtil logEssentialInfoAboutIde (Lcom/intellij/openapi/diagnostic/Logger;Lcom/intellij/openapi/application/ApplicationInfo;Ljava/util/List;)V 406 <appendix> argL5 form vmentry <vmtarget> ; # java/lang/invoke/LambdaForm$MH+0x000076c0f0203400
instanceKlass java/lang/reflect/Proxy
instanceKlass sun/reflect/annotation/AnnotationInvocationHandler
instanceKlass sun/reflect/annotation/AnnotationParser$1
instanceKlass sun/reflect/annotation/ExceptionProxy
# instanceKlass java/lang/invoke/LambdaForm$MH+0x000076c0f0203000
instanceKlass java/lang/annotation/Inherited
instanceKlass sun/reflect/annotation/AnnotationType$1
instanceKlass sun/reflect/annotation/AnnotationType
instanceKlass java/lang/reflect/GenericArrayType
instanceKlass  @bci com/intellij/platform/ide/bootstrap/StartupUtil logEssentialInfoAboutIde (Lcom/intellij/openapi/diagnostic/Logger;Lcom/intellij/openapi/application/ApplicationInfo;Ljava/util/List;)V 406 <appendix> argL4 form vmentry <vmtarget> ; # java/lang/invoke/LambdaForm$MH+0x000076c0f0202c00
instanceKlass sun/reflect/generics/visitor/Reifier
instanceKlass sun/reflect/generics/visitor/TypeTreeVisitor
instanceKlass sun/reflect/generics/factory/CoreReflectionFactory
instanceKlass sun/reflect/generics/scope/AbstractScope
instanceKlass sun/reflect/generics/scope/Scope
instanceKlass sun/reflect/generics/tree/ClassTypeSignature
instanceKlass sun/reflect/generics/tree/SimpleClassTypeSignature
instanceKlass sun/reflect/generics/tree/FieldTypeSignature
instanceKlass sun/reflect/generics/tree/BaseType
instanceKlass sun/reflect/generics/tree/TypeSignature
instanceKlass sun/reflect/generics/tree/ReturnType
instanceKlass sun/reflect/generics/tree/TypeArgument
instanceKlass sun/reflect/generics/tree/TypeTree
instanceKlass sun/reflect/generics/tree/Tree
# instanceKlass java/lang/invoke/LambdaForm$MH+0x000076c0f0202800
instanceKlass sun/reflect/generics/parser/SignatureParser
# instanceKlass java/lang/invoke/LambdaForm$MH+0x000076c0f0202400
# instanceKlass java/lang/invoke/LambdaForm$MH+0x000076c0f0202000
# instanceKlass java/lang/invoke/LambdaForm$MH+0x000076c0f0201c00
# instanceKlass java/lang/invoke/LambdaForm$MH+0x000076c0f0201800
# instanceKlass java/lang/invoke/LambdaForm$MH+0x000076c0f0201400
# instanceKlass java/lang/invoke/LambdaForm$MH+0x000076c0f0201000
# instanceKlass java/lang/invoke/LambdaForm$DMH+0x000076c0f0200c00
instanceKlass  @bci com/intellij/platform/ide/bootstrap/StartupUtil logEssentialInfoAboutIde (Lcom/intellij/openapi/diagnostic/Logger;Lcom/intellij/openapi/application/ApplicationInfo;Ljava/util/List;)V 406 <appendix> argL1 form vmentry <vmtarget> ; # java/lang/invoke/LambdaForm$MH+0x000076c0f0200800
# instanceKlass java/lang/invoke/LambdaForm$MH+0x000076c0f0200400
# instanceKlass java/lang/invoke/LambdaForm$MH+0x000076c0f0200000
# instanceKlass java/lang/invoke/LambdaForm$MH+0x000076c0f01dcc00
instanceKlass com/intellij/ui/svg/IconValue
# instanceKlass java/lang/invoke/LambdaForm$MH+0x000076c0f01dc400
# instanceKlass java/lang/invoke/LambdaForm$MH+0x000076c0f01dc800
instanceKlass org/h2/mvstore/MVMap$BasicBuilder
instanceKlass  @bci org/h2/mvstore/MVStore openMetaMap ()Lorg/h2/mvstore/MVMap; 12 <appendix> member <vmtarget> ; # org/h2/mvstore/MVStore$$Lambda+0x000076c0f01df290
instanceKlass java/util/function/IntSupplier
instanceKlass sun/management/Util
instanceKlass  @bci java/util/stream/Collectors toList ()Ljava/util/stream/Collector; 14 <appendix> argL0 ; # java/util/stream/Collectors$$Lambda+0x000076c0f017fb68
instanceKlass  @bci java/util/stream/Collectors toList ()Ljava/util/stream/Collector; 9 <appendix> argL0 ; # java/util/stream/Collectors$$Lambda+0x000076c0f017f908
instanceKlass  @bci java/util/stream/Collectors toList ()Ljava/util/stream/Collector; 4 <appendix> argL0 ; # java/util/stream/Collectors$$Lambda+0x000076c0f017f6b8
instanceKlass java/lang/reflect/AnnotatedType
instanceKlass  @bci sun/management/spi/PlatformMBeanProvider$PlatformComponent getMBeans (Ljava/lang/Class;)Ljava/util/List; 63 <appendix> member <vmtarget> ; # sun/management/spi/PlatformMBeanProvider$PlatformComponent$$Lambda+0x000076c0f017f440
instanceKlass  @bci sun/management/spi/PlatformMBeanProvider$PlatformComponent getMBeans (Ljava/lang/Class;)Ljava/util/List; 47 <appendix> member <vmtarget> ; # sun/management/spi/PlatformMBeanProvider$PlatformComponent$$Lambda+0x000076c0f017f1b8
instanceKlass java/util/Collections$2
instanceKlass sun/management/RuntimeImpl
instanceKlass java/util/stream/ReduceOps$2ReducingSink
instanceKlass  @bci java/lang/management/ManagementFactory$PlatformMBeanFinder findSingleton (Ljava/lang/Class;)Lsun/management/spi/PlatformMBeanProvider$PlatformComponent; 30 <appendix> member <vmtarget> ; # java/lang/management/ManagementFactory$PlatformMBeanFinder$$Lambda+0x000076c0f017ebb0
instanceKlass  @bci java/lang/management/ManagementFactory$PlatformMBeanFinder findSingleton (Ljava/lang/Class;)Lsun/management/spi/PlatformMBeanProvider$PlatformComponent; 19 <appendix> member <vmtarget> ; # java/lang/management/ManagementFactory$PlatformMBeanFinder$$Lambda+0x000076c0f017e928
instanceKlass java/util/HashMap$HashMapSpliterator
instanceKlass jdk/management/jfr/internal/FlightRecorderMXBeanProvider$SingleMBeanComponent
instanceKlass jdk/management/jfr/FlightRecorderMXBean
instanceKlass java/lang/management/DefaultPlatformMBeanProvider$11
instanceKlass sun/reflect/generics/factory/GenericsFactory
instanceKlass sun/reflect/generics/repository/AbstractRepository
instanceKlass java/lang/management/DefaultPlatformMBeanProvider$10
instanceKlass java/lang/management/DefaultPlatformMBeanProvider$9
instanceKlass org/h2/util/StringUtils
instanceKlass sun/management/ManagementFactoryHelper$LoggingMXBeanAccess$1
instanceKlass sun/management/ManagementFactoryHelper$LoggingMXBeanAccess
instanceKlass java/lang/management/DefaultPlatformMBeanProvider$8
instanceKlass java/lang/management/DefaultPlatformMBeanProvider$7
instanceKlass java/lang/management/DefaultPlatformMBeanProvider$6
instanceKlass org/h2/mvstore/CursorPos
instanceKlass java/lang/management/DefaultPlatformMBeanProvider$5
instanceKlass org/h2/mvstore/Cursor
instanceKlass java/lang/management/DefaultPlatformMBeanProvider$4
instanceKlass java/lang/management/DefaultPlatformMBeanProvider$3
instanceKlass org/h2/mvstore/FileStore$1
instanceKlass java/lang/management/DefaultPlatformMBeanProvider$2
instanceKlass java/lang/management/DefaultPlatformMBeanProvider$1
instanceKlass  @bci org/h2/mvstore/FileStore getChunksFromLayoutMap (Lorg/h2/mvstore/MVMap;)Ljava/lang/Iterable; 2 <appendix> member <vmtarget> ; # org/h2/mvstore/FileStore$$Lambda+0x000076c0f01de460
instanceKlass java/util/concurrent/Callable
instanceKlass com/sun/management/internal/PlatformMBeanProviderImpl$5
instanceKlass org/h2/util/MemoryEstimator
instanceKlass sun/management/VMManagementImpl
instanceKlass sun/management/VMManagement
instanceKlass sun/management/ManagementFactoryHelper
instanceKlass sun/management/NotificationEmitterSupport
instanceKlass javax/management/NotificationEmitter
instanceKlass javax/management/NotificationBroadcaster
instanceKlass com/sun/management/DiagnosticCommandMBean
instanceKlass javax/management/DynamicMBean
instanceKlass com/sun/management/internal/PlatformMBeanProviderImpl$4
instanceKlass com/sun/management/internal/PlatformMBeanProviderImpl$3
instanceKlass com/sun/management/internal/PlatformMBeanProviderImpl$2
instanceKlass  @bci java/util/stream/Collectors castingIdentity ()Ljava/util/function/Function; 0 <appendix> argL0 ; # java/util/stream/Collectors$$Lambda+0x80000006a
instanceKlass  @bci java/util/stream/Collectors toSet ()Ljava/util/stream/Collector; 14 <appendix> argL0 ; # java/util/stream/Collectors$$Lambda+0x800000068
instanceKlass  @bci java/util/stream/Collectors toSet ()Ljava/util/stream/Collector; 9 <appendix> argL0 ; # java/util/stream/Collectors$$Lambda+0x800000065
instanceKlass  @bci java/util/stream/Collectors toSet ()Ljava/util/stream/Collector; 4 <appendix> argL0 ; # java/util/stream/Collectors$$Lambda+0x80000006d
instanceKlass com/sun/management/internal/PlatformMBeanProviderImpl$1
instanceKlass sun/management/spi/PlatformMBeanProvider$PlatformComponent
instanceKlass  @bci java/util/Comparator comparing (Ljava/util/function/Function;)Ljava/util/Comparator; 6 <appendix> member <vmtarget> ; # java/util/Comparator$$Lambda+0x000076c0f0178f10
instanceKlass  @bci com/sun/management/internal/PlatformMBeanProviderImpl <clinit> ()V 8 <appendix> argL0 ; # com/sun/management/internal/PlatformMBeanProviderImpl$$Lambda+0x000076c0f01791e0
instanceKlass sun/management/spi/PlatformMBeanProvider
instanceKlass  @bci java/lang/invoke/BootstrapMethodInvoker invoke (Ljava/lang/Class;Ljava/lang/invoke/MethodHandle;Ljava/lang/String;Ljava/lang/Object;Ljava/lang/Object;Ljava/lang/Class;)Ljava/lang/Object; 462 <adapter> ; # java/lang/invoke/LambdaForm$MH+0x000076c0f01dc000
instanceKlass java/lang/management/ManagementFactory$PlatformMBeanFinder$1
instanceKlass java/lang/management/ManagementFactory$PlatformMBeanFinder
instanceKlass java/lang/management/RuntimeMXBean
instanceKlass java/lang/management/PlatformManagedObject
instanceKlass  @bci sun/font/SunFontManager fontVersionComparator (Ljava/lang/String;Ljava/lang/String;)I 14 <appendix> argL0 ; # sun/font/SunFontManager$$Lambda+0x000076c0f0177f20
instanceKlass  @bci java/lang/management/ManagementFactory loadNativeLib ()V 0 <appendix> argL0 ; # java/lang/management/ManagementFactory$$Lambda+0x000076c0f0177cd0
instanceKlass java/lang/management/ManagementFactory
instanceKlass  @bci com/intellij/openapi/util/BuildNumber <clinit> ()V 4 <appendix> argL0 ; # com/intellij/openapi/util/BuildNumber$$Lambda+0x000076c0f01dbc90
instanceKlass com/intellij/util/ObjectUtils$Sentinel
instanceKlass com/intellij/util/ObjectUtils
instanceKlass com/intellij/util/concurrency/SynchronizedClearableLazy$Companion
instanceKlass com/intellij/util/concurrency/SynchronizedClearableLazy
instanceKlass com/intellij/openapi/util/BuildNumber
instanceKlass java/time/LocalTime$1
instanceKlass java/time/format/DateTimeFormatterBuilder$2
instanceKlass java/time/LocalDate$1
instanceKlass java/time/ZonedDateTime$1
instanceKlass java/time/temporal/TemporalQueries$7
instanceKlass java/time/temporal/TemporalQueries$6
instanceKlass java/time/temporal/TemporalQueries$5
instanceKlass java/time/temporal/TemporalQueries$4
instanceKlass java/time/temporal/TemporalQueries$3
instanceKlass java/time/temporal/TemporalQueries$2
instanceKlass java/time/temporal/TemporalQueries$1
instanceKlass java/time/temporal/TemporalQueries
instanceKlass java/time/format/DateTimePrintContext
instanceKlass  @bci java/time/format/DateTimeFormatter <clinit> ()V 1075 <appendix> argL0 ; # java/time/format/DateTimeFormatter$$Lambda+0x800000038
instanceKlass  @bci java/time/format/DateTimeFormatter <clinit> ()V 1067 <appendix> argL0 ; # java/time/format/DateTimeFormatter$$Lambda+0x800000037
instanceKlass java/time/Period
instanceKlass java/time/chrono/ChronoPeriod
instanceKlass java/time/format/DateTimeFormatterBuilder$TextPrinterParser
instanceKlass java/time/format/DateTimeTextProvider$1
instanceKlass java/time/format/DateTimeTextProvider
instanceKlass java/time/format/DateTimeTextProvider$LocaleStore
instanceKlass java/time/format/DateTimeFormatterBuilder$InstantPrinterParser
instanceKlass java/time/format/DateTimeFormatterBuilder$StringLiteralPrinterParser
instanceKlass java/time/format/DateTimeFormatterBuilder$ZoneIdPrinterParser
instanceKlass java/time/format/DateTimeFormatterBuilder$OffsetIdPrinterParser
instanceKlass java/time/format/DecimalStyle
instanceKlass java/time/format/DateTimeFormatterBuilder$CompositePrinterParser
instanceKlass java/time/format/DateTimeFormatterBuilder$CharLiteralPrinterParser
instanceKlass java/time/format/DateTimeFormatterBuilder$NumberPrinterParser
instanceKlass java/time/format/DateTimeFormatterBuilder$DateTimePrinterParser
instanceKlass java/time/temporal/JulianFields
instanceKlass java/time/temporal/IsoFields
instanceKlass  @bci java/time/format/DateTimeFormatterBuilder <clinit> ()V 0 <appendix> argL0 ; # java/time/format/DateTimeFormatterBuilder$$Lambda+0x800000039
instanceKlass java/time/temporal/TemporalQuery
instanceKlass java/time/format/DateTimeFormatterBuilder
instanceKlass java/time/format/DateTimeFormatter
instanceKlass com/sun/jna/Native$2
instanceKlass com/sun/jna/Structure$FFIType$FFITypes
instanceKlass com/sun/jna/Native$ffi_callback
instanceKlass com/sun/jna/JNIEnv
instanceKlass com/sun/jna/PointerType
instanceKlass com/sun/jna/NativeMapped
instanceKlass com/sun/jna/WString
instanceKlass com/sun/jna/CallbackProxy
instanceKlass com/sun/jna/Callback
instanceKlass com/sun/jna/Structure$ByValue
instanceKlass java/io/RandomAccessFile$1
instanceKlass sun/nio/cs/ArrayDecoder
instanceKlass java/util/stream/ReduceOps$AccumulatingSink
instanceKlass java/util/stream/ReduceOps$Box
instanceKlass java/util/stream/ReduceOps$ReduceOp
instanceKlass java/util/stream/ReduceOps
instanceKlass com/sun/jna/FromNativeConverter
instanceKlass  @bci java/util/stream/Collectors joining (Ljava/lang/CharSequence;Ljava/lang/CharSequence;Ljava/lang/CharSequence;)Ljava/util/stream/Collector; 22 <appendix> argL0 ; # java/util/stream/Collectors$$Lambda+0x80000006b
instanceKlass com/sun/jna/ToNativeConverter
instanceKlass  @bci java/util/stream/Collectors joining (Ljava/lang/CharSequence;Ljava/lang/CharSequence;Ljava/lang/CharSequence;)Ljava/util/stream/Collector; 17 <appendix> argL0 ; # java/util/stream/Collectors$$Lambda+0x800000069
instanceKlass java/util/function/BinaryOperator
instanceKlass com/sun/jna/ToNativeContext
instanceKlass  @bci java/util/stream/Collectors joining (Ljava/lang/CharSequence;Ljava/lang/CharSequence;Ljava/lang/CharSequence;)Ljava/util/stream/Collector; 12 <appendix> argL0 ; # java/util/stream/Collectors$$Lambda+0x800000066
instanceKlass  @bci java/util/stream/Collectors joining (Ljava/lang/CharSequence;Ljava/lang/CharSequence;Ljava/lang/CharSequence;)Ljava/util/stream/Collector; 7 <appendix> member <vmtarget> ; # java/util/stream/Collectors$$Lambda+0x80000006e
instanceKlass java/util/StringJoiner
instanceKlass java/util/stream/Collector
instanceKlass com/sun/jna/Structure
instanceKlass java/util/stream/Collectors
instanceKlass  @bci sun/font/TrueTypeFont parseVersion (Ljava/lang/String;)Ljava/lang/String; 55 <appendix> argL0 ; # sun/font/TrueTypeFont$$Lambda+0x000076c0f0176298
instanceKlass  @bci sun/font/TrueTypeFont parseVersion (Ljava/lang/String;)Ljava/lang/String; 45 <appendix> argL0 ; # sun/font/TrueTypeFont$$Lambda+0x000076c0f0176028
instanceKlass  @bci sun/font/TrueTypeFont parseVersion (Ljava/lang/String;)Ljava/lang/String; 35 <appendix> argL0 ; # sun/font/TrueTypeFont$$Lambda+0x000076c0f0175da8
instanceKlass java/util/Spliterators$ArraySpliterator
instanceKlass  @bci java/util/regex/CharPredicates ctype (I)Ljava/util/regex/Pattern$CharPredicate; 1 <appendix> member <vmtarget> ; # java/util/regex/CharPredicates$$Lambda+0x000076c0f0175ae8
instanceKlass  @bci org/h2/mvstore/RandomAccessStore readStoreHeader (Z)V 263 <appendix> argL0 ; # org/h2/mvstore/RandomAccessStore$$Lambda+0x000076c0f01d7a88
instanceKlass com/sun/jna/Pointer
instanceKlass sun/font/TrueTypeFont$DirectoryEntry
instanceKlass com/jetbrains/Y/F
instanceKlass jdk/internal/loader/NativeLibraries$Unloader
instanceKlass java/io/IoOverNioOsSpecific
instanceKlass org/h2/mvstore/RootReference
instanceKlass sun/font/TrueTypeFont$1
instanceKlass sun/font/TrueTypeFont$TTDisposerRecord
instanceKlass org/h2/mvstore/Page$PageReference
instanceKlass java/util/UUID
instanceKlass com/sun/jna/Native$5
instanceKlass org/h2/mvstore/Page
instanceKlass org/h2/mvstore/type/BasicDataType
instanceKlass com/sun/jna/Platform
instanceKlass com/sun/jna/Native$1
instanceKlass org/h2/mvstore/MVMap$DecisionMaker
instanceKlass com/sun/jna/Callback$UncaughtExceptionHandler
instanceKlass java/lang/reflect/InvocationHandler
instanceKlass sun/nio/ch/FileKey
instanceKlass sun/nio/ch/FileLockTable
instanceKlass  @bci com/intellij/platform/ide/bootstrap/ConfigKt$importConfigIfNeeded$2 invokeSuspend (Ljava/lang/Object;)Ljava/lang/Object; 81 <adapter> ; # java/lang/invoke/LambdaForm$MH+0x000076c0f01d2400
instanceKlass com/sun/jna/FromNativeContext
instanceKlass java/nio/channels/FileLock
# instanceKlass java/lang/invoke/LambdaForm$DMH+0x000076c0f01d2000
instanceKlass org/h2/util/MathUtils
instanceKlass  @bci com/intellij/platform/ide/bootstrap/ConfigKt$importConfigIfNeeded$2 invokeSuspend (Ljava/lang/Object;)Ljava/lang/Object; 81 <appendix> form vmentry <vmtarget> ; # java/lang/invoke/LambdaForm$MH+0x000076c0f01d1c00
instanceKlass com/intellij/ide/Y/v
# instanceKlass java/lang/invoke/LambdaForm$MH+0x000076c0f01d1800
instanceKlass com/sun/jna/Native
instanceKlass java/util/Date
instanceKlass java/text/FieldPosition
instanceKlass  @bci com/intellij/platform/ide/bootstrap/ConfigKt$importConfigIfNeeded$2 invokeSuspend (Ljava/lang/Object;)Ljava/lang/Object; 81 <appendix> form names 8 function resolvedHandle form vmentry <vmtarget> ; # java/lang/invoke/LambdaForm$DMH+0x000076c0f01d1400
instanceKlass sun/util/locale/LanguageTag
instanceKlass com/sun/jna/Version
instanceKlass  @bci com/intellij/platform/ide/bootstrap/ConfigKt$importConfigIfNeeded$2 invokeSuspend (Ljava/lang/Object;)Ljava/lang/Object; 81 <appendix> argL3 form vmentry <vmtarget> ; # java/lang/invoke/LambdaForm$MH+0x000076c0f01d1000
instanceKlass sun/util/locale/provider/LocaleResources
instanceKlass java/io/ObjectOutput
instanceKlass java/io/ObjectStreamConstants
instanceKlass java/io/ObjectInput
instanceKlass sun/util/locale/LocaleExtensions
# instanceKlass java/lang/invoke/LambdaForm$MH+0x000076c0f01d0c00
# instanceKlass java/lang/invoke/LambdaForm$MH+0x000076c0f01d0800
instanceKlass com/intellij/jna/JnaLoader
# instanceKlass java/lang/invoke/LambdaForm$MH+0x000076c0f01d0400
# instanceKlass java/lang/invoke/LambdaForm$MH+0x000076c0f01d0000
instanceKlass  @bci com/intellij/platform/ide/bootstrap/ConfigKt$importConfigIfNeeded$2 invokeSuspend (Ljava/lang/Object;)Ljava/lang/Object; 81 <appendix> form names 12 function resolvedHandle form vmentry <vmtarget> ; # java/lang/invoke/LambdaForm$DMH+0x000076c0f01c9c00
instanceKlass org/h2/engine/SysProperties
instanceKlass  @bci com/intellij/platform/ide/bootstrap/ConfigKt$importConfigIfNeeded$2 invokeSuspend (Ljava/lang/Object;)Ljava/lang/Object; 81 <appendix> argL1 form vmentry <vmtarget> ; # java/lang/invoke/LambdaForm$MH+0x000076c0f01c9800
# instanceKlass java/lang/invoke/LambdaForm$MH+0x000076c0f01c9400
instanceKlass java/text/Format
# instanceKlass java/lang/invoke/LambdaForm$MH+0x000076c0f01c9000
# instanceKlass java/lang/invoke/LambdaForm$MH+0x000076c0f01c8c00
instanceKlass kotlinx/coroutines/channels/ReceiveCatching
instanceKlass org/h2/util/IOUtils
instanceKlass  @bci com/intellij/platform/ide/bootstrap/OutputStreamLogger <init> (Ljava/lang/String;Ljava/io/PrintStream;)V 25 <appendix> argL0 ; # com/intellij/platform/ide/bootstrap/OutputStreamLogger$$Lambda+0x000076c0f01ca250
instanceKlass  @bci com/intellij/platform/ide/bootstrap/OutputStreamLogger <clinit> ()V 0 <appendix> argL0 ; # com/intellij/platform/ide/bootstrap/OutputStreamLogger$$Lambda+0x000076c0f01ca000
instanceKlass org/h2/store/fs/FileUtils
instanceKlass  @bci com/intellij/platform/ide/bootstrap/StartupUtil$setupLogger$1$1 invokeSuspend (Ljava/lang/Object;)Ljava/lang/Object; 78 <appendix> member <vmtarget> ; # com/intellij/platform/ide/bootstrap/StartupUtil$setupLogger$1$1$$Lambda+0x000076c0f01cef50
instanceKlass kotlinx/coroutines/internal/LimitedDispatcher$Worker
instanceKlass  @bci com/intellij/ide/Y/k/R <init> (Lcom/intellij/ide/Y/r/f;JB)V 167 <appendix> argL0 ; # com/intellij/ide/Y/k/R$$Lambda+0x000076c0f01ce3e8
instanceKlass com/intellij/F/Y/L
instanceKlass  @bci com/intellij/ide/Y/q F (JLjava/lang/String;)Ljava/util/concurrent/Executor; 49 <appendix> member <vmtarget> ; # com/intellij/ide/Y/q$$Lambda+0x000076c0f01cd960
instanceKlass com/intellij/openapi/diagnostic/AsyncLog
instanceKlass com/intellij/openapi/diagnostic/AsyncLogKt
instanceKlass org/h2/store/fs/FilePath
instanceKlass com/intellij/openapi/diagnostic/LogEvent
instanceKlass com/intellij/openapi/diagnostic/LogQueueItem
instanceKlass  @bci com/intellij/idea/IdeaLogger <clinit> ()V 20 <appendix> argL0 ; # com/intellij/idea/IdeaLogger$$Lambda+0x000076c0f01cc4f0
instanceKlass org/h2/util/Utils
instanceKlass  @bci sun/management/spi/PlatformMBeanProvider$PlatformComponent getMBeans (Ljava/lang/Class;)Ljava/util/List; 47 <bsm> form vmentry <vmtarget> ; # java/lang/invoke/LambdaForm$DMH+0x000076c0f01c8800
instanceKlass java/util/BitSet
instanceKlass com/intellij/ide/Y/q
instanceKlass org/h2/mvstore/FreeSpaceBitSet
instanceKlass org/h2/mvstore/cache/CacheLongKeyLIRS$Entry
instanceKlass org/h2/mvstore/cache/CacheLongKeyLIRS$Segment
instanceKlass org/h2/mvstore/cache/CacheLongKeyLIRS
instanceKlass org/h2/mvstore/cache/CacheLongKeyLIRS$Config
instanceKlass com/intellij/F/z/F/Y
instanceKlass  @bci com/intellij/idea/LoggerFactory <init> ()V 93 <appendix> argL0 ; # com/intellij/idea/LoggerFactory$$Lambda+0x000076c0f01c5f00
instanceKlass java/net/InetSocketAddress$InetSocketAddressHolder
instanceKlass  @bci com/intellij/openapi/diagnostic/JulLogger delayCleanerUntilIdeShutdownActivitiesFinished ()Z 100 <appendix> member <vmtarget> ; # com/intellij/openapi/diagnostic/JulLogger$$Lambda+0x000076c0f01c5078
# instanceKlass java/lang/invoke/LambdaForm$MH+0x000076c0f01c8400
instanceKlass com/intellij/F/f/F/L
instanceKlass org/h2/mvstore/Chunk
# instanceKlass java/lang/invoke/LambdaForm$MH+0x000076c0f01c8000
instanceKlass java/net/DatagramSocket
instanceKlass com/intellij/F/f/E
instanceKlass com/intellij/F/f/F/Y
instanceKlass org/h2/mvstore/DataUtils
instanceKlass org/h2/mvstore/MVStore$TxCounter
instanceKlass com/intellij/F/f/F/E
instanceKlass  @bci com/intellij/ide/Y/k/R <init> (Lcom/intellij/ide/Y/r/f;JB)V 128 <appendix> member <vmtarget> ; # com/intellij/ide/Y/k/R$$Lambda+0x000076c0f01c08d8
instanceKlass org/h2/mvstore/FileStore
instanceKlass com/intellij/idea/LoggerFactory
instanceKlass com/intellij/F/Q/f
instanceKlass com/intellij/F/f/L
instanceKlass com/intellij/F/L/f
instanceKlass org/h2/compress/Compressor
instanceKlass org/h2/mvstore/type/DataType
instanceKlass com/intellij/F/L/F/Y
instanceKlass com/intellij/F/Y/f
instanceKlass org/h2/mvstore/MVMap$MapBuilder
instanceKlass com/intellij/F/f/J
instanceKlass org/h2/mvstore/MVStore
instanceKlass com/intellij/F/E/SimpleFactory
instanceKlass com/intellij/F/E/Log
instanceKlass com/intellij/ide/Y/k/Ft
instanceKlass org/h2/mvstore/MVStore$Builder
instanceKlass com/intellij/util/io/mvstore/StoreErrorHandler
instanceKlass com/intellij/util/io/mvstore/MvStoreHelperKt
instanceKlass com/intellij/openapi/diagnostic/LoggerKt
instanceKlass com/intellij/util/messages/Topic
instanceKlass com/intellij/ide/plugins/DynamicPluginListener$Companion
instanceKlass com/intellij/ide/Y/k/Y9
instanceKlass com/intellij/ide/plugins/DynamicPluginListener
instanceKlass kotlinx/coroutines/internal/ThreadSafeHeap
instanceKlass kotlinx/coroutines/EventLoopImplBase$DelayedTask
instanceKlass kotlinx/coroutines/internal/ThreadSafeHeapNode
instanceKlass kotlinx/coroutines/DelayKt
instanceKlass  @bci com/intellij/ide/Y/k/R <init> (Lcom/intellij/ide/Y/r/f;JB)V 80 <appendix> member <vmtarget> ; # com/intellij/ide/Y/k/R$$Lambda+0x000076c0f01b87f0
instanceKlass kotlinx/coroutines/TimeoutKt
# instanceKlass java/lang/invoke/LambdaForm$MH+0x000076c0f01bcc00
# instanceKlass java/lang/invoke/LambdaForm$MH+0x000076c0f01bc800
instanceKlass java/awt/image/Raster
# instanceKlass java/lang/invoke/LambdaForm$MH+0x000076c0f01bc400
# instanceKlass java/lang/invoke/LambdaForm$DMH+0x000076c0f01bc000
instanceKlass java/awt/image/DataBuffer$1
instanceKlass sun/awt/image/SunWritableRaster$DataStealer
instanceKlass java/awt/image/DataBuffer
instanceKlass com/intellij/ui/svg/SvgCacheManagerKt
instanceKlass com/intellij/ui/svg/SvgCacheManager$Companion
instanceKlass com/intellij/ui/svg/SvgCacheManager
instanceKlass com/intellij/openapi/project/DumbAware
instanceKlass  @bci com/intellij/platform/ide/bootstrap/StartupUtil lockSystemDirs (Ljava/util/List;)V 56 <appendix> member <vmtarget> ; # com/intellij/platform/ide/bootstrap/StartupUtil$$Lambda+0x000076c0f01b2000
instanceKlass com/intellij/openapi/actionSystem/AnAction
instanceKlass  @bci com/intellij/openapi/util/ShutDownTracker <init> ()V 37 <appendix> member <vmtarget> ; # com/intellij/openapi/util/ShutDownTracker$$Lambda+0x000076c0f01b7a90
instanceKlass com/intellij/openapi/actionSystem/ActionUpdateThreadAware
instanceKlass com/intellij/openapi/project/PossiblyDumbAware
instanceKlass com/intellij/openapi/util/ShutDownTracker$ShutDownTrackerHolder
instanceKlass com/intellij/openapi/util/ShutDownTracker
instanceKlass com/intellij/ide/Y/k/u
instanceKlass  @bci com/intellij/platform/ide/bootstrap/DirectoryLock tryListen ()Lcom/intellij/ide/CliResult; 274 <appendix> member <vmtarget> ; # com/intellij/platform/ide/bootstrap/DirectoryLock$$Lambda+0x000076c0f01b6a90
instanceKlass com/intellij/ide/Y/E/Y
instanceKlass com/intellij/ide/Y/E/F
instanceKlass com/intellij/ide/Y/r/f
instanceKlass jdk/net/ExtendedSocketOptions$2
instanceKlass jdk/net/ExtendedSocketOptions$PlatformSocketOptions
instanceKlass jdk/net/ExtendedSocketOptions$ExtSocketOption
instanceKlass java/net/SocketOption
instanceKlass jdk/net/ExtendedSocketOptions
instanceKlass sun/net/ext/ExtendedSocketOptions
instanceKlass java/net/Inet6Address$Inet6AddressHolder
instanceKlass java/net/InetAddress$PlatformResolver
instanceKlass java/net/spi/InetAddressResolver
instanceKlass java/net/spi/InetAddressResolver$LookupPolicy
instanceKlass java/net/Inet4AddressImpl
instanceKlass java/net/Inet6AddressImpl
instanceKlass java/net/InetAddressImpl
instanceKlass java/util/concurrent/ConcurrentSkipListMap$Node
instanceKlass java/util/concurrent/ConcurrentSkipListMap$Index
instanceKlass java/util/concurrent/ConcurrentNavigableMap
instanceKlass java/util/NavigableSet
instanceKlass java/net/InetAddress$InetAddressHolder
instanceKlass java/net/InetAddress$1
instanceKlass jdk/internal/access/JavaNetInetAddressAccess
instanceKlass java/net/InetAddress
instanceKlass sun/nio/ch/Net$1
instanceKlass sun/nio/ch/Net
# instanceKlass java/lang/invoke/LambdaForm$MH+0x000076c0f01b1400
# instanceKlass java/lang/invoke/LambdaForm$MH+0x000076c0f01b1000
instanceKlass com/intellij/ide/Y/n
instanceKlass com/intellij/ide/Y/M/d
instanceKlass com/intellij/ide/Y/e
instanceKlass com/intellij/ide/Y/M/U
instanceKlass javax/accessibility/Accessible
instanceKlass java/util/stream/Sink$ChainedInt
instanceKlass java/util/stream/Sink$OfInt
instanceKlass java/util/function/IntConsumer
instanceKlass java/util/stream/Node$Builder
instanceKlass java/util/stream/AbstractSpinedBuffer
instanceKlass java/util/stream/Node$OfDouble
instanceKlass java/util/stream/Node$OfLong
instanceKlass java/util/stream/Node$OfInt
instanceKlass java/util/stream/Node$OfPrimitive
instanceKlass java/util/stream/Nodes$EmptyNode
instanceKlass java/util/stream/Node
instanceKlass java/util/stream/Nodes
instanceKlass  @bci java/util/stream/ReferencePipeline toArray ()[Ljava/lang/Object; 1 <appendix> argL0 ; # java/util/stream/ReferencePipeline$$Lambda+0x800000078
instanceKlass java/util/ImmutableCollections$Access$1
instanceKlass jdk/internal/access/JavaUtilCollectionAccess
instanceKlass java/util/ImmutableCollections$Access
instanceKlass  @bci com/intellij/platform/ide/bootstrap/DirectoryLock lockOrActivate (Ljava/nio/file/Path;Ljava/util/List;)Lcom/intellij/ide/CliResult; 384 <appendix> member <vmtarget> ; # com/intellij/platform/ide/bootstrap/DirectoryLock$$Lambda+0x000076c0f01b50a0
instanceKlass  @cpi com/intellij/platform/ide/bootstrap/DirectoryLock 1004 form vmentry <vmtarget> ; # java/lang/invoke/LambdaForm$DMH+0x000076c0f01b0c00
instanceKlass  @bci java/lang/ProcessHandleImpl children (J)Ljava/util/stream/Stream; 82 <appendix> member <vmtarget> ; # java/lang/ProcessHandleImpl$$Lambda+0x000076c0f016e218
instanceKlass com/intellij/F/Y/Y
instanceKlass java/util/stream/Streams$RangeIntSpliterator
instanceKlass java/util/stream/IntStream
instanceKlass java/util/EventListenerProxy
instanceKlass java/util/IdentityHashMap$IdentityHashMapIterator
instanceKlass com/intellij/ide/Y/k/Y8
instanceKlass java/awt/Toolkit$DesktopPropertyChangeSupport$1
instanceKlass sun/awt/XSettings$Update
instanceKlass com/intellij/ide/Y/r/F
instanceKlass sun/awt/X11/XMSelection$3
instanceKlass  @bci org/h2/mvstore/DataUtils formatMessage (ILjava/lang/String;[Ljava/lang/Object;)Ljava/lang/String; 90 <appendix> form vmentry <vmtarget> ; # java/lang/invoke/LambdaForm$MH+0x000076c0f01b0800
instanceKlass com/intellij/F/f/Q
instanceKlass com/intellij/F/f/f
instanceKlass com/intellij/F/z/Y
# instanceKlass java/lang/invoke/LambdaForm$MH+0x000076c0f01b0400
instanceKlass com/intellij/F/E/F
instanceKlass  @bci org/h2/mvstore/DataUtils formatMessage (ILjava/lang/String;[Ljava/lang/Object;)Ljava/lang/String; 90 <appendix> argL3 form vmentry <vmtarget> ; # java/lang/invoke/LambdaForm$MH+0x000076c0f01b0000
# instanceKlass java/lang/invoke/LambdaForm$MH+0x000076c0f01afc00
# instanceKlass java/lang/invoke/LambdaForm$MH+0x000076c0f01af800
# instanceKlass java/lang/invoke/LambdaForm$MH+0x000076c0f01af400
# instanceKlass java/lang/invoke/LambdaForm$MH+0x000076c0f01af000
instanceKlass  @bci org/h2/mvstore/DataUtils formatMessage (ILjava/lang/String;[Ljava/lang/Object;)Ljava/lang/String; 90 <appendix> argL1 form vmentry <vmtarget> ; # java/lang/invoke/LambdaForm$MH+0x000076c0f01aec00
# instanceKlass java/lang/invoke/LambdaForm$MH+0x000076c0f01ae800
instanceKlass sun/font/SunFontManager$2
# instanceKlass java/lang/invoke/LambdaForm$MH+0x000076c0f01ae400
# instanceKlass java/lang/invoke/LambdaForm$MH+0x000076c0f01ae000
instanceKlass  @bci java/io/IoOverNioFileSystem list0 (Ljava/io/File;)[Ljava/lang/String; 163 <appendix> argL0 ; # java/io/IoOverNioFileSystem$$Lambda+0x000076c0f016d1a8
instanceKlass com/intellij/F/Q/Y
instanceKlass sun/awt/X11/XMSelection$1
instanceKlass com/intellij/ide/Y/U
instanceKlass com/intellij/ide/Y/M/Fb
instanceKlass sun/awt/X11/XMSelection
instanceKlass java/io/IoOverNioFileSystem$AcceptAllFilter
instanceKlass  @bci sun/font/SunFontManager initJREFontMap ()V 11 <appendix> member <vmtarget> ; # sun/font/SunFontManager$$Lambda+0x000076c0f016c3c0
instanceKlass sun/awt/XSettings
instanceKlass sun/awt/X11/XMSelectionListener
instanceKlass  @bci sun/awt/X11/XToolkit initializeDesktopProperties ()V 124 <appendix> argL0 ; # sun/awt/X11/XToolkit$$Lambda+0x000076c0f016ba58
instanceKlass  @bci sun/font/SunFontManager JREFontsDirExists (Ljava/lang/String;)Z 1 <appendix> member <vmtarget> ; # sun/font/SunFontManager$$Lambda+0x000076c0f016b800
instanceKlass com/intellij/ide/Y/j
instanceKlass com/intellij/ide/Y/k/YD
instanceKlass com/intellij/ide/Y/h
instanceKlass java/awt/dnd/DragSource
instanceKlass com/intellij/ide/Y/M/FM
instanceKlass sun/font/GlyphRenderData
instanceKlass java/awt/TrayIcon
instanceKlass sun/font/GlyphList
instanceKlass java/awt/MenuComponent
instanceKlass java/awt/EventQueue$4
instanceKlass sun/font/StrikeCache$1
instanceKlass sun/awt/dnd/SunDragSourceContextPeer
instanceKlass java/awt/dnd/peer/DragSourceContextPeer
instanceKlass sun/font/StrikeCache
instanceKlass sun/font/FontStrike
instanceKlass sun/awt/EventQueueItem
instanceKlass java/awt/Component
instanceKlass sun/font/CharToGlyphMapper
instanceKlass java/awt/MenuContainer
instanceKlass java/awt/image/ImageObserver
instanceKlass sun/font/StrikeMetrics
instanceKlass java/awt/geom/Point2D
instanceKlass java/awt/ModalEventFilter
instanceKlass java/awt/EventDispatchThread$HierarchyEventFilter
instanceKlass java/awt/EventFilter
instanceKlass java/awt/EventDispatchThread$1
instanceKlass java/awt/Conditional
instanceKlass java/awt/RenderingHints
instanceKlass  @bci sun/awt/AWTThreading getInstance (Ljava/lang/Thread;)Lsun/awt/AWTThreading; 23 <appendix> member <vmtarget> ; # sun/awt/AWTThreading$$Lambda+0x000076c0f01631f8
instanceKlass  @bci com/intellij/platform/ide/bootstrap/UiKt$scheduleUpdateFrameClassAndWindowIconAndPreloadSystemFonts$1$1 invokeSuspend (Ljava/lang/Object;)Ljava/lang/Object; 112 <adapter> ; # java/lang/invoke/LambdaForm$MH+0x000076c0f01adc00
# instanceKlass java/lang/invoke/LambdaForm$MH+0x000076c0f01ad800
instanceKlass java/awt/font/FontRenderContext
instanceKlass  @bci sun/awt/AWTThreading <clinit> ()V 39 <appendix> argL0 ; # sun/awt/AWTThreading$$Lambda+0x000076c0f0162930
# instanceKlass java/lang/invoke/LambdaForm$DMH+0x000076c0f01ad400
# instanceKlass java/lang/invoke/LambdaForm$MH+0x000076c0f01ad000
instanceKlass  @bci sun/awt/AWTThreading <clinit> ()V 27 <appendix> argL0 ; # sun/awt/AWTThreading$$Lambda+0x000076c0f01626e0
# instanceKlass java/lang/invoke/LambdaForm$BMH+0x000076c0f01acc00
instanceKlass  @cpi sun/awt/AWTThreading 593 form vmentry <vmtarget> ; # java/lang/invoke/LambdaForm$DMH+0x000076c0f01ac800
instanceKlass sun/font/Font2D
# instanceKlass java/lang/invoke/LambdaForm$DMH+0x000076c0f01ac400
instanceKlass sun/awt/AWTThreading
instanceKlass com/intellij/ide/plugins/PluginManagerCore
instanceKlass java/awt/EventQueue$6
instanceKlass sun/font/SunFontManager$1
instanceKlass java/awt/event/InvocationEvent$1
instanceKlass sun/font/SunFontManager$T1Filter
instanceKlass sun/awt/AWTAccessor$InvocationEventAccessor
instanceKlass sun/font/SunFontManager$TTFilter
instanceKlass java/io/FilenameFilter
instanceKlass java/awt/AWTEvent$1
instanceKlass sun/awt/AWTAccessor$AWTEventAccessor
instanceKlass sun/font/Font2DHandle
instanceKlass java/util/EventObject
instanceKlass java/awt/ActiveEvent
instanceKlass sun/awt/PostEventQueue
instanceKlass sun/awt/MostRecentKeyValue
instanceKlass sun/font/SunFontManager
instanceKlass java/awt/Queue
instanceKlass sun/font/FontManagerForSGE
instanceKlass sun/font/FontManager
instanceKlass com/intellij/ui/AppUIUtil
instanceKlass sun/awt/AppContext$1
instanceKlass sun/java2d/FontSupport
instanceKlass sun/awt/AppContext$2
instanceKlass sun/awt/AppContext$3
instanceKlass sun/awt/AppContext$6
instanceKlass jdk/internal/access/JavaAWTAccess
instanceKlass sun/awt/AppContext$GetAppContextLock
# instanceKlass java/lang/invoke/LambdaForm$MH+0x000076c0f01ac000
instanceKlass com/intellij/ui/AppUIUtilKt$WhenMappings
instanceKlass sun/awt/AppContext
instanceKlass com/intellij/ui/AppUIUtilKt
instanceKlass java/awt/EventQueue$3
instanceKlass java/awt/EventQueue$2
instanceKlass sun/awt/AWTAccessor$EventQueueAccessor
instanceKlass java/awt/EventQueue$1
instanceKlass java/awt/EventQueue
instanceKlass sun/font/PlatformFontInfo
instanceKlass sun/font/FontManagerFactory
instanceKlass com/intellij/util/ui/StartupUiUtil
instanceKlass  @bci sun/awt/AWTAutoShutdown activateBlockerThread ()V 1 <appendix> member <vmtarget> ; # sun/awt/AWTAutoShutdown$$Lambda+0x000076c0f015ae70
instanceKlass sun/awt/AWTAutoShutdown
instanceKlass java/lang/invoke/DirectMethodHandle$1
# instanceKlass java/lang/invoke/LambdaForm$MH+0x000076c0f01a7400
instanceKlass  @bci sun/awt/X11/XToolkit <init> ()V 161 <appendix> member <vmtarget> ; # sun/awt/X11/XToolkit$$Lambda+0x000076c0f015a600
# instanceKlass java/lang/invoke/LambdaForm$MH+0x000076c0f01a7000
instanceKlass java/util/LinkedList$Node
# instanceKlass java/lang/invoke/LambdaForm$MH+0x000076c0f01a6c00
instanceKlass sun/awt/X11/XAtomList
# instanceKlass java/lang/invoke/LambdaForm$MH+0x000076c0f01a6800
# instanceKlass java/lang/invoke/LambdaForm$MH+0x000076c0f01a6400
instanceKlass sun/awt/X11/XPropertyCache
instanceKlass java/util/concurrent/ConcurrentLinkedDeque$Node
instanceKlass  @bci sun/java2d/Disposer <clinit> ()V 104 <appendix> argL0 ; # sun/java2d/Disposer$$Lambda+0x000076c0f0159bd8
instanceKlass sun/java2d/Disposer$1
instanceKlass sun/java2d/Disposer
instanceKlass sun/awt/X11/UnsafeXDisposerRecord
instanceKlass sun/java2d/DisposerRecord
instanceKlass sun/awt/X11/WindowPropertyGetter
instanceKlass com/intellij/ide/Y/k/h
instanceKlass sun/awt/X11/XProtocol
instanceKlass sun/awt/X11/XLayerProtocol
instanceKlass sun/awt/X11/XStateProtocol
instanceKlass com/intellij/ide/Y/i
instanceKlass  @bci sun/awt/X11/XWM isNoWM ()Z 55 <appendix> form vmentry <vmtarget> ; # java/lang/invoke/LambdaForm$MH+0x000076c0f01a6000
instanceKlass  @cpi com/intellij/ide/Y/v 10 form vmentry <vmtarget> ; # java/lang/invoke/LambdaForm$DMH+0x000076c0f01a5c00
instanceKlass  @bci sun/awt/X11/XWM isNoWM ()Z 55 <appendix> argL3 form vmentry <vmtarget> ; # java/lang/invoke/LambdaForm$MH+0x000076c0f01a5800
# instanceKlass java/lang/invoke/LambdaForm$MH+0x000076c0f01a5400
instanceKlass  @bci com/intellij/ide/Y/v <clinit> ()V 361 <bsm> form vmentry <vmtarget> ; # java/lang/invoke/LambdaForm$DMH+0x000076c0f01a5000
# instanceKlass java/lang/invoke/LambdaForm$MH+0x000076c0f01a4c00
# instanceKlass java/lang/invoke/LambdaForm$MH+0x000076c0f01a4800
instanceKlass sun/awt/X11/XErrorHandler
instanceKlass java/awt/Insets
instanceKlass sun/awt/X11/XAtom
instanceKlass sun/awt/X11/XWM
instanceKlass sun/awt/util/ThreadGroupUtils
instanceKlass  @bci sun/awt/X11/XToolkit lambda$init$2 ()Ljava/lang/Void; 1 <appendix> member <vmtarget> ; # sun/awt/X11/XToolkit$$Lambda+0x000076c0f0156ea0
instanceKlass  @bci sun/awt/X11/XToolkit init ()V 77 <appendix> member <vmtarget> ; # sun/awt/X11/XToolkit$$Lambda+0x000076c0f0156c48
instanceKlass com/intellij/idea/MainImplKt
instanceKlass  @bci sun/awt/X11/XToolkit init ()V 43 <appendix> argL0 ; # sun/awt/X11/XToolkit$$Lambda+0x000076c0f01569f8
instanceKlass  @bci sun/awt/X11/XToolkit <init> ()V 139 <appendix> argL0 ; # sun/awt/X11/XToolkit$$Lambda+0x000076c0f01567a8
instanceKlass sun/awt/X11/XToolkit$Tracer
instanceKlass sun/font/FontConfigManager$FontConfigInfo
instanceKlass sun/font/FontConfigManager
instanceKlass sun/awt/SunToolkit$ModalityListenerList
instanceKlass sun/awt/ModalityListener
instanceKlass sun/awt/X11/XToolkit$2
instanceKlass sun/awt/X11/XEventDispatcher
instanceKlass sun/awt/X11/XToolkit$1
instanceKlass sun/awt/X11/Native$1
instanceKlass sun/awt/X11/Native
instanceKlass sun/awt/X11/XWrapperBase
instanceKlass java/util/WeakHashMap$HashIterator
instanceKlass  @bci sun/awt/SunDisplayChanger notifyListeners ()V 21 <appendix> argL0 ; # sun/awt/SunDisplayChanger$$Lambda+0x000076c0f0154648
instanceKlass  @cpi sun/awt/SunDisplayChanger 173 form vmentry <vmtarget> ; # java/lang/invoke/LambdaForm$DMH+0x000076c0f01a4400
instanceKlass F/S/dp
# instanceKlass java/lang/invoke/LambdaForm$MH+0x000076c0f01a4000
instanceKlass  @bci com/intellij/ide/Y/v <clinit> ()V 361 <adapter> ; # java/lang/invoke/LambdaForm$MH+0x000076c0f01a3c00
# instanceKlass java/lang/invoke/LambdaForm$DMH+0x000076c0f01a3800
# instanceKlass java/lang/invoke/LambdaForm$MH+0x000076c0f01a3400
# instanceKlass java/lang/invoke/LambdaForm$MH+0x000076c0f01a3000
# instanceKlass java/lang/invoke/LambdaForm$MH+0x000076c0f01a2c00
# instanceKlass java/lang/invoke/LambdaForm$MH+0x000076c0f01a2800
# instanceKlass java/lang/invoke/LambdaForm$MH+0x000076c0f01a2400
# instanceKlass java/lang/invoke/LambdaForm$MH+0x000076c0f01a2000
# instanceKlass java/lang/invoke/LambdaForm$MH+0x000076c0f01a1c00
instanceKlass fleet/kernel/OnCompleteKey
instanceKlass fleet/kernel/SubscriptionEvent$Next
# instanceKlass java/lang/invoke/LambdaForm$MH+0x000076c0f01a1800
# instanceKlass java/lang/invoke/LambdaForm$MH+0x000076c0f01a1400
instanceKlass fleet/kernel/TransactorEvent$SequentialChange
instanceKlass fleet/kernel/SlowChangeReporterKernelKey
instanceKlass fleet/kernel/KernelMetaKey
# instanceKlass java/lang/invoke/LambdaForm$MH+0x000076c0f01a1000
instanceKlass kotlin/time/DurationJvmKt
# instanceKlass java/lang/invoke/LambdaForm$MH+0x000076c0f01a0c00
# instanceKlass java/lang/invoke/LambdaForm$MH+0x000076c0f01a0800
# instanceKlass java/lang/invoke/LambdaForm$MH+0x000076c0f01a0400
instanceKlass  @bci java/lang/invoke/BootstrapMethodInvoker invoke (Ljava/lang/Class;Ljava/lang/invoke/MethodHandle;Ljava/lang/String;Ljava/lang/Object;Ljava/lang/Object;Ljava/lang/Class;)Ljava/lang/Object; 111 <adapter> ; # java/lang/invoke/LambdaForm$MH+0x000076c0f01a0000
instanceKlass kotlin/time/Duration$Companion
instanceKlass kotlinx/coroutines/channels/BufferedChannel$BufferedChannelIterator
instanceKlass kotlinx/coroutines/channels/ChannelIterator
instanceKlass kotlin/time/Duration
instanceKlass kotlinx/coroutines/flow/ThrowingCollector
instanceKlass kotlinx/coroutines/flow/FlowKt__EmittersKt
instanceKlass kotlin/time/DurationUnitKt__DurationUnitJvmKt
instanceKlass kotlin/time/DurationKt
instanceKlass kotlinx/coroutines/flow/internal/SendingCollector
instanceKlass kotlin/time/LongSaturatedMathKt
instanceKlass kotlin/time/TimedValue
instanceKlass fleet/kernel/rete/impl/PosponedVarsKt$postponedVars$1
instanceKlass fleet/kernel/rete/impl/PosponedVars
instanceKlass fleet/kernel/rete/impl/PosponedVarsKt$postponedVars$$inlined$compareBy$1
instanceKlass fleet/util/PriorityQueue
instanceKlass fleet/kernel/rete/impl/PosponedVarsKt
instanceKlass fleet/fastutil/longs/Long2ObjectOpenHashMap
instanceKlass fleet/fastutil/longs/MutableLongMap
instanceKlass  @bci fleet/kernel/rete/ReteKt$withRete$2$1$1$3$reteEntity$1 invoke (Lcom/jetbrains/rhizomedb/ChangeScope;)Lfleet/kernel/rete/ReteEntity; 30 <appendix> member <vmtarget> ; # fleet/kernel/rete/ReteKt$withRete$2$1$1$3$reteEntity$1$$Lambda+0x000076c0f0190c70
instanceKlass fleet/fastutil/longs/LongMap
instanceKlass  @cpi fleet/kernel/rete/ReteKt$withRete$2$1$1$3$reteEntity$1 53 form vmentry <vmtarget> ; # java/lang/invoke/LambdaForm$DMH+0x000076c0f0190400
instanceKlass fleet/kernel/rete/impl/PatternIndex
instanceKlass fleet/kernel/rete/impl/SubscriptionsIndex
instanceKlass sun/security/util/ArrayUtil
instanceKlass fleet/kernel/rete/impl/ReteNetworkImpl
instanceKlass java/util/AbstractList$Itr
instanceKlass sun/security/jca/JCAUtil
instanceKlass javax/crypto/spec/IvParameterSpec
instanceKlass  @bci com/sun/crypto/provider/DESKey <init> ([BI)V 65 <appendix> member <vmtarget> ; # com/sun/crypto/provider/DESKey$$Lambda+0x000076c0f0153d78
instanceKlass fleet/kernel/rete/ReteNetwork$Companion
instanceKlass fleet/kernel/rete/ReteNetwork
instanceKlass javax/crypto/KeyGeneratorSpi
instanceKlass com/sun/crypto/provider/DESKey
instanceKlass javax/crypto/SecretKey
instanceKlass javax/security/auth/Destroyable
instanceKlass javax/crypto/spec/DESKeySpec
instanceKlass javax/crypto/SecretKeyFactorySpi
instanceKlass javax/crypto/SecretKeyFactory
instanceKlass kotlinx/coroutines/channels/ProducerScope
instanceKlass com/sun/crypto/provider/PKCS5Padding
instanceKlass com/sun/crypto/provider/Padding
instanceKlass com/sun/crypto/provider/FeedbackCipher
instanceKlass kotlinx/coroutines/channels/Channel$Factory
instanceKlass com/sun/crypto/provider/DESConstants
instanceKlass com/sun/crypto/provider/SymmetricCipher
instanceKlass com/sun/crypto/provider/CipherCore
instanceKlass kotlinx/coroutines/channels/ProduceKt
instanceKlass javax/crypto/CipherSpi
instanceKlass javax/crypto/ProviderVerifier
instanceKlass fleet/kernel/rete/ReteEntity
instanceKlass java/lang/Class$Holder
instanceKlass javax/crypto/JceSecurity$3
instanceKlass javax/crypto/JceSecurity$2
instanceKlass fleet/kernel/SpanChangeKey
instanceKlass kotlinx/coroutines/flow/internal/ChannelFlowKt
instanceKlass fleet/kernel/DeferredChangeKey
instanceKlass fleet/util/async/FlowExtKt
instanceKlass java/net/spi/URLStreamHandlerProvider
instanceKlass java/net/URL$1
instanceKlass java/net/URL$2
instanceKlass jdk/internal/misc/ThreadTracker
instanceKlass java/net/URL$ThreadTrackHolder
instanceKlass kotlin/time/TimeSource$Monotonic$ValueTimeMark
instanceKlass kotlin/time/MonotonicTimeSource
instanceKlass kotlin/time/ComparableTimeMark
instanceKlass kotlinx/coroutines/flow/internal/ChannelFlow
instanceKlass kotlin/time/TimeMark
instanceKlass kotlin/time/TimeSource$Monotonic
instanceKlass java/util/Vector$Itr
instanceKlass kotlin/time/TimeSource$WithComparableMarks
instanceKlass kotlin/time/TimeSource
instanceKlass javax/crypto/CryptoPolicyParser$CryptoPermissionEntry
instanceKlass kotlinx/coroutines/flow/FlowKt__ChannelsKt
instanceKlass javax/crypto/CryptoPolicyParser$GrantEntry
instanceKlass kotlinx/coroutines/channels/ChannelResult$Failed
instanceKlass java/io/StreamTokenizer
instanceKlass javax/crypto/CryptoPolicyParser
instanceKlass kotlinx/coroutines/channels/ChannelResult$Companion
instanceKlass kotlinx/coroutines/channels/ChannelResult
instanceKlass java/nio/file/Files$1
instanceKlass sun/nio/fs/UnixFileSystem$3
instanceKlass java/nio/file/PathMatcher
instanceKlass sun/nio/fs/Globs
instanceKlass javax/crypto/JceSecurity$1
instanceKlass kotlinx/coroutines/CancellableContinuationImplKt
instanceKlass javax/crypto/JceSecurity
instanceKlass  @bci kotlinx/coroutines/channels/BufferedChannel onUndeliveredElementReceiveCancellationConstructor$lambda$57$lambda$56 (Lkotlinx/coroutines/channels/BufferedChannel;Lkotlinx/coroutines/selects/SelectInstance;Ljava/lang/Object;Ljava/lang/Object;)Lkotlin/jvm/functions/Function3; 3 <appendix> member <vmtarget> ; # kotlinx/coroutines/channels/BufferedChannel$$Lambda+0x000076c0f018fc50
instanceKlass fleet/kernel/ChangeTask
instanceKlass fleet/kernel/rete/Rete$Companion
instanceKlass fleet/kernel/rete/Rete
instanceKlass fleet/kernel/rete/ReteDbSource
instanceKlass  @bci sun/security/ssl/SunJSSE registerAlgorithms ()V 1 <appendix> member <vmtarget> ; # sun/security/ssl/SunJSSE$$Lambda+0x80000009f
instanceKlass kotlinx/coroutines/flow/MutableStateFlow
instanceKlass kotlinx/coroutines/flow/StateFlowKt
instanceKlass fleet/kernel/rete/ReteState$Db
instanceKlass fleet/kernel/rete/ReteState
instanceKlass kotlinx/coroutines/flow/internal/SafeCollectorKt
instanceKlass  @bci kotlinx/coroutines/flow/internal/SafeCollector_commonKt checkContext (Lkotlinx/coroutines/flow/internal/SafeCollector;Lkotlin/coroutines/CoroutineContext;)V 6 <appendix> member <vmtarget> ; # kotlinx/coroutines/flow/internal/SafeCollector_commonKt$$Lambda+0x000076c0f018c280
instanceKlass  @cpi kotlinx/coroutines/flow/internal/SafeCollector_commonKt 23 form vmentry <vmtarget> ; # java/lang/invoke/LambdaForm$DMH+0x000076c0f0190000
instanceKlass kotlinx/coroutines/flow/internal/SafeCollector_commonKt
instanceKlass fleet/kernel/SubscriptionEvent$First
instanceKlass fleet/kernel/SubscriptionEvent
instanceKlass kotlinx/coroutines/flow/internal/NullSurrogateKt
instanceKlass kotlinx/coroutines/flow/SharedFlowImpl$Emitter
instanceKlass kotlinx/coroutines/flow/SubscribedFlowCollector
instanceKlass kotlinx/coroutines/flow/internal/AbstractSharedFlowSlot
instanceKlass fleet/kernel/TransactorKt$withTransactor$2$transactor$1$log$1$invokeSuspend$$inlined$fold$1
instanceKlass  @bci kotlinx/coroutines/flow/internal/SafeCollector <init> (Lkotlinx/coroutines/flow/FlowCollector;Lkotlin/coroutines/CoroutineContext;)V 35 <appendix> argL0 ; # kotlinx/coroutines/flow/internal/SafeCollector$$Lambda+0x000076c0f018a1c0
instanceKlass kotlinx/coroutines/flow/internal/NoOpContinuation
instanceKlass fleet/kernel/TransactorKt$subscribe$2$job$1$1
instanceKlass fleet/kernel/rete/ReteKt$withRete$2$1
instanceKlass fleet/kernel/Subscriber
instanceKlass fleet/kernel/DbSourceKt
instanceKlass java/security/spec/ECFieldF2m
instanceKlass kotlinx/coroutines/CopyableThrowable
instanceKlass java/util/concurrent/ForkJoinPool$2
instanceKlass jdk/internal/access/JavaUtilConcurrentFJPAccess
instanceKlass java/util/concurrent/ForkJoinPool$DefaultForkJoinWorkerThreadFactory
instanceKlass java/util/concurrent/ForkJoinTask
instanceKlass java/util/concurrent/ForkJoinPool$WorkQueue
instanceKlass java/util/concurrent/CountDownLatch
instanceKlass fleet/kernel/ChangeInterceptor$Companion
instanceKlass fleet/kernel/ChangeInterceptor
instanceKlass kotlinx/coroutines/internal/ConcurrentLinkedListKt
instanceKlass fleet/kernel/rete/ReteKt
instanceKlass kotlinx/coroutines/selects/SelectImplementation$ClauseData
instanceKlass kotlinx/coroutines/selects/SelectClause1Impl
instanceKlass kotlinx/coroutines/selects/SelectClause1
instanceKlass kotlinx/coroutines/selects/SelectClause
instanceKlass fleet/kernel/rete/ContextMatches$Companion
instanceKlass kotlinx/coroutines/selects/SelectKt$DUMMY_PROCESS_RESULT_FUNCTION$1
instanceKlass fleet/kernel/rete/ContextMatches
instanceKlass kotlinx/coroutines/selects/SelectKt
instanceKlass sun/security/util/ObjectIdentifier
instanceKlass sun/security/util/ByteArrayTagOrder
instanceKlass kotlinx/coroutines/selects/SelectImplementation
instanceKlass sun/security/util/ByteArrayLexOrder
instanceKlass sun/security/util/DerEncoder
instanceKlass java/security/spec/ECParameterSpec
instanceKlass java/security/spec/ECPoint
instanceKlass kotlinx/coroutines/selects/SelectInstanceInternal
instanceKlass java/security/spec/EllipticCurve
instanceKlass java/security/spec/ECFieldFp
instanceKlass java/security/spec/ECField
instanceKlass fleet/kernel/Transactor$DefaultImpls
instanceKlass kotlinx/coroutines/selects/SelectBuilder
instanceKlass sun/security/util/CurveDB
instanceKlass sun/security/ec/SunEC$1
instanceKlass fleet/kernel/FlowDbSource
instanceKlass fleet/kernel/DbSource
instanceKlass fleet/kernel/DbSource$ContextElement$Companion
instanceKlass fleet/kernel/DbSource$ContextElement
instanceKlass kotlin/jvm/internal/Ref$LongRef
instanceKlass com/sun/security/sasl/gsskerb/JdkSASL$1
instanceKlass fleet/util/async/JobExtKt
instanceKlass fleet/util/channels/ChannelExtKt
instanceKlass  @bci sun/security/jgss/SunProvider <init> ()V 15 <appendix> member <vmtarget> ; # sun/security/jgss/SunProvider$$Lambda+0x000076c0f013ec18
instanceKlass fleet/multiplatform/shims/SingleThreadCoroutineDispatcher_jvmKt$newSingleThreadCoroutineDispatcherJvm$1$WhenMappings
instanceKlass kotlin/coroutines/ContinuationKt
instanceKlass java/util/concurrent/ScheduledExecutorService
instanceKlass org/jcp/xml/dsig/internal/dom/XMLDSigRI$2
instanceKlass org/jcp/xml/dsig/internal/dom/XMLDSigRI$1
instanceKlass kotlinx/coroutines/ExecutorsKt
instanceKlass  @bci java/util/concurrent/Executors$AutoShutdownDelegatedExecutorService <init> (Ljava/util/concurrent/ExecutorService;)V 6 <appendix> member <vmtarget> ; # java/util/concurrent/Executors$AutoShutdownDelegatedExecutorService$$Lambda+0x000076c0f0153280
instanceKlass java/util/concurrent/LinkedBlockingQueue$Node
instanceKlass java/util/concurrent/Executors$DelegatedExecutorService
instanceKlass  @bci fleet/multiplatform/shims/SingleThreadCoroutineDispatcher_jvmKt$newSingleThreadCoroutineDispatcherJvm$1 use (Lkotlin/jvm/functions/Function3;Lkotlin/coroutines/Continuation;)Ljava/lang/Object; 101 <appendix> member <vmtarget> ; # fleet/multiplatform/shims/SingleThreadCoroutineDispatcher_jvmKt$newSingleThreadCoroutineDispatcherJvm$1$$Lambda+0x000076c0f013a860
instanceKlass  @bci sun/security/pkcs11/SunPKCS11 register (Lsun/security/pkcs11/SunPKCS11$Descriptor;)V 27 <appendix> argL0 ; # sun/security/pkcs11/SunPKCS11$$Lambda+0x000076c0f013d4e0
instanceKlass fleet/multiplatform/shims/SingleThreadCoroutineDispatcher_jvmKt$newSingleThreadCoroutineDispatcherJvm$1
instanceKlass fleet/multiplatform/shims/HighPriorityCoroutineDispatcherResource
instanceKlass sun/security/pkcs11/SunPKCS11$Descriptor
instanceKlass fleet/multiplatform/shims/SingleThreadCoroutineDispatcher_jvmKt
instanceKlass fleet/multiplatform/shims/SingleThreadCoroutineDispatcherKt
instanceKlass javax/security/auth/callback/CallbackHandler
instanceKlass javax/security/auth/Subject
instanceKlass kotlinx/coroutines/flow/internal/FlowValueWrapperInternalKt
instanceKlass kotlinx/coroutines/flow/internal/AbstractSharedFlowKt
instanceKlass fleet/kernel/TransactorEvent$Init
instanceKlass fleet/kernel/TransactorEvent
instanceKlass kotlinx/coroutines/flow/AbstractFlow
instanceKlass kotlinx/coroutines/flow/FlowKt__BuildersKt
instanceKlass kotlinx/coroutines/flow/FlowKt
instanceKlass sun/security/smartcardio/SunPCSC$1
instanceKlass java/util/zip/Inflater$InflaterZStreamRef
instanceKlass java/util/zip/Inflater
instanceKlass jdk/internal/jimage/decompressor/ZipDecompressor
instanceKlass jdk/internal/jimage/decompressor/ResourceDecompressor
instanceKlass jdk/internal/jimage/decompressor/ResourceDecompressorFactory
instanceKlass jdk/internal/jimage/decompressor/ResourceDecompressorRepository
instanceKlass fleet/kernel/Transactor$Companion
instanceKlass jdk/internal/jimage/decompressor/CompressedResourceHeader
instanceKlass  @bci jdk/internal/jimage/BasicImageReader getResourceBuffer (Ljdk/internal/jimage/ImageLocation;)Ljava/nio/ByteBuffer; 168 <appendix> member <vmtarget> ; # jdk/internal/jimage/BasicImageReader$$Lambda+0x000076c0f0153028
instanceKlass jdk/internal/jimage/decompressor/ResourceDecompressor$StringsProvider
instanceKlass fleet/kernel/TransactorKt$withTransactor$2$transactor$1
instanceKlass java/util/TimSort
instanceKlass java/util/AbstractMap$SimpleEntry
instanceKlass fleet/kernel/Transactor
instanceKlass jdk/internal/jimage/ImageBufferCache$2
instanceKlass jdk/internal/jimage/ImageBufferCache
instanceKlass jdk/internal/module/ModulePatcher$PatchedModuleReader
instanceKlass sun/security/jca/ProviderConfig$ProviderLoader
instanceKlass sun/security/jca/ProviderConfig$3
instanceKlass fleet/kernel/TransactorKt$withTransactor$2$dbState$1
instanceKlass kotlinx/coroutines/flow/StateFlow
instanceKlass sun/security/rsa/SunRsaSignEntries
instanceKlass sun/security/jca/ProviderList$ServiceList$1
instanceKlass sun/security/jca/ServiceId
instanceKlass javax/crypto/Cipher$Transform
instanceKlass javax/crypto/Cipher
instanceKlass kotlinx/coroutines/flow/internal/AbstractSharedFlow
instanceKlass kotlinx/coroutines/flow/internal/FusibleFlow
instanceKlass kotlinx/coroutines/flow/CancellableFlow
instanceKlass kotlinx/coroutines/flow/MutableSharedFlow
instanceKlass kotlinx/coroutines/flow/FlowCollector
instanceKlass kotlinx/coroutines/flow/SharedFlow
instanceKlass kotlinx/coroutines/flow/Flow
instanceKlass kotlinx/coroutines/flow/SharedFlowKt
instanceKlass  @bci kotlinx/coroutines/channels/BufferedChannel <init> (ILkotlin/jvm/functions/Function1;)V 159 <appendix> member <vmtarget> ; # kotlinx/coroutines/channels/BufferedChannel$$Lambda+0x000076c0f0135528
instanceKlass kotlinx/coroutines/selects/SelectInstance
instanceKlass kotlinx/coroutines/internal/ConcurrentLinkedListNode
instanceKlass kotlinx/coroutines/channels/BufferedChannelKt
instanceKlass kotlinx/coroutines/channels/BufferedChannel
instanceKlass kotlinx/coroutines/channels/Channel
instanceKlass kotlinx/coroutines/channels/ReceiveChannel
instanceKlass kotlinx/coroutines/channels/SendChannel
instanceKlass kotlinx/coroutines/channels/ChannelKt
instanceKlass fleet/kernel/rebase/WorkspaceClockEntity
instanceKlass fleet/kernel/rebase/RemoteKernelConnectionEntity
instanceKlass fleet/kernel/rebase/OfferContributorEntity
instanceKlass kotlin/collections/builders/MapBuilder$EntryRef
instanceKlass kotlin/collections/builders/MapBuilder$Itr
instanceKlass kotlin/jvm/internal/SpreadBuilder
instanceKlass fleet/kernel/SharedRetractionRelation
instanceKlass fleet/kernel/RetractionRelation
instanceKlass fleet/kernel/ChangeScopeExtKt
instanceKlass com/jetbrains/rhizomedb/EntityAttributeKt
instanceKlass com/jetbrains/rhizomedb/EntityTypeKt$buildAttributes$1$1$1
instanceKlass fleet/fastutil/ints/IntOpenHashSet$Companion
instanceKlass fleet/fastutil/ints/IntOpenHashSet
instanceKlass fleet/fastutil/ints/MutableIntSet
instanceKlass fleet/fastutil/ints/IntSet
instanceKlass  @bci fleet/kernel/TransactorKt$withTransactor$2$initialDb$2$1$1$1$1 invoke (Lcom/jetbrains/rhizomedb/ChangeScope;)Lfleet/kernel/DbTimestamp; 22 <appendix> argL0 ; # fleet/kernel/TransactorKt$withTransactor$2$initialDb$2$1$1$1$1$$Lambda+0x000076c0f012e038
instanceKlass com/jetbrains/rhizomedb/EntityBuilder$Target
instanceKlass com/jetbrains/rhizomedb/EntityBuilder
instanceKlass fleet/kernel/rebase/SharedBlock
instanceKlass fleet/fastutil/ints/IntEntry
instanceKlass fleet/kernel/rebase/InstructionsRecordingKt$instructionsRecording$1$SharedInstructionWithEffects
instanceKlass kotlinx/serialization/internal/LongSerializer
instanceKlass kotlin/jvm/internal/LongCompanionObject
instanceKlass com/jetbrains/rhizomedb/EntityTypeKt
instanceKlass java/util/concurrent/atomic/AtomicLongArray
instanceKlass java/util/concurrent/atomic/AtomicIntegerArray
instanceKlass kotlin/reflect/jvm/internal/impl/name/SpecialNames
instanceKlass kotlin/reflect/jvm/internal/impl/builtins/CompanionObjectMapping
instanceKlass kotlin/reflect/jvm/internal/impl/name/FqNamesUtilKt
instanceKlass kotlin/reflect/jvm/internal/impl/utils/CollectionsKt
instanceKlass kotlin/reflect/jvm/internal/impl/builtins/PrimitiveType$Companion
instanceKlass kotlin/reflect/jvm/internal/impl/builtins/PrimitiveType$$Lambda$1
instanceKlass kotlin/reflect/jvm/internal/impl/builtins/PrimitiveType$$Lambda$0
instanceKlass kotlin/reflect/jvm/internal/impl/builtins/StandardNames$FqNames
instanceKlass kotlin/reflect/jvm/internal/impl/builtins/jvm/JavaToKotlinClassMap$PlatformMutabilityMapping
instanceKlass kotlin/reflect/jvm/internal/impl/name/StandardClassIdsKt
instanceKlass kotlin/reflect/jvm/internal/impl/name/StandardClassIds
instanceKlass kotlin/reflect/jvm/internal/impl/builtins/StandardNames
instanceKlass kotlin/reflect/jvm/internal/impl/builtins/functions/FunctionTypeKind
instanceKlass kotlin/reflect/jvm/internal/impl/builtins/jvm/JavaToKotlinClassMap
instanceKlass jdk/internal/misc/PreviewFeatures
instanceKlass kotlin/jvm/functions/Function22
instanceKlass kotlin/jvm/functions/Function21
instanceKlass kotlin/jvm/functions/Function20
instanceKlass kotlin/jvm/functions/Function19
instanceKlass kotlin/jvm/functions/Function18
instanceKlass kotlin/jvm/functions/Function17
instanceKlass kotlin/jvm/functions/Function16
instanceKlass kotlin/jvm/functions/Function15
instanceKlass kotlin/jvm/functions/Function14
instanceKlass kotlin/jvm/functions/Function13
instanceKlass kotlin/jvm/functions/Function12
instanceKlass kotlin/jvm/functions/Function11
instanceKlass kotlin/jvm/functions/Function10
instanceKlass kotlin/jvm/functions/Function9
instanceKlass kotlin/jvm/functions/Function8
instanceKlass kotlin/jvm/functions/Function7
instanceKlass kotlin/jvm/functions/Function6
instanceKlass kotlin/jvm/functions/Function5
instanceKlass kotlin/jvm/functions/Function4
instanceKlass kotlin/reflect/jvm/internal/impl/descriptors/runtime/structure/ReflectClassUtilKt
instanceKlass kotlin/reflect/jvm/internal/RuntimeTypeMapper
instanceKlass kotlin/reflect/jvm/internal/KClassImpl$Data$$Lambda$18
instanceKlass kotlin/reflect/jvm/internal/KClassImpl$Data$$Lambda$17
instanceKlass kotlin/reflect/jvm/internal/KClassImpl$Data$$Lambda$16
instanceKlass kotlin/reflect/jvm/internal/KClassImpl$Data$$Lambda$15
instanceKlass kotlin/reflect/jvm/internal/KClassImpl$Data$$Lambda$14
instanceKlass kotlin/reflect/jvm/internal/KClassImpl$Data$$Lambda$13
instanceKlass kotlin/reflect/jvm/internal/KClassImpl$Data$$Lambda$12
instanceKlass kotlin/reflect/jvm/internal/KClassImpl$Data$$Lambda$11
instanceKlass kotlin/reflect/jvm/internal/KClassImpl$Data$$Lambda$10
instanceKlass kotlin/reflect/jvm/internal/KClassImpl$Data$$Lambda$9
instanceKlass kotlin/reflect/jvm/internal/KClassImpl$Data$$Lambda$8
instanceKlass kotlin/reflect/jvm/internal/KClassImpl$Data$$Lambda$7
instanceKlass kotlin/reflect/jvm/internal/KClassImpl$Data$$Lambda$6
instanceKlass kotlin/reflect/jvm/internal/KClassImpl$Data$$Lambda$5
instanceKlass kotlin/reflect/jvm/internal/KClassImpl$Data$$Lambda$4
instanceKlass kotlin/reflect/jvm/internal/KClassImpl$Data$$Lambda$3
instanceKlass kotlin/reflect/jvm/internal/KClassImpl$Data$$Lambda$2
instanceKlass kotlin/reflect/jvm/internal/KClassImpl$Data$$Lambda$1
instanceKlass kotlin/reflect/jvm/internal/KClassImpl$Data$$Lambda$0
instanceKlass kotlin/reflect/jvm/internal/KDeclarationContainerImpl$Data$$Lambda$0
instanceKlass kotlin/reflect/jvm/internal/KProperty1Impl$$Lambda$1
instanceKlass kotlin/reflect/jvm/internal/KProperty1Impl$$Lambda$0
instanceKlass kotlin/reflect/jvm/internal/KPropertyImpl$$Lambda$1
instanceKlass kotlin/reflect/jvm/internal/KPropertyImpl$$Lambda$0
instanceKlass kotlin/reflect/jvm/internal/KCallableImpl$$Lambda$6
instanceKlass kotlin/reflect/jvm/internal/KCallableImpl$$Lambda$5
instanceKlass kotlin/reflect/jvm/internal/KCallableImpl$$Lambda$4
instanceKlass kotlin/reflect/jvm/internal/KCallableImpl$$Lambda$3
instanceKlass kotlin/reflect/jvm/internal/KCallableImpl$$Lambda$2
instanceKlass kotlin/reflect/jvm/internal/KCallableImpl$$Lambda$1
instanceKlass kotlin/reflect/jvm/internal/ReflectProperties$Val$1
instanceKlass kotlin/reflect/jvm/internal/ReflectProperties$Val
instanceKlass kotlin/reflect/jvm/internal/ReflectProperties
instanceKlass kotlin/reflect/jvm/internal/KCallableImpl$$Lambda$0
instanceKlass kotlin/reflect/jvm/internal/KPropertyImpl$Companion
instanceKlass kotlin/reflect/jvm/internal/KCallableImpl
instanceKlass kotlin/reflect/KProperty$Getter
instanceKlass kotlin/reflect/KProperty$Accessor
instanceKlass kotlin/reflect/jvm/internal/KDeclarationContainerImpl$Data
instanceKlass fleet/kernel/DbTimestamp
instanceKlass com/jetbrains/rhizomedb/DBUtilKt$withDefaultPart$1$1
instanceKlass fleet/kernel/rebase/SafetyNetKt
instanceKlass fleet/kernel/rebase/InstructionsRecordingKt$instructionsRecording$1$1
instanceKlass fleet/kernel/rebase/InstructionsRecordingKt
instanceKlass fleet/kernel/StorageKey$$serializer
instanceKlass fleet/kernel/StorageKey$Companion
instanceKlass fleet/kernel/StorageKey
instanceKlass  @bci fleet/kernel/Durable <clinit> ()V 24 <appendix> argL0 ; # fleet/kernel/Durable$$Lambda+0x000076c0f011c620
instanceKlass com/jetbrains/rhizomedb/DefaultValue
instanceKlass fleet/util/serialization/DataSerializer
instanceKlass fleet/kernel/DurableEntityKt
instanceKlass fleet/kernel/rebase/LeaderTransactorMiddleware$performChange$1$1
instanceKlass fleet/kernel/Shared$Companion
instanceKlass fleet/kernel/Shared
instanceKlass fleet/kernel/SharedChangeScope
instanceKlass fleet/util/openmap/PersistentBoundedOpenMap
instanceKlass fleet/util/openmap/BoundedOpenMap$Companion
instanceKlass com/jetbrains/rhizomedb/Change
instanceKlass kotlin/collections/ArrayAsCollection
instanceKlass kotlinx/collections/immutable/implementations/immutableSet/TrieNodeIterator
instanceKlass kotlinx/collections/immutable/implementations/immutableSet/PersistentHashSetIterator
instanceKlass kotlinx/collections/immutable/implementations/immutableSet/TrieNodeKt
instanceKlass kotlinx/collections/immutable/PersistentSet$Builder
instanceKlass kotlinx/collections/immutable/PersistentCollection$Builder
instanceKlass kotlinx/collections/immutable/implementations/immutableSet/TrieNode$Companion
instanceKlass kotlinx/collections/immutable/implementations/immutableSet/TrieNode
instanceKlass kotlinx/collections/immutable/implementations/immutableSet/PersistentHashSet$Companion
instanceKlass kotlin/collections/AbstractSet$Companion
instanceKlass kotlinx/collections/immutable/PersistentSet
instanceKlass kotlinx/collections/immutable/PersistentCollection
instanceKlass kotlinx/collections/immutable/ImmutableSet
instanceKlass com/jetbrains/rhizomedb/SetWithEditor
instanceKlass com/jetbrains/rhizomedb/impl/AEVT$RemovalResult
instanceKlass kotlinx/serialization/json/JsonElement
instanceKlass fleet/util/reducible/ReduceDecision$Companion
instanceKlass fleet/util/reducible/ReduceDecision
instanceKlass fleet/fastutil/ints/IntListExtensionsKt
instanceKlass com/intellij/platform/rpc/logger/IjLogger
instanceKlass fleet/util/logging/KLogger
instanceKlass fleet/util/logging/BaseLogger
instanceKlass com/intellij/platform/rpc/logger/IjLoggerFactory
instanceKlass jdk/internal/foreign/MemorySessionImpl
instanceKlass java/lang/foreign/MemorySegment$Scope
instanceKlass fleet/util/logging/KLoggerFactory
instanceKlass fleet/util/logging/KLoggers_jvmKt
instanceKlass fleet/util/logging/KLoggersKt
instanceKlass fleet/util/logging/KLoggers
instanceKlass com/jetbrains/rhizomedb/MapAttribute$Companion
instanceKlass com/jetbrains/rhizomedb/Pattern$Companion
instanceKlass com/jetbrains/rhizomedb/Pattern
instanceKlass com/jetbrains/rhizomedb/Novelty$iterator$1$WhenMappings
instanceKlass kotlinx/collections/immutable/implementations/immutableMap/MapEntry
instanceKlass kotlin/jvm/internal/markers/KMutableMap$Entry
instanceKlass kotlinx/collections/immutable/internal/CommonFunctionsKt
instanceKlass kotlinx/collections/immutable/implementations/immutableMap/PersistentHashMapBaseIterator
instanceKlass kotlinx/collections/immutable/implementations/immutableMap/TrieNodeBaseIterator
instanceKlass kotlinx/collections/immutable/implementations/immutableMap/PersistentHashMapBuilderEntriesIterator
instanceKlass kotlin/jvm/internal/markers/KMutableSet
instanceKlass kotlin/sequences/SequenceScope
instanceKlass kotlin/sequences/SequencesKt__SequenceBuilderKt
instanceKlass com/jetbrains/rhizomedb/impl/MapWithEditor$Companion
instanceKlass com/jetbrains/rhizomedb/impl/MapWithEditor
instanceKlass com/jetbrains/rhizomedb/Versioned
instanceKlass com/intellij/platform/ide/bootstrap/EndUserAgreementStatus$Accepted
instanceKlass com/intellij/platform/ide/bootstrap/EndUserAgreementStatus
instanceKlass com/jetbrains/rhizomedb/impl/IndexKt
instanceKlass fleet/util/MutableMapExtensionsKt
instanceKlass com/jetbrains/rhizomedb/NoveltyKt$WhenMappings
instanceKlass org/w3c/dom/Attr
instanceKlass com/jetbrains/rhizomedb/EAT
instanceKlass com/jetbrains/rhizomedb/NoveltyKt
instanceKlass com/sun/org/apache/xerces/internal/dom/NamedNodeMapImpl
instanceKlass com/jetbrains/rhizomedb/Datom
instanceKlass org/w3c/dom/NamedNodeMap
instanceKlass com/jetbrains/rhizomedb/impl/AEVT$AdditionResult
instanceKlass com/jetbrains/rhizomedb/VersionedEID
instanceKlass fleet/util/radixTrie/RadixTrieKt
instanceKlass com/sun/org/apache/xerces/internal/impl/dtd/models/SimpleContentModel
instanceKlass com/sun/org/apache/xerces/internal/impl/Constants$ArrayEnumeration
instanceKlass com/sun/org/apache/xerces/internal/impl/Constants
instanceKlass fleet/fastutil/ints/Int2ObjectOpenHashMap$MapIterator
instanceKlass kotlin/jvm/internal/Ref$BooleanRef
instanceKlass com/jetbrains/rhizomedb/impl/AEVT$WhenMappings
instanceKlass com/jetbrains/rhizomedb/Expansion
instanceKlass com/jetbrains/rhizomedb/InstructionExpansion
instanceKlass kotlin/collections/builders/ListBuilder$Itr
instanceKlass kotlin/jvm/internal/markers/KMutableListIterator
instanceKlass kotlin/jvm/internal/markers/KMutableIterator
instanceKlass com/sun/xml/internal/stream/StaxXMLInputSource
instanceKlass com/sun/org/apache/xerces/internal/impl/XMLDocumentScannerImpl$DTDDriver
instanceKlass com/jetbrains/rhizomedb/Op
instanceKlass com/sun/org/apache/xerces/internal/impl/dtd/XMLContentSpec
instanceKlass com/sun/org/apache/xerces/internal/impl/dtd/models/ContentModelValidator
instanceKlass kotlin/random/XorWowRandom$Companion
instanceKlass com/sun/org/apache/xerces/internal/impl/dtd/DTDGrammar
instanceKlass com/sun/org/apache/xerces/internal/xni/grammars/Grammar
instanceKlass com/sun/org/apache/xerces/internal/impl/validation/EntityState
instanceKlass kotlin/random/RandomKt
instanceKlass com/jetbrains/rhizomedb/impl/SeedKt
instanceKlass kotlin/TuplesKt
instanceKlass kotlin/collections/builders/ListBuilder$Companion
instanceKlass com/sun/org/apache/xerces/internal/util/URI
instanceKlass kotlin/jvm/internal/markers/KMutableList
instanceKlass kotlin/jvm/internal/markers/KMutableCollection
instanceKlass kotlin/jvm/internal/markers/KMutableIterable
instanceKlass com/sun/org/apache/xerces/internal/dom/DeferredDocumentImpl$RefCount
instanceKlass com/sun/org/apache/xerces/internal/dom/NodeListCache
instanceKlass com/jetbrains/rhizomedb/IndexQuery
instanceKlass org/w3c/dom/TypeInfo
instanceKlass org/w3c/dom/ElementTraversal
instanceKlass org/w3c/dom/Element
instanceKlass org/w3c/dom/DocumentType
instanceKlass com/jetbrains/rhizomedb/impl/EntitiesImplKt
instanceKlass com/jetbrains/rhizomedb/EntityKt
instanceKlass com/sun/org/apache/xerces/internal/dom/NodeImpl
instanceKlass org/w3c/dom/events/EventTarget
instanceKlass org/w3c/dom/NodeList
instanceKlass org/w3c/dom/Document
instanceKlass org/w3c/dom/ranges/DocumentRange
instanceKlass org/w3c/dom/events/DocumentEvent
instanceKlass org/w3c/dom/traversal/DocumentTraversal
instanceKlass com/sun/org/apache/xerces/internal/dom/DeferredNode
instanceKlass org/w3c/dom/Node
instanceKlass com/jetbrains/rhizomedb/Attribute$Companion
instanceKlass com/jetbrains/rhizomedb/Attribute
instanceKlass com/jetbrains/rhizomedb/Schema$WhenMappings
instanceKlass com/jetbrains/rhizomedb/Schema$Companion
instanceKlass com/sun/org/apache/xerces/internal/util/XMLSymbols
instanceKlass com/jetbrains/rhizomedb/Schema
instanceKlass kotlin/InitializedLazyImpl
instanceKlass kotlinx/serialization/descriptors/SerialKind
instanceKlass com/sun/org/apache/xerces/internal/util/XMLChar
instanceKlass kotlinx/serialization/internal/PrimitiveSerialDescriptor
instanceKlass com/sun/xml/internal/stream/Entity
instanceKlass kotlinx/serialization/internal/StringSerializer
instanceKlass com/sun/xml/internal/stream/util/BufferAllocator
instanceKlass com/sun/xml/internal/stream/util/ThreadLocalBufferAllocator
instanceKlass kotlinx/serialization/builtins/BuiltinSerializersKt
instanceKlass com/sun/org/apache/xerces/internal/impl/XMLEntityManager$EncodingInfo
instanceKlass kotlin/jvm/internal/StringCompanionObject
instanceKlass fleet/fastutil/ints/IntArrayList$Companion
instanceKlass com/sun/org/apache/xerces/internal/utils/XMLLimitAnalyzer
instanceKlass fleet/fastutil/ints/IntArrayList
instanceKlass fleet/fastutil/ints/MutableIntList
instanceKlass com/sun/org/apache/xerces/internal/xni/parser/XMLInputSource
instanceKlass org/xml/sax/InputSource
instanceKlass java/awt/GraphicsDevice
instanceKlass java/util/prefs/XmlSupport$EH
instanceKlass kotlin/collections/IntIterator
instanceKlass com/sun/org/apache/xerces/internal/impl/ExternalSubsetResolver
instanceKlass com/sun/org/apache/xerces/internal/util/EntityResolverWrapper
instanceKlass org/xml/sax/ext/EntityResolver2
instanceKlass kotlin/internal/ProgressionUtilKt
instanceKlass java/util/prefs/XmlSupport$Resolver
instanceKlass kotlin/ranges/IntRange$Companion
instanceKlass kotlin/ranges/IntProgression$Companion
instanceKlass com/sun/org/apache/xerces/internal/util/ErrorHandlerWrapper
instanceKlass com/sun/org/apache/xerces/internal/xni/parser/XMLErrorHandler
instanceKlass kotlin/ranges/IntProgression
instanceKlass sun/awt/SunDisplayChanger
instanceKlass kotlin/ranges/OpenEndRange
instanceKlass org/xml/sax/helpers/DefaultHandler
instanceKlass kotlin/ranges/ClosedRange
instanceKlass org/xml/sax/ErrorHandler
instanceKlass org/xml/sax/ContentHandler
instanceKlass org/xml/sax/DTDHandler
instanceKlass sun/java2d/loops/GraphicsPrimitiveMgr$2
instanceKlass org/xml/sax/EntityResolver
instanceKlass fleet/fastutil/ints/IntList$Companion
instanceKlass sun/java2d/loops/GraphicsPrimitiveMgr$1
instanceKlass fleet/fastutil/ints/IntList
instanceKlass com/jetbrains/rhizomedb/APIKt
instanceKlass com/intellij/util/TimeoutUtil
instanceKlass kotlin/concurrent/atomics/AtomicsKt__Atomics_commonKt
instanceKlass  @bci fleet/multiplatform/shims/MultiplatformConcurrentHashMap computeIfAbsent (Ljava/lang/Object;Lkotlin/jvm/functions/Function1;)Ljava/lang/Object; 12 <appendix> member <vmtarget> ; # fleet/multiplatform/shims/MultiplatformConcurrentHashMap$$Lambda+0x000076c0f00efd00
instanceKlass  @bci com/intellij/platform/ide/bootstrap/DirectoryLock lockOrActivate (Ljava/nio/file/Path;Ljava/util/List;)Lcom/intellij/ide/CliResult; 236 <appendix> form vmentry <vmtarget> ; # java/lang/invoke/LambdaForm$MH+0x000076c0f00eb800
instanceKlass sun/java2d/loops/GeneralRenderer
instanceKlass com/sun/org/apache/xerces/internal/util/FeatureState
# instanceKlass java/lang/invoke/LambdaForm$MH+0x000076c0f00eb400
instanceKlass fleet/multiplatform/shims/MultiplatformConcurrentHashMap
instanceKlass com/sun/org/apache/xerces/internal/util/PropertyState
instanceKlass fleet/multiplatform/shims/ConcurrentHashMap
instanceKlass sun/java2d/loops/CustomComponent
instanceKlass com/sun/org/apache/xerces/internal/impl/msg/XMLMessageFormatter
instanceKlass com/sun/org/apache/xerces/internal/util/MessageFormatter
instanceKlass  @bci com/intellij/platform/ide/bootstrap/DirectoryLock lockOrActivate (Ljava/nio/file/Path;Ljava/util/List;)Lcom/intellij/ide/CliResult; 236 <appendix> argL3 form vmentry <vmtarget> ; # java/lang/invoke/LambdaForm$MH+0x000076c0f00eb000
instanceKlass fleet/multiplatform/shims/ConcurrentHashMap_jvmKt
instanceKlass com/sun/org/apache/xerces/internal/impl/XMLVersionDetector
instanceKlass fleet/multiplatform/shims/ConcurrentHashMapKt
instanceKlass com/sun/org/apache/xerces/internal/impl/validation/ValidationManager
# instanceKlass java/lang/invoke/LambdaForm$MH+0x000076c0f00eac00
instanceKlass com/jetbrains/rhizomedb/impl/EidGen$Companion
instanceKlass com/sun/org/apache/xerces/internal/impl/dv/dtd/NMTOKENDatatypeValidator
instanceKlass com/sun/org/apache/xerces/internal/impl/dv/dtd/NOTATIONDatatypeValidator
instanceKlass com/jetbrains/rhizomedb/impl/EidGen
instanceKlass com/sun/org/apache/xerces/internal/impl/dv/dtd/ENTITYDatatypeValidator
instanceKlass com/sun/org/apache/xerces/internal/impl/dv/dtd/ListDatatypeValidator
instanceKlass sun/awt/SunHints$Value
# instanceKlass java/lang/invoke/LambdaForm$MH+0x000076c0f00ea800
instanceKlass com/sun/org/apache/xerces/internal/impl/dv/dtd/IDREFDatatypeValidator
instanceKlass com/sun/org/apache/xerces/internal/impl/dv/dtd/IDDatatypeValidator
instanceKlass com/sun/org/apache/xerces/internal/impl/dv/dtd/StringDatatypeValidator
instanceKlass com/sun/org/apache/xerces/internal/impl/dv/DatatypeValidator
# instanceKlass java/lang/invoke/LambdaForm$MH+0x000076c0f00ea400
instanceKlass com/sun/org/apache/xerces/internal/impl/dv/DTDDVFactory
instanceKlass java/awt/RenderingHints$Key
instanceKlass com/sun/org/apache/xerces/internal/impl/dtd/DTDGrammarBucket
instanceKlass com/sun/org/apache/xerces/internal/impl/dtd/XMLAttributeDecl
# instanceKlass java/lang/invoke/LambdaForm$MH+0x000076c0f00ea000
instanceKlass com/sun/org/apache/xerces/internal/impl/dtd/XMLSimpleType
instanceKlass com/sun/org/apache/xerces/internal/impl/dtd/XMLElementDecl
instanceKlass com/jetbrains/rhizomedb/EntityAttribute
instanceKlass com/jetbrains/rhizomedb/Presentable
instanceKlass com/sun/org/apache/xerces/internal/impl/validation/ValidationState
instanceKlass  @bci com/intellij/platform/ide/bootstrap/DirectoryLock lockOrActivate (Ljava/nio/file/Path;Ljava/util/List;)Lcom/intellij/ide/CliResult; 236 <appendix> argL1 form vmentry <vmtarget> ; # java/lang/invoke/LambdaForm$MH+0x000076c0f00e9c00
instanceKlass com/sun/org/apache/xerces/internal/impl/dv/ValidationContext
# instanceKlass java/lang/invoke/LambdaForm$MH+0x000076c0f00e9800
instanceKlass sun/java2d/pipe/ValidatePipe
instanceKlass kotlin/collections/EmptyIterator
instanceKlass com/sun/org/apache/xerces/internal/impl/dtd/XMLDTDValidator
# instanceKlass java/lang/invoke/LambdaForm$MH+0x000076c0f00e9400
instanceKlass  @bci java/awt/EventQueue <init> ()V 53 <appendix> form vmentry <vmtarget> ; # java/lang/invoke/LambdaForm$MH+0x000076c0f00e9000
instanceKlass com/jetbrains/rhizomedb/AttributesKt
instanceKlass com/sun/org/apache/xerces/internal/impl/RevalidationHandler
instanceKlass com/sun/org/apache/xerces/internal/impl/dtd/XMLDTDValidatorFilter
instanceKlass com/sun/org/apache/xerces/internal/xni/parser/XMLDocumentFilter
# instanceKlass java/lang/invoke/LambdaForm$MH+0x000076c0f00e8c00
instanceKlass kotlin/collections/EmptyList
instanceKlass  @bci java/awt/EventQueue <init> ()V 53 <appendix> argL3 form vmentry <vmtarget> ; # java/lang/invoke/LambdaForm$MH+0x000076c0f00e8800
instanceKlass  @bci com/intellij/platform/ide/bootstrap/DirectoryLock lockOrActivate (Ljava/nio/file/Path;Ljava/util/List;)Lcom/intellij/ide/CliResult; 210 <appendix> argL0 ; # com/intellij/platform/ide/bootstrap/DirectoryLock$$Lambda+0x000076c0f00ec480
# instanceKlass java/lang/invoke/LambdaForm$MH+0x000076c0f00e8400
instanceKlass com/sun/org/apache/xerces/internal/impl/dtd/XMLEntityDecl
instanceKlass com/jetbrains/rhizomedb/Attributes
instanceKlass  @bci com/intellij/platform/ide/bootstrap/DirectoryLock lockOrActivate (Ljava/nio/file/Path;Ljava/util/List;)Lcom/intellij/ide/CliResult; 202 <appendix> argL0 ; # com/intellij/platform/ide/bootstrap/DirectoryLock$$Lambda+0x000076c0f00e1b20
instanceKlass com/sun/org/apache/xerces/internal/impl/dtd/XMLDTDProcessor
instanceKlass com/sun/org/apache/xerces/internal/xni/parser/XMLDTDContentModelFilter
instanceKlass com/sun/org/apache/xerces/internal/xni/parser/XMLDTDFilter
# instanceKlass java/lang/invoke/LambdaForm$MH+0x000076c0f00e8000
instanceKlass com/jetbrains/rhizomedb/Entity
instanceKlass kotlinx/collections/immutable/implementations/immutableMap/TrieNode$ModificationResult
instanceKlass kotlinx/collections/immutable/implementations/immutableMap/TrieNodeKt
# instanceKlass java/lang/invoke/LambdaForm$MH+0x000076c0f00e0c00
instanceKlass com/jetbrains/rhizomedb/MutableNoveltyKey
instanceKlass com/jetbrains/rhizomedb/ChangeScopeKey
instanceKlass fleet/util/openmap/Key
instanceKlass com/sun/org/apache/xerces/internal/xni/parser/XMLDTDScanner
instanceKlass com/sun/org/apache/xerces/internal/xni/parser/XMLDTDContentModelSource
instanceKlass com/sun/org/apache/xerces/internal/xni/parser/XMLDTDSource
instanceKlass com/jetbrains/rhizomedb/ChangeScope$Companion$fromContext$1
instanceKlass sun/awt/util/PerformanceLogger$TimeData
instanceKlass sun/awt/util/PerformanceLogger
instanceKlass com/jetbrains/rhizomedb/ChangeScope$Companion
instanceKlass com/jetbrains/rhizomedb/ChangeScope
instanceKlass com/sun/org/apache/xerces/internal/xni/grammars/XMLDTDDescription
instanceKlass com/sun/org/apache/xerces/internal/xni/grammars/XMLGrammarDescription
instanceKlass com/jetbrains/rhizomedb/ChangeScopeKt
instanceKlass java/awt/font/JavaAWTFontAccessImpl
instanceKlass com/sun/org/apache/xerces/internal/impl/XMLDocumentScannerImpl$TrailingMiscDriver
instanceKlass jdk/internal/access/JavaAWTFontAccess
instanceKlass com/sun/org/apache/xerces/internal/impl/XMLDocumentScannerImpl$PrologDriver
instanceKlass sun/net/util/SocketExceptions
instanceKlass com/sun/org/apache/xerces/internal/impl/XMLDocumentScannerImpl$XMLDeclDriver
instanceKlass java/text/AttributedCharacterIterator$Attribute
instanceKlass com/sun/org/apache/xerces/internal/util/NamespaceSupport
instanceKlass com/sun/org/apache/xerces/internal/xni/NamespaceContext
instanceKlass com/jetbrains/rhizomedb/DbContext$Companion
instanceKlass com/jetbrains/rhizomedb/DbContextKt
instanceKlass sun/font/AttributeValues
instanceKlass com/sun/org/apache/xerces/internal/util/XMLAttributesImpl$Attribute
instanceKlass java/lang/invoke/ConstantBootstraps
instanceKlass com/jetbrains/rhizomedb/DBUtilKt$processingNovelty$1$1
instanceKlass java/nio/channels/SelectionKey
instanceKlass com/sun/org/apache/xerces/internal/util/XMLAttributesImpl
instanceKlass com/sun/org/apache/xerces/internal/xni/XMLAttributes
instanceKlass sun/nio/ch/EventFD
instanceKlass sun/nio/ch/EPoll
instanceKlass sun/nio/ch/Util$2
instanceKlass com/jetbrains/rhizomedb/DBUtilKt
instanceKlass com/sun/org/apache/xerces/internal/impl/XMLDocumentFragmentScannerImpl$FragmentContentDriver
instanceKlass java/nio/channels/Selector
instanceKlass com/sun/org/apache/xerces/internal/impl/XMLDocumentFragmentScannerImpl$Driver
instanceKlass kotlin/jvm/internal/CallableReference$NoReceiver
instanceKlass com/sun/org/apache/xerces/internal/impl/XMLDocumentFragmentScannerImpl$ElementStack2
instanceKlass sun/font/FontAccess
instanceKlass com/sun/org/apache/xerces/internal/xni/QName
instanceKlass com/sun/org/apache/xerces/internal/impl/XMLDocumentFragmentScannerImpl$ElementStack
instanceKlass java/awt/Font
instanceKlass kotlinx/collections/immutable/internal/MutabilityOwnership
instanceKlass com/sun/org/apache/xerces/internal/xni/XMLString
instanceKlass kotlinx/collections/immutable/PersistentMap$Builder
instanceKlass com/jetbrains/rhizomedb/Novelty$Companion
instanceKlass com/jetbrains/rhizomedb/Novelty
instanceKlass kotlinx/collections/immutable/ImmutableCollection
instanceKlass java/awt/BasicStroke
instanceKlass java/awt/Stroke
instanceKlass com/jetbrains/rhizomedb/MutableNovelty
instanceKlass fleet/util/openmap/MutableBoundedOpenMapImpl
instanceKlass com/sun/org/apache/xerces/internal/impl/XMLScanner
instanceKlass fleet/util/openmap/MutableBoundedOpenMap$Companion
instanceKlass fleet/util/openmap/MutableBoundedOpenMap
instanceKlass fleet/util/openmap/BoundedOpenMap
instanceKlass fleet/util/openmap/OpenMapView
instanceKlass com/jetbrains/rhizomedb/MutableDb
instanceKlass com/sun/xml/internal/stream/XMLBufferListener
instanceKlass com/jetbrains/rhizomedb/Mut
instanceKlass com/sun/org/apache/xerces/internal/impl/XMLEntityHandler
instanceKlass com/sun/org/apache/xerces/internal/xni/parser/XMLDocumentScanner
instanceKlass com/sun/org/apache/xerces/internal/xni/parser/XMLDocumentSource
instanceKlass  @bci java/util/regex/Pattern negate (Ljava/util/regex/Pattern$CharPredicate;)Ljava/util/regex/Pattern$CharPredicate; 1 <appendix> member <vmtarget> ; # java/util/regex/Pattern$$Lambda+0x80000005a
instanceKlass com/jetbrains/rhizomedb/ChangeKt
instanceKlass com/intellij/openapi/util/text/StringUtil$Splitters
instanceKlass kotlinx/collections/immutable/implementations/immutableMap/TrieNode$Companion
instanceKlass java/util/Collections$UnmodifiableCollection$1
instanceKlass kotlinx/collections/immutable/implementations/immutableMap/TrieNode
instanceKlass java/lang/StackTraceElement$HashedModules
instanceKlass com/sun/org/apache/xerces/internal/impl/XMLErrorReporter
instanceKlass java/lang/Throwable$PrintStreamOrWriter
instanceKlass kotlinx/collections/immutable/implementations/immutableMap/PersistentHashMap$Companion
instanceKlass java/io/PrintWriter$1
instanceKlass kotlin/collections/AbstractMap$Companion
instanceKlass jdk/internal/access/JavaIOPrintWriterAccess
instanceKlass com/sun/org/apache/xerces/internal/impl/XMLEntityScanner
instanceKlass kotlin/collections/AbstractMap
instanceKlass com/sun/org/apache/xerces/internal/xni/XMLLocator
instanceKlass sun/awt/SunHints
instanceKlass kotlinx/collections/immutable/PersistentMap
instanceKlass kotlinx/collections/immutable/ImmutableMap
instanceKlass com/intellij/platform/core/nio/fs/CorePath
instanceKlass java/awt/geom/Path2D
instanceKlass com/sun/xml/internal/stream/XMLEntityStorage
instanceKlass kotlinx/collections/immutable/ExtensionsKt
# instanceKlass java/lang/invoke/LambdaForm$MH+0x000076c0f00e0800
instanceKlass java/awt/AlphaComposite
# instanceKlass java/lang/invoke/LambdaForm$MH+0x000076c0f00e0400
instanceKlass sun/java2d/loops/XORComposite
instanceKlass java/awt/Composite
instanceKlass com/jetbrains/rhizomedb/QueryCache$QueryCacheData
instanceKlass java/awt/geom/AffineTransform
instanceKlass com/jetbrains/rhizomedb/QueryCache$Companion
instanceKlass com/jetbrains/rhizomedb/QueryCache
# instanceKlass java/lang/invoke/LambdaForm$DMH+0x000076c0f00e0000
instanceKlass com/sun/org/apache/xerces/internal/utils/XMLSecurityManager
instanceKlass com/jetbrains/rhizomedb/impl/ArrayWithEditor$Companion
instanceKlass com/jetbrains/rhizomedb/impl/ArrayWithEditor
instanceKlass java/awt/Color
instanceKlass com/sun/org/apache/xerces/internal/util/AugmentationsImpl$AugmentationsItemsContainer
instanceKlass com/jetbrains/rhizomedb/impl/AEVT$Companion
instanceKlass java/awt/Paint
instanceKlass com/sun/org/apache/xerces/internal/util/AugmentationsImpl
instanceKlass com/sun/org/apache/xerces/internal/xni/Augmentations
instanceKlass com/sun/org/apache/xerces/internal/util/XMLResourceIdentifierImpl
instanceKlass com/sun/org/apache/xerces/internal/xni/XMLResourceIdentifier
instanceKlass com/jetbrains/rhizomedb/impl/AEVT
instanceKlass java/awt/Graphics
instanceKlass fleet/util/radixTrie/RadixTrieNode$Companion
instanceKlass sun/security/jca/GetInstance$Instance
instanceKlass sun/java2d/DestSurfaceProvider
instanceKlass sun/awt/ConstrainableGraphics
instanceKlass fleet/util/radixTrie/RadixTrieNode
instanceKlass jdk/internal/event/Event
instanceKlass com/jetbrains/rhizomedb/impl/VAET$Companion
instanceKlass com/jetbrains/rhizomedb/impl/VAET
instanceKlass fleet/fastutil/HashCommon
instanceKlass sun/java2d/loops/GraphicsPrimitiveMgr
instanceKlass fleet/fastutil/ints/Int2ObjectOpenHashMap
instanceKlass fleet/fastutil/ints/MutableIntMap
instanceKlass fleet/fastutil/ints/IntMap
instanceKlass java/awt/geom/RectangularShape
instanceKlass fleet/fastutil/Hash
instanceKlass com/sun/org/apache/xerces/internal/impl/XMLEntityManager
instanceKlass java/awt/Shape
instanceKlass com/sun/org/apache/xerces/internal/xni/parser/XMLEntityResolver
instanceKlass com/jetbrains/rhizomedb/impl/IntMapWithEditor$Companion
instanceKlass com/sun/org/apache/xerces/internal/xni/parser/XMLComponent
instanceKlass com/jetbrains/rhizomedb/impl/IntMapWithEditor
instanceKlass com/jetbrains/rhizomedb/impl/Editor
instanceKlass com/jetbrains/rhizomedb/impl/AVET$Companion
instanceKlass com/jetbrains/rhizomedb/impl/AVET
instanceKlass com/sun/org/apache/xerces/internal/util/SymbolTable$Entry
instanceKlass sun/java2d/loops/CompositeType
instanceKlass com/sun/org/apache/xerces/internal/util/SymbolTable
instanceKlass com/jetbrains/rhizomedb/impl/Index$Partition$Companion
instanceKlass sun/java2d/loops/GraphicsPrimitiveMgr$GeneralPrimitives
instanceKlass com/jetbrains/rhizomedb/impl/Index$Partition
instanceKlass jdk/xml/internal/JdkConstants
instanceKlass com/jetbrains/rhizomedb/impl/Index$Companion
instanceKlass javax/xml/parsers/SAXParserFactory
instanceKlass sun/java2d/loops/GraphicsPrimitive
instanceKlass sun/java2d/xr/XRPMBlitLoops
instanceKlass com/jetbrains/rhizomedb/impl/Index
instanceKlass jdk/xml/internal/JdkXmlUtils
instanceKlass kotlin/SynchronizedLazyImpl
instanceKlass com/jetbrains/rhizomedb/DB$Companion
instanceKlass com/sun/org/apache/xerces/internal/util/ParserConfigurationSettings
instanceKlass com/jetbrains/rhizomedb/DB
instanceKlass com/sun/org/apache/xerces/internal/parsers/XML11Configurable
instanceKlass com/sun/org/apache/xerces/internal/xni/parser/XMLPullParserConfiguration
instanceKlass com/sun/org/apache/xerces/internal/xni/parser/XMLParserConfiguration
instanceKlass com/jetbrains/rhizomedb/Q
instanceKlass com/sun/org/apache/xerces/internal/xni/parser/XMLComponentManager
instanceKlass sun/font/FontManagerNativeLibrary$1
instanceKlass sun/font/FontManagerNativeLibrary
instanceKlass sun/java2d/loops/RenderCache
instanceKlass com/sun/org/apache/xerces/internal/parsers/XMLParser
instanceKlass sun/java2d/pipe/DrawImage
instanceKlass com/sun/org/apache/xerces/internal/xni/XMLDTDContentModelHandler
instanceKlass com/sun/org/apache/xerces/internal/xni/XMLDTDHandler
instanceKlass kotlin/text/CharsKt__CharJVMKt
instanceKlass com/sun/org/apache/xerces/internal/xni/XMLDocumentHandler
instanceKlass sun/java2d/pipe/GeneralCompositePipe
instanceKlass fleet/util/RandomKt
instanceKlass sun/java2d/pipe/SpanShapeRenderer
instanceKlass sun/java2d/pipe/AlphaPaintPipe
instanceKlass sun/java2d/pipe/AAShapePipe
instanceKlass javax/xml/parsers/DocumentBuilder
instanceKlass sun/java2d/pipe/RegionIterator
instanceKlass com/sun/org/apache/xerces/internal/jaxp/JAXPConstants
instanceKlass sun/java2d/pipe/Region
instanceKlass kotlin/internal/jdk8/JDK8PlatformImplementations$ReflectSdkVersion
instanceKlass  @bci javax/xml/parsers/FactoryFinder newInstance (Ljava/lang/Class;Ljava/lang/String;Ljava/lang/ClassLoader;ZZ)Ljava/lang/Object; 104 <appendix> member <vmtarget> ; # javax/xml/parsers/FactoryFinder$$Lambda+0x000076c0f006bd70
instanceKlass sun/java2d/pipe/SpanClipRenderer
instanceKlass kotlin/internal/PlatformImplementations
instanceKlass kotlin/internal/PlatformImplementationsKt
instanceKlass sun/java2d/pipe/PixelToShapeConverter
instanceKlass sun/java2d/pipe/AlphaColorPipe
instanceKlass sun/java2d/pipe/CompositePipe
instanceKlass kotlin/random/Random
instanceKlass sun/java2d/pipe/GlyphListPipe
instanceKlass fleet/util/Random
instanceKlass sun/java2d/pipe/OutlineTextRenderer
instanceKlass fleet/util/UID$Companion
instanceKlass com/sun/org/apache/xerces/internal/utils/XMLSecurityPropertyManager
instanceKlass jdk/xml/internal/XMLSecurityManager
instanceKlass fleet/util/UID
instanceKlass sun/java2d/ReentrantContextProvider
instanceKlass fleet/multiplatform/shims/ThreadLocalKey
instanceKlass fleet/multiplatform/shims/ThreadLocalElement
instanceKlass sun/java2d/marlin/FloatMath
instanceKlass  @bci jdk/xml/internal/SecuritySupport getContextClassLoader ()Ljava/lang/ClassLoader; 0 <appendix> argL0 ; # jdk/xml/internal/SecuritySupport$$Lambda+0x000076c0f0066360
instanceKlass fleet/multiplatform/shims/ThreadLocalElementKt
instanceKlass sun/java2d/marlin/MarlinProperties
instanceKlass  @bci javax/xml/parsers/FactoryFinder find (Ljava/lang/Class;Ljava/lang/String;)Ljava/lang/Object; 104 <appendix> member <vmtarget> ; # javax/xml/parsers/FactoryFinder$$Lambda+0x000076c0f0065ed0
instanceKlass fleet/tracing/runtime/SpanInfo
instanceKlass sun/java2d/marlin/MarlinConst
instanceKlass fleet/tracing/SpanInfoBuilder
instanceKlass javax/xml/parsers/FactoryFinder$1
instanceKlass fleet/tracing/runtime/Span$Noop
instanceKlass fleet/tracing/runtime/CompletableSpan
instanceKlass fleet/tracing/runtime/Span
instanceKlass sun/java2d/pipe/RenderingEngine
instanceKlass sun/java2d/pipe/LoopPipe
instanceKlass  @bci jdk/xml/internal/SecuritySupport getFileInputStream (Ljava/io/File;)Ljava/io/FileInputStream; 1 <appendix> member <vmtarget> ; # jdk/xml/internal/SecuritySupport$$Lambda+0x000076c0f0065318
instanceKlass  @bci fleet/multiplatform/shims/ThreadLocal_jvmKt$threadLocal$1 <init> (Lkotlin/jvm/functions/Function0;)V 6 <appendix> member <vmtarget> ; # fleet/multiplatform/shims/ThreadLocal_jvmKt$threadLocal$1$$Lambda+0x000076c0f00d5da0
instanceKlass sun/java2d/pipe/LoopBasedPipe
instanceKlass sun/java2d/pipe/ParallelogramPipe
instanceKlass fleet/multiplatform/shims/ThreadLocal_jvmKt$threadLocal$1
instanceKlass fleet/multiplatform/shims/ThreadLocal
instanceKlass  @bci jdk/xml/internal/SecuritySupport doesFileExist (Ljava/io/File;)Z 1 <appendix> member <vmtarget> ; # jdk/xml/internal/SecuritySupport$$Lambda+0x000076c0f00648e8
instanceKlass fleet/multiplatform/shims/ThreadLocal_jvmKt
instanceKlass fleet/multiplatform/shims/ThreadLocalKt
instanceKlass fleet/reporting/shared/runtime/TlKt
instanceKlass  @bci javax/xml/parsers/FactoryFinder find (Ljava/lang/Class;Ljava/lang/String;)Ljava/lang/Object; 6 <appendix> member <vmtarget> ; # javax/xml/parsers/FactoryFinder$$Lambda+0x000076c0f0064310
instanceKlass sun/java2d/pipe/NullPipe
instanceKlass sun/java2d/pipe/DrawImagePipe
instanceKlass sun/java2d/pipe/TextPipe
instanceKlass sun/java2d/pipe/ShapeDrawPipe
instanceKlass sun/java2d/pipe/PixelFillPipe
instanceKlass sun/java2d/pipe/PixelDrawPipe
instanceKlass  @bci jdk/xml/internal/SecuritySupport getSystemProperty (Ljava/lang/String;)Ljava/lang/String; 1 <appendix> member <vmtarget> ; # jdk/xml/internal/SecuritySupport$$Lambda+0x000076c0f00631d0
instanceKlass sun/java2d/StateTrackableDelegate$2
instanceKlass fleet/reporting/shared/tracing/TracingKt
instanceKlass sun/java2d/StateTrackableDelegate
instanceKlass jdk/xml/internal/SecuritySupport
instanceKlass com/intellij/ide/Y/k/d7
instanceKlass sun/java2d/cmm/ProfileDeferralInfo
instanceKlass java/awt/color/ICC_Profile$BuiltInProfile
instanceKlass javax/xml/parsers/FactoryFinder
instanceKlass  @bci java/awt/color/ICC_Profile <clinit> ()V 0 <appendix> argL0 ; # java/awt/color/ICC_Profile$$Lambda+0x000076c0f0061c98
instanceKlass javax/xml/parsers/DocumentBuilderFactory
instanceKlass sun/java2d/cmm/Profile
instanceKlass fleet/kernel/TransactorKt
instanceKlass sun/awt/AWTAccessor$ICC_ProfileAccessor
instanceKlass java/util/prefs/XmlSupport
instanceKlass java/awt/color/ICC_Profile
instanceKlass kotlin/jvm/functions/Function3
instanceKlass java/util/prefs/FileSystemPreferences$6
instanceKlass java/awt/color/ColorSpace$BuiltInSpace
instanceKlass java/awt/color/ColorSpace
instanceKlass java/util/prefs/Base64
instanceKlass  @bci fleet/kernel/rebase/InstructionSet encoder ()Lfleet/kernel/rebase/InstructionEncoder; 1 <appendix> member <vmtarget> ; # fleet/kernel/rebase/InstructionSet$$Lambda+0x000076c0f00d3628
instanceKlass java/util/prefs/FileSystemPreferences$5
instanceKlass fleet/kernel/rebase/SharedInstructionData
instanceKlass java/awt/image/ColorModel$1RGBdefault
instanceKlass java/util/StringTokenizer
instanceKlass fleet/kernel/rebase/InstructionEncodingContext
instanceKlass java/util/prefs/NodeChangeListener
instanceKlass java/util/prefs/PreferenceChangeListener
instanceKlass com/jetbrains/rhizomedb/DbContext
instanceKlass java/awt/image/ColorModel$1
instanceKlass java/awt/image/ColorModel
instanceKlass fleet/kernel/rebase/InstructionEncoder
instanceKlass sun/nio/fs/UnixFileSystemProvider$3
instanceKlass fleet/kernel/rebase/LeaderTransactorMiddleware
instanceKlass fleet/kernel/TransactorMiddleware
instanceKlass java/util/prefs/FileSystemPreferences$1
instanceKlass com/jetbrains/rhizomedb/CreateEntity
instanceKlass java/util/prefs/FileSystemPreferences$4
instanceKlass fleet/kernel/rebase/Validate
instanceKlass java/util/Timer$ThreadReaper
instanceKlass java/util/TimerTask
instanceKlass java/util/TaskQueue
instanceKlass java/util/Timer
instanceKlass com/jetbrains/rhizomedb/RetractEntityInPartition
instanceKlass  @bci java/util/prefs/FileSystemPreferences <clinit> ()V 4 <appendix> argL0 ; # java/util/prefs/FileSystemPreferences$$Lambda+0x000076c0f005c4d8
instanceKlass com/jetbrains/rhizomedb/RetractAttribute
instanceKlass com/jetbrains/rhizomedb/AtomicComposite
instanceKlass sun/awt/image/PixelConverter
instanceKlass  @bci java/util/prefs/FileSystemPreferences loadPrefsLib ()V 0 <appendix> argL0 ; # java/util/prefs/FileSystemPreferences$$Lambda+0x000076c0f005b4d8
instanceKlass kotlin/jvm/JvmClassMappingKt
instanceKlass sun/java2d/loops/SurfaceType
instanceKlass com/jetbrains/rhizomedb/Add
instanceKlass kotlin/collections/builders/ListBuilderKt
instanceKlass kotlin/collections/builders/MapBuilder$Companion
instanceKlass sun/java2d/SurfaceData
instanceKlass java/util/prefs/FileSystemPreferencesFactory
instanceKlass sun/java2d/Surface
instanceKlass sun/java2d/StateTrackable
instanceKlass sun/java2d/DisposerTarget
instanceKlass java/util/prefs/Preferences$3
instanceKlass java/awt/Transparency
instanceKlass kotlin/collections/builders/MapBuilder
instanceKlass kotlin/jvm/internal/markers/KMutableMap
instanceKlass java/util/prefs/PreferencesFactory
instanceKlass java/util/prefs/Preferences$2
instanceKlass java/util/prefs/Preferences$1
instanceKlass java/util/prefs/Preferences
instanceKlass fleet/kernel/rebase/InstructionCodingKt
instanceKlass com/intellij/ide/Prefs
instanceKlass com/intellij/platform/pasta/common/ChangeDocument$Companion
instanceKlass com/intellij/platform/pasta/common/ChangeDocument
instanceKlass fleet/kernel/rebase/CreateEntityCoder
instanceKlass com/intellij/openapi/util/io/FileUtil$2
instanceKlass sun/awt/X11/XlibWrapper
instanceKlass gnu/trove/TObjectCanonicalHashingStrategy
instanceKlass sun/security/util/SecurityProviderConstants
instanceKlass gnu/trove/TObjectHashingStrategy
instanceKlass gnu/trove/Equality
instanceKlass fleet/kernel/rebase/ValidateCoder
instanceKlass java/security/Provider$UString
instanceKlass java/security/Provider$Service
instanceKlass com/jetbrains/rhizomedb/ReifyEntities
instanceKlass com/intellij/openapi/util/io/FileUtil$1
instanceKlass sun/security/provider/FileInputStreamPool
instanceKlass sun/security/provider/NativePRNG$RandomIO
instanceKlass com/jetbrains/rhizomedb/MapAttribute
instanceKlass sun/security/provider/NativePRNG$1
instanceKlass com/intellij/openapi/util/io/FileUtilRt$SymlinkResolver
instanceKlass sun/security/provider/SunEntries$1
instanceKlass sun/security/provider/SunEntries
instanceKlass com/jetbrains/rhizomedb/EffectInstruction
instanceKlass sun/security/jca/ProviderList$2
instanceKlass fleet/kernel/rebase/LocalInstructionCoder
instanceKlass jdk/internal/math/FloatingDecimal$ASCIIToBinaryBuffer
instanceKlass jdk/internal/math/FloatingDecimal$PreparedASCIIToBinaryBuffer
instanceKlass jdk/internal/math/FloatingDecimal$ASCIIToBinaryConverter
instanceKlass jdk/internal/math/FloatingDecimal$BinaryToASCIIBuffer
instanceKlass jdk/internal/math/FloatingDecimal$ExceptionalBinaryToASCIIBuffer
instanceKlass jdk/internal/math/FloatingDecimal$BinaryToASCIIConverter
instanceKlass jdk/internal/math/FloatingDecimal
instanceKlass fleet/kernel/rebase/RetractEntityCoder
instanceKlass java/util/concurrent/Future
instanceKlass javax/security/auth/login/Configuration$Parameters
instanceKlass java/security/Policy$Parameters
instanceKlass java/security/cert/CertStoreParameters
instanceKlass java/security/SecureRandomParameters
instanceKlass java/security/Provider$EngineDescription
instanceKlass fleet/kernel/rebase/RetractAttributeCoder
instanceKlass java/security/Provider$ServiceKey
instanceKlass sun/security/jca/ProviderConfig
instanceKlass sun/security/jca/ProviderList
instanceKlass sun/security/jca/Providers
instanceKlass sun/security/jca/GetInstance
instanceKlass java/security/SecureRandomSpi
instanceKlass  @bci kotlinx/serialization/internal/PluginGeneratedSerialDescriptor <init> (Ljava/lang/String;Lkotlinx/serialization/internal/GeneratedSerializer;I)V 145 <appendix> member <vmtarget> ; # kotlinx/serialization/internal/PluginGeneratedSerialDescriptor$$Lambda+0x000076c0f00cecd0
instanceKlass sun/awt/X11/XErrorHandlerUtil
instanceKlass  @bci kotlinx/serialization/internal/PluginGeneratedSerialDescriptor <init> (Ljava/lang/String;Lkotlinx/serialization/internal/GeneratedSerializer;I)V 129 <appendix> member <vmtarget> ; # kotlinx/serialization/internal/PluginGeneratedSerialDescriptor$$Lambda+0x000076c0f00cea78
instanceKlass sun/net/NetProperties$1
instanceKlass  @bci kotlinx/serialization/internal/PluginGeneratedSerialDescriptor <init> (Ljava/lang/String;Lkotlinx/serialization/internal/GeneratedSerializer;I)V 113 <appendix> member <vmtarget> ; # kotlinx/serialization/internal/PluginGeneratedSerialDescriptor$$Lambda+0x000076c0f00ce5f8
instanceKlass sun/net/NetProperties
instanceKlass  @bci sun/nio/ch/UnixDomainSocketsUtil getTempDir ()Ljava/lang/String; 0 <appendix> argL0 ; # sun/nio/ch/UnixDomainSocketsUtil$$Lambda+0x80000009b
instanceKlass sun/awt/X11GraphicsEnvironment$1
instanceKlass sun/nio/ch/UnixDomainSocketsUtil
instanceKlass com/intellij/openapi/util/io/FileUtil
instanceKlass sun/nio/ch/UnixDomainSockets
instanceKlass java/util/Formatter$Flags
instanceKlass java/util/Formattable
instanceKlass  @bci sun/nio/ch/DefaultSelectorProvider <clinit> ()V 0 <appendix> argL0 ; # sun/nio/ch/DefaultSelectorProvider$$Lambda+0x80000009a
instanceKlass java/util/Formatter$FormatSpecifier
instanceKlass java/util/Formatter$Conversion
instanceKlass java/util/Formatter$FixedString
instanceKlass java/util/Formatter$FormatString
instanceKlass kotlin/collections/EmptyMap
instanceKlass  @bci java/util/regex/Pattern union (Ljava/util/regex/Pattern$CharPredicate;Ljava/util/regex/Pattern$CharPredicate;Z)Ljava/util/regex/Pattern$CharPredicate; 6 <appendix> member <vmtarget> ; # java/util/regex/Pattern$$Lambda+0x80000005b
instanceKlass sun/nio/ch/DefaultSelectorProvider
instanceKlass  @bci java/util/regex/Pattern Range (II)Ljava/util/regex/Pattern$CharPredicate; 23 <appendix> member <vmtarget> ; # java/util/regex/Pattern$$Lambda+0x800000057
instanceKlass kotlin/collections/MapsKt__MapWithDefaultKt
instanceKlass java/util/regex/Pattern$BitClass
instanceKlass java/util/Formatter
instanceKlass java/awt/geom/Dimension2D
instanceKlass kotlinx/serialization/internal/PluginGeneratedSerialDescriptor
instanceKlass  @bci java/nio/channels/spi/SelectorProvider$Holder provider ()Ljava/nio/channels/spi/SelectorProvider; 0 <appendix> argL0 ; # java/nio/channels/spi/SelectorProvider$Holder$$Lambda+0x800000030
instanceKlass kotlinx/serialization/internal/CachedNames
instanceKlass kotlinx/serialization/descriptors/SerialDescriptor
instanceKlass java/nio/channels/spi/SelectorProvider$Holder
instanceKlass java/nio/channels/spi/SelectorProvider
instanceKlass  @bci sun/awt/OSInfo$WindowsVersion toString ()Ljava/lang/String; 8 <appendix> form vmentry <vmtarget> ; # java/lang/invoke/LambdaForm$MH+0x000076c0f00ca400
instanceKlass java/lang/ProcessHandleImpl$Info
instanceKlass java/lang/ProcessHandle$Info
instanceKlass  @bci sun/awt/OSInfo$WindowsVersion toString ()Ljava/lang/String; 8 <appendix> argL3 form vmentry <vmtarget> ; # java/lang/invoke/LambdaForm$MH+0x000076c0f00ca000
instanceKlass fleet/kernel/rebase/SharedRemove$$serializer
instanceKlass kotlinx/serialization/internal/GeneratedSerializer
# instanceKlass java/lang/invoke/LambdaForm$MH+0x000076c0f00c9c00
# instanceKlass java/lang/invoke/LambdaForm$MH+0x000076c0f00c9800
instanceKlass kotlin/jvm/internal/Lambda
instanceKlass com/intellij/openapi/util/io/FileUtilRt$RepeatableIOOperation
# instanceKlass java/lang/invoke/LambdaForm$MH+0x000076c0f00c9400
# instanceKlass java/lang/invoke/LambdaForm$MH+0x000076c0f00c9000
instanceKlass fleet/kernel/rebase/SharedRemove$Companion
instanceKlass fleet/kernel/rebase/SharedRemove
instanceKlass  @bci sun/awt/OSInfo$WindowsVersion toString ()Ljava/lang/String; 8 <appendix> argL1 form vmentry <vmtarget> ; # java/lang/invoke/LambdaForm$MH+0x000076c0f00c8c00
instanceKlass java/time/chrono/AbstractChronology
instanceKlass java/time/chrono/Chronology
instanceKlass com/intellij/openapi/util/io/FileUtilRt
instanceKlass java/time/zone/ZoneOffsetTransition
instanceKlass kotlin/reflect/jvm/internal/KClassImpl$$Lambda$0
# instanceKlass java/lang/invoke/LambdaForm$MH+0x000076c0f00c8800
instanceKlass java/time/zone/ZoneOffsetTransitionRule
instanceKlass java/time/zone/ZoneRules
instanceKlass java/time/zone/Ser
instanceKlass java/io/Externalizable
instanceKlass java/util/LinkedHashMap$LinkedHashIterator
# instanceKlass java/lang/invoke/LambdaForm$MH+0x000076c0f00c8400
instanceKlass kotlin/_Assertions
# instanceKlass java/lang/invoke/LambdaForm$MH+0x000076c0f00c8000
instanceKlass kotlin/reflect/jvm/internal/impl/name/ClassId$Companion
instanceKlass kotlin/reflect/jvm/internal/impl/name/ClassId
instanceKlass com/intellij/util/PathUtilRt
instanceKlass sun/awt/OSInfo$1
instanceKlass kotlin/collections/ArraysUtilJVM
instanceKlass sun/awt/OSInfo$WindowsVersion
instanceKlass java/lang/Override
instanceKlass java/lang/annotation/Documented
instanceKlass java/lang/Deprecated
instanceKlass sun/awt/OSInfo
instanceKlass java/lang/annotation/Retention
instanceKlass java/lang/annotation/Target
instanceKlass sun/font/FontUtilities$1
instanceKlass com/intellij/openapi/diagnostic/ControlFlowException
instanceKlass sun/font/FontUtilities
instanceKlass kotlin/reflect/jvm/internal/impl/resolve/jvm/JvmClassName
instanceKlass com/intellij/l10n/LocalizationUtil
instanceKlass sun/awt/DisplayChangedListener
instanceKlass kotlin/reflect/jvm/internal/impl/name/Name
instanceKlass sun/awt/HiDPIInfoProvider
instanceKlass kotlin/reflect/jvm/internal/impl/name/FqNameUnsafe$Companion
instanceKlass java/awt/GraphicsEnvironment$LocalGE
instanceKlass java/lang/StringUTF16$LinesSpliterator
instanceKlass kotlin/reflect/jvm/internal/impl/name/FqNameUnsafe
instanceKlass kotlin/reflect/jvm/internal/impl/name/FqName$Companion
instanceKlass kotlin/reflect/jvm/internal/impl/load/java/JvmAnnotationNames
instanceKlass  @bci sun/awt/UNIXToolkit isOnXWayland ()Z 22 <appendix> argL0 ; # sun/awt/UNIXToolkit$$Lambda+0x000076c0f0051e88
instanceKlass kotlin/reflect/jvm/internal/impl/name/FqName
instanceKlass kotlin/reflect/jvm/internal/impl/SpecialJvmAnnotations
instanceKlass kotlin/reflect/jvm/internal/KClassImpl$Companion
instanceKlass java/io/FilePermission$1
instanceKlass jdk/internal/access/JavaIOFilePermissionAccess
instanceKlass kotlin/text/Regex$Companion
instanceKlass jdk/internal/logger/LoggerFinderLoader
instanceKlass  @bci java/lang/System$LoggerFinder accessProvider ()Ljava/lang/System$LoggerFinder; 8 <appendix> argL0 ; # java/lang/System$LoggerFinder$$Lambda+0x800000021
instanceKlass kotlin/text/Regex
instanceKlass jdk/internal/logger/LazyLoggers$LazyLoggerFactories
instanceKlass jdk/internal/logger/LazyLoggers$1
instanceKlass jdk/internal/logger/LazyLoggers
instanceKlass sun/awt/WeakIdentityHashMap
instanceKlass kotlin/jvm/internal/DefaultConstructorMarker
instanceKlass kotlin/reflect/jvm/internal/KDeclarationContainerImpl$Companion
instanceKlass com/intellij/util/ResourceUtil
instanceKlass com/intellij/ide/gdpr/EndUserAgreement$Document
instanceKlass kotlin/reflect/jvm/internal/KTypeParameterOwnerImpl
instanceKlass kotlin/reflect/jvm/internal/KClassifierImpl
instanceKlass java/util/ComparableTimSort
instanceKlass java/util/Arrays$LegacyMergeSort
instanceKlass sun/awt/KeyboardFocusManagerPeerProvider
instanceKlass sun/awt/InputMethodSupport
instanceKlass sun/awt/ComponentFactory
instanceKlass com/intellij/util/ObjectUtilsRt
instanceKlass kotlin/reflect/jvm/internal/CachesKt$$Lambda$4
instanceKlass kotlin/reflect/jvm/internal/CachesKt$$Lambda$3
instanceKlass kotlin/reflect/jvm/internal/CachesKt$$Lambda$2
instanceKlass java/time/zone/ZoneRulesProvider$1
instanceKlass java/time/zone/ZoneRulesProvider
instanceKlass com/intellij/util/containers/CanonicalHashingStrategy
instanceKlass kotlin/reflect/jvm/internal/CachesKt$$Lambda$1
instanceKlass sun/util/calendar/ZoneInfoFile$ZoneOffsetTransitionRule
instanceKlass  @bci com/intellij/util/containers/ConcurrentWeakKeySoftValueHashMap <clinit> ()V 0 <appendix> argL0 ; # com/intellij/util/containers/ConcurrentWeakKeySoftValueHashMap$$Lambda+0x000076c0f00c09a8
instanceKlass kotlin/reflect/jvm/internal/CacheByClass
instanceKlass kotlin/reflect/jvm/internal/CacheByClassKt
instanceKlass kotlin/reflect/jvm/internal/CachesKt$$Lambda$0
instanceKlass kotlin/reflect/jvm/internal/CachesKt
instanceKlass com/intellij/util/containers/ConcurrentWeakKeySoftValueHashMap$KeyReference
instanceKlass com/intellij/util/containers/ConcurrentWeakKeySoftValueHashMap$ValueReference
instanceKlass kotlin/reflect/jvm/internal/KDeclarationContainerImpl
instanceKlass com/intellij/util/containers/ConcurrentWeakKeySoftValueHashMap
instanceKlass kotlin/jvm/internal/ClassBasedDeclarationContainer
instanceKlass com/intellij/util/containers/Interner
instanceKlass com/intellij/openapi/extensions/PluginId$Companion
instanceKlass com/intellij/openapi/extensions/PluginId
instanceKlass java/awt/Toolkit$1
instanceKlass kotlin/jvm/internal/CallableReference
instanceKlass java/time/LocalTime
instanceKlass kotlin/reflect/KFunction
instanceKlass kotlin/reflect/KTypeParameter
instanceKlass kotlin/reflect/KType
instanceKlass java/time/temporal/ValueRange
instanceKlass kotlin/reflect/KMutableProperty2
instanceKlass kotlin/reflect/KProperty2
instanceKlass kotlin/reflect/KMutableProperty1
instanceKlass kotlin/reflect/KProperty1
instanceKlass kotlin/reflect/KMutableProperty0
instanceKlass kotlin/reflect/KMutableProperty
instanceKlass java/time/Duration
instanceKlass java/time/temporal/TemporalAmount
instanceKlass java/time/temporal/TemporalUnit
instanceKlass java/time/temporal/TemporalField
instanceKlass java/time/LocalDate
instanceKlass java/time/chrono/ChronoLocalDate
instanceKlass kotlin/reflect/KProperty0
instanceKlass kotlin/reflect/KProperty
instanceKlass kotlin/reflect/KCallable
instanceKlass java/time/LocalDateTime
instanceKlass java/time/chrono/ChronoLocalDateTime
instanceKlass java/time/ZonedDateTime
instanceKlass java/time/chrono/ChronoZonedDateTime
instanceKlass kotlin/jvm/internal/ReflectionFactory
instanceKlass  @bci sun/awt/PlatformGraphicsInfo getDefaultHeadlessProperty ()Z 21 <appendix> argL0 ; # sun/awt/PlatformGraphicsInfo$$Lambda+0x000076c0f004da68
instanceKlass  @bci sun/awt/PlatformGraphicsInfo getDefaultHeadlessProperty ()Z 0 <appendix> argL0 ; # sun/awt/PlatformGraphicsInfo$$Lambda+0x000076c0f004d818
instanceKlass kotlin/jvm/internal/Reflection
instanceKlass com/jetbrains/rhizomedb/Remove
instanceKlass com/jetbrains/rhizomedb/Instruction
instanceKlass  @bci java/awt/GraphicsEnvironment getHeadlessProperty ()Z 6 <appendix> argL0 ; # java/awt/GraphicsEnvironment$$Lambda+0x000076c0f004d5c8
instanceKlass fleet/kernel/rebase/RemoveCoder
instanceKlass com/intellij/util/singleProduct/MigrationToSingleProductKt
instanceKlass java/awt/GraphicsEnvironment
instanceKlass fleet/kernel/rebase/CompositeCoder
instanceKlass sun/awt/PlatformGraphicsInfo
instanceKlass fleet/kernel/rebase/AddCoder
instanceKlass fleet/kernel/rebase/InstructionCoder
instanceKlass fleet/kernel/rebase/InstructionSet
instanceKlass  @bci com/intellij/platform/ide/bootstrap/ConfigKt importConfigIfNeeded$lambda$0 (Ljava/nio/file/Path;)Ljava/lang/CharSequence; 8 <appendix> form vmentry <vmtarget> ; # java/lang/invoke/LambdaForm$MH+0x000076c0f00b5400
instanceKlass  @bci java/time/ZoneOffset ofTotalSeconds (I)Ljava/time/ZoneOffset; 37 <appendix> argL0 ; # java/time/ZoneOffset$$Lambda+0x800000036
instanceKlass com/intellij/openapi/util/ObjectNode$1
instanceKlass com/intellij/platform/ide/bootstrap/kernel/KernelKt
# instanceKlass java/lang/invoke/LambdaForm$MH+0x000076c0f00b5000
instanceKlass com/intellij/openapi/util/Disposer$2
instanceKlass com/intellij/openapi/util/ObjectNode$NodeChildren
instanceKlass com/intellij/openapi/util/ObjectNode
instanceKlass  @bci com/intellij/platform/ide/bootstrap/ConfigKt importConfigIfNeeded$lambda$0 (Ljava/nio/file/Path;)Ljava/lang/CharSequence; 8 <appendix> argL3 form vmentry <vmtarget> ; # java/lang/invoke/LambdaForm$MH+0x000076c0f00b4c00
# instanceKlass java/lang/invoke/LambdaForm$MH+0x000076c0f00b4800
instanceKlass it/unimi/dsi/fastutil/objects/Object2ObjectMap$FastEntrySet
instanceKlass java/awt/Toolkit$2
instanceKlass com/fasterxml/aalto/util/DataUtil
# instanceKlass java/lang/invoke/LambdaForm$MH+0x000076c0f00b4400
instanceKlass  @bci jdk/internal/module/SystemModuleFinders$SystemModuleReader open (Ljava/lang/String;)Ljava/util/Optional; 6 <appendix> member <vmtarget> ; # jdk/internal/module/SystemModuleFinders$SystemModuleReader$$Lambda+0x800000097
instanceKlass jdk/internal/module/SystemModuleFinders
instanceKlass it/unimi/dsi/fastutil/objects/AbstractObject2ObjectFunction
instanceKlass jdk/internal/module/Checks
# instanceKlass java/lang/invoke/LambdaForm$MH+0x000076c0f00b4000
instanceKlass  @bci java/util/ResourceBundle$ResourceBundleProviderHelper loadPropertyResourceBundle (Ljava/lang/Module;Ljava/lang/Module;Ljava/lang/String;Ljava/util/Locale;)Ljava/util/ResourceBundle; 14 <appendix> member <vmtarget> ; # java/util/ResourceBundle$ResourceBundleProviderHelper$$Lambda+0x000076c0f004cc40
instanceKlass  @bci com/intellij/util/xml/dom/XmlElement <clinit> ()V 39 <appendix> argL0 ; # com/intellij/util/xml/dom/XmlElement$$Lambda+0x000076c0f00b25b0
instanceKlass it/unimi/dsi/fastutil/objects/Object2ObjectMap
instanceKlass it/unimi/dsi/fastutil/objects/Object2ObjectFunction
instanceKlass  @bci com/intellij/util/xml/dom/XmlElement <clinit> ()V 25 <appendix> argL0 ; # com/intellij/util/xml/dom/XmlElement$$Lambda+0x000076c0f00b1f00
instanceKlass  @bci java/util/ResourceBundle$ResourceBundleProviderHelper newResourceBundle (Ljava/lang/Class;)Ljava/util/ResourceBundle; 22 <appendix> member <vmtarget> ; # java/util/ResourceBundle$ResourceBundleProviderHelper$$Lambda+0x80000003c
instanceKlass kotlinx/serialization/KSerializer
instanceKlass kotlinx/serialization/DeserializationStrategy
instanceKlass kotlinx/serialization/SerializationStrategy
instanceKlass com/intellij/util/xml/dom/XmlElement$Companion
instanceKlass com/intellij/util/xml/dom/XmlElement
instanceKlass com/intellij/util/containers/RefHashMap$Key
instanceKlass sun/security/util/SecurityConstants
instanceKlass  @bci java/util/ResourceBundle$ResourceBundleProviderHelper loadResourceBundle (Ljava/lang/Module;Ljava/lang/Module;Ljava/lang/String;Ljava/util/Locale;)Ljava/util/ResourceBundle; 13 <appendix> member <vmtarget> ; # java/util/ResourceBundle$ResourceBundleProviderHelper$$Lambda+0x000076c0f004c760
instanceKlass com/fasterxml/aalto/in/ByteBasedPNameTable$Bucket
instanceKlass java/util/ResourceBundle$ResourceBundleProviderHelper
instanceKlass java/util/ResourceBundle$3
instanceKlass com/intellij/util/containers/ReferenceQueueable
instanceKlass kotlin/io/path/PathsKt__PathReadWriteKt
instanceKlass java/util/ResourceBundle$CacheKeyReference
instanceKlass com/intellij/util/xml/dom/XmlElementBuilder
instanceKlass java/util/ResourceBundle$CacheKey
instanceKlass  @bci java/util/ResourceBundle getLoader (Ljava/lang/Module;)Ljava/lang/ClassLoader; 6 <appendix> member <vmtarget> ; # java/util/ResourceBundle$$Lambda+0x000076c0f004c508
instanceKlass com/intellij/util/xml/dom/NoOpXmlInterner
instanceKlass com/intellij/util/containers/IdentityHashingStrategy
instanceKlass com/intellij/util/xml/dom/XmlInterner
instanceKlass com/intellij/util/containers/HashingStrategy
instanceKlass sun/util/locale/LocaleObjectCache
instanceKlass com/fasterxml/aalto/in/NsDeclaration
instanceKlass java/util/ResourceBundle$Control
instanceKlass java/util/ResourceBundle$1
instanceKlass jdk/internal/access/JavaUtilResourceBundleAccess
instanceKlass java/util/ResourceBundle
instanceKlass jdk/internal/util/ByteArray
instanceKlass java/awt/Toolkit$4
instanceKlass sun/awt/AWTAccessor
instanceKlass com/fasterxml/aalto/util/UriCanonicalizer$CanonicalKey
instanceKlass it/unimi/dsi/fastutil/objects/ObjectSortedSet
instanceKlass sun/util/calendar/ZoneInfoFile$1
instanceKlass java/awt/Toolkit$3
instanceKlass sun/util/calendar/ZoneInfoFile
instanceKlass sun/awt/AWTAccessor$ToolkitAccessor
instanceKlass java/util/SortedSet
instanceKlass it/unimi/dsi/fastutil/objects/ObjectBidirectionalIterable
instanceKlass com/fasterxml/aalto/in/ElementScope
instanceKlass java/util/TimeZone
instanceKlass java/time/Clock
instanceKlass java/time/InstantSource
instanceKlass java/time/Instant
instanceKlass java/time/temporal/Temporal
instanceKlass java/util/logging/LogRecord
instanceKlass it/unimi/dsi/fastutil/Hash$Strategy
instanceKlass  @bci com/intellij/platform/ide/bootstrap/DirectoryLock <init> (Ljava/nio/file/Path;Ljava/nio/file/Path;Ljava/util/function/Function;)V 113 <adapter> ; # java/lang/invoke/LambdaForm$MH+0x000076c0f00acc00
# instanceKlass java/lang/invoke/LambdaForm$DMH+0x000076c0f00ac800
instanceKlass com/fasterxml/aalto/in/ByteBasedPNameFactory
instanceKlass com/intellij/util/containers/CollectionFactory
instanceKlass java/awt/Toolkit
instanceKlass  @bci com/intellij/platform/ide/bootstrap/DirectoryLock <init> (Ljava/nio/file/Path;Ljava/nio/file/Path;Ljava/util/function/Function;)V 113 <appendix> form vmentry <vmtarget> ; # java/lang/invoke/LambdaForm$MH+0x000076c0f00ac400
instanceKlass it/unimi/dsi/fastutil/HashCommon
# instanceKlass java/lang/invoke/LambdaForm$MH+0x000076c0f00ac000
instanceKlass it/unimi/dsi/fastutil/objects/Reference2ObjectMap$FastEntrySet
instanceKlass it/unimi/dsi/fastutil/objects/ObjectSet
instanceKlass com/fasterxml/aalto/util/BufferRecycler
instanceKlass kotlin/collections/CollectionsKt__CollectionsJVMKt
instanceKlass it/unimi/dsi/fastutil/objects/ReferenceSet
instanceKlass com/fasterxml/aalto/util/NameTable
instanceKlass  @bci com/intellij/platform/ide/bootstrap/DirectoryLock <init> (Ljava/nio/file/Path;Ljava/nio/file/Path;Ljava/util/function/Function;)V 113 <appendix> form names 9 function resolvedHandle form vmentry <vmtarget> ; # java/lang/invoke/LambdaForm$DMH+0x000076c0f00a3c00
instanceKlass it/unimi/dsi/fastutil/objects/ReferenceCollection
instanceKlass  @bci sun/font/SunFontManager registerJREFonts ()V 97 <appendix> form vmentry <vmtarget> ; # java/lang/invoke/LambdaForm$MH+0x000076c0f00a3800
instanceKlass  @bci com/intellij/platform/ide/bootstrap/DirectoryLock <init> (Ljava/nio/file/Path;Ljava/nio/file/Path;Ljava/util/function/Function;)V 113 <appendix> argL3 form vmentry <vmtarget> ; # java/lang/invoke/LambdaForm$MH+0x000076c0f00a3400
instanceKlass com/fasterxml/aalto/util/XmlCharTypes
instanceKlass it/unimi/dsi/fastutil/objects/ObjectCollection
instanceKlass it/unimi/dsi/fastutil/objects/ObjectIterable
# instanceKlass java/lang/invoke/LambdaForm$MH+0x000076c0f00a3000
# instanceKlass java/lang/invoke/LambdaForm$MH+0x000076c0f00a2c00
instanceKlass com/fasterxml/aalto/in/AttributeCollector
instanceKlass it/unimi/dsi/fastutil/objects/AbstractReference2ObjectFunction
instanceKlass  @bci com/intellij/platform/ide/bootstrap/DirectoryLock <init> (Ljava/nio/file/Path;Ljava/nio/file/Path;Ljava/util/function/Function;)V 113 <appendix> argL3 form names 7 function resolvedHandle form vmentry <vmtarget> ; # java/lang/invoke/LambdaForm$DMH+0x000076c0f00a2800
instanceKlass it/unimi/dsi/fastutil/objects/Reference2ObjectMap
instanceKlass  @bci sun/font/SunFontManager registerJREFonts ()V 97 <appendix> argL3 form vmentry <vmtarget> ; # java/lang/invoke/LambdaForm$MH+0x000076c0f00a2400
instanceKlass it/unimi/dsi/fastutil/objects/Reference2ObjectFunction
instanceKlass com/fasterxml/aalto/util/TextBuilder
instanceKlass it/unimi/dsi/fastutil/Function
instanceKlass  @bci com/intellij/platform/ide/bootstrap/DirectoryLock <init> (Ljava/nio/file/Path;Ljava/nio/file/Path;Ljava/util/function/Function;)V 113 <appendix> argL3 argL2 form vmentry <vmtarget> ; # java/lang/invoke/LambdaForm$MH+0x000076c0f00a2000
instanceKlass com/fasterxml/aalto/in/FixedNsContext
instanceKlass it/unimi/dsi/fastutil/Hash
# instanceKlass java/lang/invoke/LambdaForm$MH+0x000076c0f00a1c00
instanceKlass com/fasterxml/aalto/in/NsBinding
# instanceKlass java/lang/invoke/LambdaForm$MH+0x000076c0f00a1800
# instanceKlass java/lang/invoke/LambdaForm$MH+0x000076c0f00a1400
# instanceKlass java/lang/invoke/LambdaForm$MH+0x000076c0f00a1000
instanceKlass com/intellij/openapi/util/ObjectTree
# instanceKlass java/lang/invoke/LambdaForm$MH+0x000076c0f00a0c00
instanceKlass  @bci com/intellij/platform/ide/bootstrap/ConfigKt importConfigIfNeeded (Lkotlinx/coroutines/CoroutineScope;ZLkotlinx/coroutines/Deferred;Lkotlinx/coroutines/Job;Lkotlinx/coroutines/Deferred;Ljava/util/List;Ljava/nio/file/Path;Lkotlinx/coroutines/Deferred;Lkotlinx/coroutines/Deferred;Lkotlinx/coroutines/Job;Lkotlin/coroutines/Continuation;)Ljava/lang/Object; 371 <appendix> argL0 ; # com/intellij/platform/ide/bootstrap/ConfigKt$$Lambda+0x000076c0f009ec20
# instanceKlass java/lang/invoke/LambdaForm$MH+0x000076c0f00a0800
instanceKlass com/intellij/openapi/util/CheckedDisposable
# instanceKlass java/lang/invoke/LambdaForm$MH+0x000076c0f00a0400
instanceKlass com/intellij/openapi/util/Disposer
instanceKlass  @bci sun/nio/fs/UnixSecureDirectoryStream close ()V 27 <appendix> member <vmtarget> ; # sun/nio/fs/UnixSecureDirectoryStream$$Lambda+0x80000009c
# instanceKlass java/lang/invoke/LambdaForm$MH+0x000076c0f00a0000
instanceKlass  @bci sun/font/SunFontManager registerJREFonts ()V 97 <appendix> argL1 form vmentry <vmtarget> ; # java/lang/invoke/LambdaForm$MH+0x000076c0f009bc00
instanceKlass sun/nio/fs/UnixDirectoryStream$UnixDirectoryIterator
instanceKlass kotlinx/coroutines/CompletedContinuation
instanceKlass com/intellij/platform/core/nio/fs/DelegatingFileSystemProvider$WrappingDirectoryStream$1
instanceKlass  @bci com/intellij/platform/ide/bootstrap/DirectoryLock <init> (Ljava/nio/file/Path;Ljava/nio/file/Path;Ljava/util/function/Function;)V 113 <appendix> form names 13 function resolvedHandle form vmentry <vmtarget> ; # java/lang/invoke/LambdaForm$DMH+0x000076c0f009b800
instanceKlass java/util/concurrent/locks/ReentrantReadWriteLock$WriteLock
instanceKlass java/util/concurrent/locks/ReentrantReadWriteLock$ReadLock
instanceKlass java/util/concurrent/locks/ReentrantReadWriteLock
instanceKlass java/util/concurrent/locks/ReadWriteLock
instanceKlass sun/nio/fs/UnixDirectoryStream
instanceKlass com/fasterxml/aalto/in/PName
# instanceKlass java/lang/invoke/LambdaForm$MH+0x000076c0f009b400
instanceKlass sun/nio/fs/UnixSecureDirectoryStream
instanceKlass java/nio/file/SecureDirectoryStream
instanceKlass java/util/logging/LogManager$CloseOnReset
instanceKlass  @bci com/intellij/platform/core/nio/fs/DelegatingFileSystemProvider craftFilter (Ljava/nio/file/DirectoryStream$Filter;)Ljava/nio/file/DirectoryStream$Filter; 23 <appendix> member <vmtarget> ; # com/intellij/platform/core/nio/fs/DelegatingFileSystemProvider$$Lambda+0x000076c0f004a840
instanceKlass  @bci com/intellij/platform/ide/bootstrap/DirectoryLock <init> (Ljava/nio/file/Path;Ljava/nio/file/Path;Ljava/util/function/Function;)V 113 <appendix> argL1 form vmentry <vmtarget> ; # java/lang/invoke/LambdaForm$MH+0x000076c0f009b000
# instanceKlass java/lang/invoke/LambdaForm$MH+0x000076c0f009ac00
instanceKlass java/util/logging/StreamHandler$1
instanceKlass java/util/logging/Handler$1
instanceKlass  @cpi com/intellij/platform/core/nio/fs/DelegatingFileSystemProvider 358 form vmentry <vmtarget> ; # java/lang/invoke/LambdaForm$DMH+0x000076c0f009a800
# instanceKlass java/lang/invoke/LambdaForm$MH+0x000076c0f009a400
instanceKlass  @bci com/intellij/platform/ide/bootstrap/DirectoryLock <init> (Ljava/nio/file/Path;Ljava/nio/file/Path;Ljava/util/function/Function;)V 113 <appendix> argL1 form names 8 function resolvedHandle form vmentry <vmtarget> ; # java/lang/invoke/LambdaForm$DMH+0x000076c0f009a000
instanceKlass org/codehaus/stax2/XMLStreamLocation2
instanceKlass java/util/logging/ErrorManager
instanceKlass jdk/internal/logger/SimpleConsoleLogger$Formatting
instanceKlass  @bci com/intellij/platform/core/nio/fs/BasicFileAttributesHolder2$FetchAttributesFilter <clinit> ()V 0 <appendix> argL0 ; # com/intellij/platform/core/nio/fs/BasicFileAttributesHolder2$FetchAttributesFilter$$Lambda+0x000076c0f004a5e0
instanceKlass com/intellij/platform/core/nio/fs/BasicFileAttributesHolder2
instanceKlass  @bci sun/font/SunFontManager$2 run ()Ljava/lang/Void; 10 <appendix> form vmentry <vmtarget> ; # java/lang/invoke/LambdaForm$MH+0x000076c0f0099c00
instanceKlass sun/util/logging/PlatformLogger
instanceKlass  @bci com/intellij/platform/ide/bootstrap/DirectoryLock <init> (Ljava/nio/file/Path;Ljava/nio/file/Path;Ljava/util/function/Function;)V 113 <appendix> argL1 argL1 form vmentry <vmtarget> ; # java/lang/invoke/LambdaForm$MH+0x000076c0f0099800
instanceKlass sun/util/logging/PlatformLogger$ConfigurableBridge$LoggerConfiguration
instanceKlass com/intellij/platform/core/nio/fs/BasicFileAttributesHolder2$FetchAttributesFilter
instanceKlass  @bci java/util/logging/SimpleFormatter <init> ()V 5 <appendix> argL0 ; # java/util/logging/SimpleFormatter$$Lambda+0x000076c0f0049ac0
instanceKlass com/intellij/platform/core/nio/fs/DelegatingFileSystemProvider$WrappingDirectoryStream
instanceKlass java/nio/file/Files$AcceptAllFilter
instanceKlass  @bci sun/awt/X11/XWM isNoWM ()Z 55 <appendix> argL1 form vmentry <vmtarget> ; # java/lang/invoke/LambdaForm$MH+0x000076c0f0099400
instanceKlass com/intellij/openapi/util/io/NioFiles$1
instanceKlass java/util/TreeMap$PrivateEntryIterator
instanceKlass java/util/TreeMap$Entry
instanceKlass java/lang/Class$1
instanceKlass java/lang/invoke/LambdaFormEditor$1
instanceKlass java/util/NavigableMap
instanceKlass java/util/SortedMap
instanceKlass java/nio/file/FileVisitor
instanceKlass jdk/internal/logger/DefaultLoggerFinder$1
instanceKlass java/util/logging/Logger$SystemLoggerHelper$1
instanceKlass java/util/logging/Logger$SystemLoggerHelper
# instanceKlass java/lang/invoke/LambdaForm$MH+0x000076c0f0099000
instanceKlass org/codehaus/stax2/typed/TypedArrayDecoder
instanceKlass java/util/logging/LogManager$4
instanceKlass com/intellij/openapi/util/io/NioFiles
instanceKlass jdk/internal/logger/BootstrapLogger$BootstrapExecutors
instanceKlass jdk/internal/logger/BootstrapLogger$RedirectedLoggers
# instanceKlass java/lang/invoke/LambdaForm$MH+0x000076c0f0098c00
instanceKlass java/util/ServiceLoader$ProviderImpl
instanceKlass java/util/ServiceLoader$Provider
instanceKlass java/util/ServiceLoader$1
instanceKlass java/util/concurrent/CopyOnWriteArrayList$COWIterator
instanceKlass com/intellij/util/PlatformUtils
instanceKlass  @bci sun/font/SunFontManager$2 run ()Ljava/lang/Void; 10 <appendix> argL3 form vmentry <vmtarget> ; # java/lang/invoke/LambdaForm$MH+0x000076c0f0098800
instanceKlass com/intellij/util/lang/ClassPath$ResourceEnumeration
instanceKlass  @bci org/h2/mvstore/DataUtils formatMessage (ILjava/lang/String;[Ljava/lang/Object;)Ljava/lang/String; 90 <appendix> argL1 argL1 form vmentry <vmtarget> ; # java/lang/invoke/LambdaForm$MH+0x000076c0f0098400
instanceKlass com/intellij/platform/ide/bootstrap/ConfigKt
instanceKlass java/lang/CompoundEnumeration
instanceKlass com/intellij/ide/gdpr/Version
instanceKlass java/util/Collections$EmptyEnumeration
instanceKlass com/intellij/ide/gdpr/EndUserAgreement
instanceKlass jdk/internal/loader/BuiltinClassLoader$1
instanceKlass jdk/internal/loader/URLClassPath$1
# instanceKlass java/lang/invoke/LambdaForm$MH+0x000076c0f0098000
instanceKlass  @bci com/intellij/platform/ide/bootstrap/StartupUtil logEssentialInfoAboutIde (Lcom/intellij/openapi/diagnostic/Logger;Lcom/intellij/openapi/application/ApplicationInfo;Ljava/util/List;)V 406 <appendix> argL4 argL2 form vmentry <vmtarget> ; # java/lang/invoke/LambdaForm$MH+0x000076c0f0095c00
instanceKlass java/util/ServiceLoader$3
instanceKlass java/util/ServiceLoader$2
instanceKlass java/util/ServiceLoader$LazyClassPathLookupIterator
instanceKlass java/util/Spliterators$1Adapter
instanceKlass java/util/Spliterator$OfDouble
instanceKlass java/util/Spliterator$OfLong
instanceKlass java/util/Spliterator$OfInt
instanceKlass java/util/Spliterator$OfPrimitive
# instanceKlass java/lang/invoke/LambdaForm$MH+0x000076c0f0095800
instanceKlass java/util/Spliterators$EmptySpliterator
instanceKlass org/codehaus/stax2/typed/TypedValueDecoder
instanceKlass java/util/Spliterators
instanceKlass java/util/ServiceLoader$ModuleServicesLookupIterator
instanceKlass java/util/ServiceLoader
instanceKlass jdk/internal/logger/BootstrapLogger$DetectBackend$1
instanceKlass jdk/internal/logger/BootstrapLogger$DetectBackend
# instanceKlass java/lang/invoke/LambdaForm$MH+0x000076c0f0095400
instanceKlass jdk/internal/logger/BootstrapLogger
instanceKlass sun/util/logging/PlatformLogger$ConfigurableBridge
instanceKlass sun/util/logging/PlatformLogger$Bridge
instanceKlass java/lang/System$Logger
instanceKlass com/intellij/platform/ide/bootstrap/EuaKt
instanceKlass java/util/stream/Streams
instanceKlass com/fasterxml/aalto/stax/StreamReaderImpl
instanceKlass java/util/stream/Stream$Builder
instanceKlass java/util/stream/Streams$AbstractStreamBuilderImpl
instanceKlass java/util/stream/Sink$ChainedReference
instanceKlass  @bci java/util/stream/FindOps$FindSink$OfRef <clinit> ()V 43 <appendix> argL0 ; # java/util/stream/FindOps$FindSink$OfRef$$Lambda+0x800000074
instanceKlass  @bci java/util/stream/FindOps$FindSink$OfRef <clinit> ()V 38 <appendix> argL0 ; # java/util/stream/FindOps$FindSink$OfRef$$Lambda+0x800000076
instanceKlass org/codehaus/stax2/LocationInfo
# instanceKlass java/lang/invoke/LambdaForm$MH+0x000076c0f0095000
instanceKlass org/codehaus/stax2/DTDInfo
instanceKlass  @bci java/util/stream/FindOps$FindSink$OfRef <clinit> ()V 16 <appendix> argL0 ; # java/util/stream/FindOps$FindSink$OfRef$$Lambda+0x800000075
instanceKlass org/codehaus/stax2/AttributeInfo
instanceKlass org/codehaus/stax2/XMLStreamReader2
instanceKlass  @bci java/util/stream/FindOps$FindSink$OfRef <clinit> ()V 11 <appendix> argL0 ; # java/util/stream/FindOps$FindSink$OfRef$$Lambda+0x800000077
instanceKlass org/codehaus/stax2/validation/Validatable
instanceKlass org/codehaus/stax2/typed/TypedXMLStreamReader
instanceKlass javax/xml/stream/XMLStreamReader
instanceKlass java/util/stream/FindOps$FindOp
instanceKlass java/util/stream/TerminalOp
instanceKlass  @bci org/h2/mvstore/DataUtils formatMessage (ILjava/lang/String;[Ljava/lang/Object;)Ljava/lang/String; 90 <appendix> argL2 form vmentry <vmtarget> ; # java/lang/invoke/LambdaForm$MH+0x000076c0f0094c00
instanceKlass java/util/stream/FindOps$FindSink
instanceKlass java/util/stream/TerminalSink
instanceKlass java/util/stream/Sink
instanceKlass java/util/function/Consumer
instanceKlass java/util/stream/FindOps
instanceKlass  @bci java/util/logging/Level$KnownLevel findByName (Ljava/lang/String;Ljava/util/function/Function;)Ljava/util/Optional; 29 <appendix> argL0 ; # java/util/logging/Level$KnownLevel$$Lambda+0x80000004a
instanceKlass java/util/concurrent/locks/StampedLock
# instanceKlass java/lang/invoke/LambdaForm$MH+0x000076c0f0094800
instanceKlass com/intellij/util/lang/ZipEntryResolverPool
instanceKlass  @bci com/intellij/platform/ide/bootstrap/StartupUtil startApplication (Lkotlinx/coroutines/CoroutineScope;Ljava/util/List;Lkotlinx/coroutines/Deferred;Ljava/nio/file/Path;Lkotlinx/coroutines/Deferred;Lkotlinx/coroutines/Deferred;Lkotlinx/coroutines/CoroutineScope;Ljava/lang/Thread;)V 464 <appendix> member <vmtarget> ; # com/intellij/platform/ide/bootstrap/StartupUtil$$Lambda+0x000076c0f00902a8
instanceKlass javax/xml/stream/Location
# instanceKlass java/lang/invoke/LambdaForm$MH+0x000076c0f0094400
instanceKlass  @bci sun/font/SunFontManager$2 run ()Ljava/lang/Void; 10 <appendix> argL1 form vmentry <vmtarget> ; # java/lang/invoke/LambdaForm$MH+0x000076c0f0094000
instanceKlass java/util/EnumMap$1
instanceKlass java/util/stream/StreamOpFlag$MaskBuilder
# instanceKlass java/lang/invoke/LambdaForm$MH+0x000076c0f008d400
instanceKlass java/util/stream/Stream
# instanceKlass java/lang/invoke/LambdaForm$MH+0x000076c0f008d000
instanceKlass com/intellij/platform/ide/bootstrap/CommandLineArgs
instanceKlass java/util/stream/BaseStream
instanceKlass java/util/stream/PipelineHelper
instanceKlass java/util/stream/StreamSupport
instanceKlass java/util/ArrayList$ArrayListSpliterator
instanceKlass java/util/Spliterator
instanceKlass  @bci java/util/logging/Level findLevel (Ljava/lang/String;)Ljava/util/logging/Level; 13 <appendix> argL0 ; # java/util/logging/Level$$Lambda+0x80000003e
instanceKlass java/nio/channels/AsynchronousFileChannel
instanceKlass java/nio/channels/AsynchronousChannel
instanceKlass java/util/Hashtable$Enumerator
instanceKlass java/nio/file/FileStore
instanceKlass java/util/Collections$SynchronizedCollection
instanceKlass java/nio/file/DirectoryStream
instanceKlass java/nio/file/DirectoryStream$Filter
instanceKlass java/util/Properties$EntrySet
instanceKlass  @bci org/h2/mvstore/DataUtils formatMessage (ILjava/lang/String;[Ljava/lang/Object;)Ljava/lang/String; 90 <appendix> argL1 argL0 form vmentry <vmtarget> ; # java/lang/invoke/LambdaForm$MH+0x000076c0f008cc00
instanceKlass kotlinx/coroutines/DisposeOnCancel
instanceKlass kotlinx/coroutines/CancelHandler
instanceKlass jdk/internal/vm/ThreadContainers
instanceKlass kotlinx/coroutines/CancellableContinuationKt
instanceKlass jdk/internal/vm/StackableScope
instanceKlass java/util/Collections$3
instanceKlass java/util/concurrent/LinkedTransferQueue$DualNode
instanceKlass java/util/concurrent/TransferQueue
# instanceKlass java/lang/invoke/LambdaForm$MH+0x000076c0f008c800
instanceKlass java/util/concurrent/BlockingQueue
instanceKlass java/util/logging/LogManager$LoggerContext$1
instanceKlass java/util/concurrent/ThreadPoolExecutor$AbortPolicy
instanceKlass java/util/concurrent/RejectedExecutionHandler
instanceKlass java/util/logging/LogManager$VisitedLoggers
instanceKlass java/util/function/Predicate
instanceKlass kotlinx/coroutines/Active
instanceKlass java/util/concurrent/AbstractExecutorService
instanceKlass java/util/concurrent/ExecutorService
instanceKlass java/util/concurrent/Executors
instanceKlass kotlinx/coroutines/NotCompleted
# instanceKlass java/lang/invoke/LambdaForm$MH+0x000076c0f008c400
instanceKlass com/fasterxml/aalto/in/XmlScanner
instanceKlass java/io/ExternalChannelHolder
instanceKlass  @bci java/lang/ProcessHandleImpl lambda$static$1 ()Ljava/util/concurrent/Executor; 45 <appendix> member <vmtarget> ; # java/lang/ProcessHandleImpl$$Lambda+0x800000014
instanceKlass javax/xml/namespace/NamespaceContext
instanceKlass javax/xml/stream/XMLStreamConstants
# instanceKlass java/lang/invoke/LambdaForm$MH+0x000076c0f008c000
instanceKlass java/util/logging/LogManager$2
instanceKlass java/lang/System$LoggerFinder
instanceKlass  @bci java/lang/ProcessHandleImpl <clinit> ()V 32 <appendix> argL0 ; # java/lang/ProcessHandleImpl$$Lambda+0x800000015
instanceKlass java/security/Security$1
instanceKlass jdk/internal/access/JavaSecurityPropertiesAccess
instanceKlass java/util/concurrent/ConcurrentHashMap$MapEntry
instanceKlass kotlinx/coroutines/Waiter
instanceKlass java/lang/ProcessHandleImpl
instanceKlass java/io/FileInputStream$1
instanceKlass java/lang/ProcessHandle
instanceKlass kotlinx/coroutines/CancellableContinuation
instanceKlass com/fasterxml/aalto/in/InputBootstrapper
instanceKlass  @bci com/intellij/platform/ide/bootstrap/StartupUtil lockSystemDirs (Ljava/util/List;)V 10 <appendix> argL0 ; # com/intellij/platform/ide/bootstrap/StartupUtil$$Lambda+0x000076c0f0088f80
instanceKlass com/fasterxml/aalto/util/XmlConsts
instanceKlass java/beans/PropertyChangeListener
instanceKlass java/util/EventListener
instanceKlass java/beans/ChangeListenerMap
instanceKlass java/beans/PropertyChangeSupport
instanceKlass kotlin/reflect/KClass
instanceKlass kotlin/reflect/KClassifier
instanceKlass kotlin/reflect/KAnnotatedElement
instanceKlass com/fasterxml/aalto/util/UriCanonicalizer
instanceKlass kotlin/reflect/KDeclarationContainer
instanceKlass java/util/logging/Formatter
instanceKlass com/intellij/openapi/Disposable
instanceKlass com/fasterxml/aalto/in/ReaderConfig$EncodingContext
instanceKlass com/intellij/util/ui/accessibility/ScreenReader
instanceKlass com/intellij/ui/icons/CoreIconManager
instanceKlass com/intellij/ui/CoreAwareIconManager
instanceKlass kotlinx/coroutines/CompletableDeferred
instanceKlass com/fasterxml/aalto/impl/CommonConfig
instanceKlass kotlinx/coroutines/CompletableDeferredKt
instanceKlass  @bci com/intellij/openapi/diagnostic/Logger <clinit> ()V 11 <appendix> argL0 ; # com/intellij/openapi/diagnostic/Logger$$Lambda+0x000076c0f0084c68
instanceKlass java/util/concurrent/atomic/AtomicBoolean
instanceKlass com/intellij/openapi/diagnostic/Attachment
instanceKlass com/intellij/ui/IconManager$Companion
instanceKlass com/intellij/util/xml/dom/StaxFactory
instanceKlass com/intellij/platform/ide/bootstrap/SplashManagerKt
instanceKlass com/intellij/ui/IconManager
instanceKlass kotlinx/coroutines/JobSupport$Finishing
instanceKlass com/intellij/openapi/diagnostic/Logger$DefaultFactory
instanceKlass  @bci java/security/Security <clinit> ()V 9 <appendix> argL0 ; # java/security/Security$$Lambda+0x800000034
instanceKlass java/security/Security
instanceKlass jdk/internal/util/random/RandomSupport
instanceKlass sun/security/util/SecurityProperties
instanceKlass sun/security/util/FilePermCompat
instanceKlass java/util/Random
instanceKlass java/util/random/RandomGenerator
instanceKlass com/intellij/openapi/util/SystemInfoRt
instanceKlass com/intellij/openapi/application/ex/ApplicationInfoEx$UpdateUrls
instanceKlass com/intellij/openapi/diagnostic/Logger$Factory
instanceKlass java/util/Collections$1
instanceKlass com/intellij/openapi/diagnostic/Logger
instanceKlass java/time/temporal/TemporalAdjuster
instanceKlass java/time/temporal/TemporalAccessor
instanceKlass java/time/ZoneId
instanceKlass  @bci com/intellij/platform/ide/bootstrap/StartupUtil$startApplication$2 invokeSuspend (Ljava/lang/Object;)Ljava/lang/Object; 35 <appendix> argL0 ; # com/intellij/platform/ide/bootstrap/StartupUtil$startApplication$2$$Lambda+0x000076c0f0080dd0
instanceKlass java/util/Calendar
instanceKlass java/util/logging/LogManager$LoggingProviderAccess
instanceKlass sun/util/logging/internal/LoggingProviderImpl$LogManagerAccess
instanceKlass java/lang/Shutdown$Lock
instanceKlass java/lang/Shutdown
instanceKlass java/lang/ApplicationShutdownHooks$1
instanceKlass com/intellij/openapi/application/ApplicationInfo
instanceKlass java/lang/ApplicationShutdownHooks
instanceKlass java/util/function/BiConsumer
instanceKlass com/intellij/util/xml/dom/XmlDomReader
instanceKlass java/util/Collections$SynchronizedMap
instanceKlass java/util/logging/LogManager$LogNode
instanceKlass java/util/logging/LogManager$LoggerContext
instanceKlass java/util/logging/LogManager$1
instanceKlass com/intellij/openapi/application/ApplicationNamesInfo
instanceKlass java/util/logging/LogManager
instanceKlass java/util/logging/Logger$ConfigurationData
instanceKlass java/util/logging/Logger$LoggerBundle
instanceKlass kotlin/collections/SetsKt__SetsJVMKt
instanceKlass com/intellij/platform/ide/bootstrap/UiKt
instanceKlass java/net/SocketAddress
instanceKlass java/net/ProtocolFamily
instanceKlass  @bci java/util/logging/Level$KnownLevel add (Ljava/util/logging/Level;)V 49 <appendix> argL0 ; # java/util/logging/Level$KnownLevel$$Lambda+0x800000049
instanceKlass com/intellij/platform/ide/bootstrap/DirectoryLock
instanceKlass  @bci java/util/logging/Level$KnownLevel add (Ljava/util/logging/Level;)V 19 <appendix> argL0 ; # java/util/logging/Level$KnownLevel$$Lambda+0x800000048
instanceKlass java/util/logging/Level
instanceKlass java/util/logging/Handler
instanceKlass java/util/logging/Logger
instanceKlass com/intellij/util/containers/VarHandleWrapper
instanceKlass com/intellij/util/containers/VarHandleWrapper$VarHandleWrapperFactory
instanceKlass kotlinx/coroutines/CoroutineScopeKt
instanceKlass com/intellij/util/containers/Java11Shim$Companion
instanceKlass com/intellij/util/containers/Java11Shim
instanceKlass com/intellij/ide/Y/k/ds
instanceKlass com/intellij/ide/Y/k/dp
instanceKlass  @bci com/intellij/platform/ide/bootstrap/StartupUtil <clinit> ()V 4 <appendix> argL0 ; # com/intellij/platform/ide/bootstrap/StartupUtil$$Lambda+0x000076c0f003aff8
instanceKlass java/security/Key
instanceKlass java/security/spec/AlgorithmParameterSpec
instanceKlass java/security/spec/KeySpec
instanceKlass com/intellij/openapi/diagnostic/ExceptionWithAttachments
instanceKlass com/intellij/idea/MainImpl
instanceKlass com/intellij/platform/ide/bootstrap/AppStarter
instanceKlass com/intellij/platform/ide/bootstrap/StartupUtil
instanceKlass com/intellij/platform/bootstrap/MarketplaceKt
instanceKlass kotlinx/coroutines/IncompleteStateBox
instanceKlass kotlin/coroutines/jvm/internal/Boxing
instanceKlass kotlinx/coroutines/internal/SoftLimitedDispatcher$Worker
instanceKlass kotlinx/coroutines/Deferred
instanceKlass kotlinx/coroutines/DefaultExecutorKt
instanceKlass kotlinx/coroutines/internal/LimitedDispatcherKt
instanceKlass com/intellij/concurrency/IdeaForkJoinWorkerThreadFactory
instanceKlass java/util/concurrent/ForkJoinPool$ForkJoinWorkerThreadFactory
instanceKlass com/intellij/openapi/project/impl/DisabledP3Support
instanceKlass com/intellij/openapi/project/impl/P3Support
instanceKlass kotlin/coroutines/jvm/internal/CompletedContinuation
instanceKlass java/util/concurrent/atomic/AtomicReference
instanceKlass com/intellij/openapi/project/impl/P3SupportInstaller
instanceKlass com/intellij/idea/Main$startApp$2$1$1
instanceKlass com/intellij/diagnostic/CoroutineTracerShim$Companion$coroutineTracer$1
instanceKlass com/intellij/diagnostic/CoroutineTracerShim$Companion
instanceKlass com/intellij/diagnostic/CoroutineTracerShim
instanceKlass kotlinx/coroutines/internal/Removed
instanceKlass kotlinx/coroutines/InactiveNodeList
instanceKlass kotlin/jvm/internal/TypeIntrinsics
instanceKlass kotlinx/coroutines/intrinsics/UndispatchedKt
instanceKlass  @bci com/intellij/platform/diagnostic/telemetry/impl/CoroutineTimeMeasurer updateThreadContext (Lkotlin/coroutines/CoroutineContext;)V 135 <appendix> member <vmtarget> ; # com/intellij/platform/diagnostic/telemetry/impl/CoroutineTimeMeasurer$$Lambda+0x000076c0f0036a78
instanceKlass  @bci com/intellij/util/io/mvstore/MvStoreHelperKt getInvalidateMarkerFile (Ljava/nio/file/Path;)Ljava/nio/file/Path; 7 <appendix> form vmentry <vmtarget> ; # java/lang/invoke/LambdaForm$MH+0x000076c0f0030800
instanceKlass com/intellij/diagnostic/ActivityImpl
instanceKlass java/util/concurrent/ConcurrentLinkedQueue$Node
instanceKlass com/intellij/diagnostic/StartUpMeasurer
instanceKlass kotlinx/coroutines/UndispatchedMarker
instanceKlass kotlinx/coroutines/CoroutineName$Key
instanceKlass kotlinx/coroutines/internal/LockFreeTaskQueueCore$Placeholder
instanceKlass java/lang/Thread$ThreadNumbering
instanceKlass kotlinx/coroutines/scheduling/WorkQueue
instanceKlass kotlinx/coroutines/scheduling/ParallelismCompensation
instanceKlass kotlinx/coroutines/internal/LockFreeLinkedListNode
instanceKlass kotlinx/coroutines/JobKt__JobKt
instanceKlass kotlinx/coroutines/JobKt
instanceKlass com/intellij/platform/diagnostic/telemetry/impl/CoroutineTimeMeasurer$Companion
instanceKlass com/intellij/platform/diagnostic/telemetry/impl/CoroutineTimeMeasurer
instanceKlass  @bci kotlinx/coroutines/CoroutineContextKt foldCopies (Lkotlin/coroutines/CoroutineContext;Lkotlin/coroutines/CoroutineContext;Z)Lkotlin/coroutines/CoroutineContext; 83 <appendix> argL0 ; # kotlinx/coroutines/CoroutineContextKt$$Lambda+0x000076c0f002eaa0
instanceKlass  @bci kotlinx/coroutines/CoroutineContextKt foldCopies (Lkotlin/coroutines/CoroutineContext;Lkotlin/coroutines/CoroutineContext;Z)Lkotlin/coroutines/CoroutineContext; 50 <appendix> form vmentry <vmtarget> ; # java/lang/invoke/LambdaForm$DMH+0x000076c0f0030400
instanceKlass  @bci kotlinx/coroutines/CoroutineContextKt foldCopies (Lkotlin/coroutines/CoroutineContext;Lkotlin/coroutines/CoroutineContext;Z)Lkotlin/coroutines/CoroutineContext; 50 <appendix> member <vmtarget> ; # kotlinx/coroutines/CoroutineContextKt$$Lambda+0x000076c0f002e848
instanceKlass  @cpi kotlinx/coroutines/CoroutineContextKt 131 form vmentry <vmtarget> ; # java/lang/invoke/LambdaForm$DMH+0x000076c0f0030000
instanceKlass kotlin/jvm/internal/Ref$ObjectRef
instanceKlass kotlinx/coroutines/BuildersKt__Builders_commonKt
instanceKlass kotlin/coroutines/jvm/internal/SpillingKt
instanceKlass com/intellij/platform/diagnostic/telemetry/impl/CoroutineTimeMeasurerKey
instanceKlass kotlinx/coroutines/ThreadContextElement$DefaultImpls
instanceKlass kotlinx/coroutines/CopyableThreadContextElement$DefaultImpls
instanceKlass com/intellij/platform/diagnostic/telemetry/impl/TracerKt$noActivity$1
instanceKlass com/intellij/diagnostic/Activity
instanceKlass com/intellij/platform/diagnostic/telemetry/impl/DefaultTraceReporter
instanceKlass com/intellij/platform/diagnostic/telemetry/impl/TraceReporter
instanceKlass com/intellij/platform/diagnostic/telemetry/impl/MeasureCoroutineTime
instanceKlass com/intellij/platform/diagnostic/telemetry/impl/TracerKt
instanceKlass kotlinx/coroutines/CoroutineExceptionHandler$Key
instanceKlass kotlinx/coroutines/CoroutineExceptionHandler
instanceKlass kotlin/ResultKt
instanceKlass kotlinx/coroutines/DispatchedTaskKt
instanceKlass kotlinx/coroutines/CompletedExceptionally
instanceKlass  @bci kotlinx/coroutines/internal/intellij/IntellijKt <clinit> ()V 0 <appendix> argL0 ; # kotlinx/coroutines/internal/intellij/IntellijKt$$Lambda+0x000076c0f002b4b8
instanceKlass kotlinx/coroutines/internal/intellij/IntellijKt
instanceKlass kotlinx/coroutines/internal/ThreadContextKt
instanceKlass kotlinx/coroutines/EventLoop_commonKt
instanceKlass kotlinx/coroutines/AbstractTimeSourceKt
instanceKlass kotlin/Result$Failure
instanceKlass kotlinx/coroutines/CompletionStateKt
instanceKlass kotlin/Unit
instanceKlass kotlin/Result$Companion
instanceKlass kotlin/Result
instanceKlass  @bci kotlinx/coroutines/internal/ThreadContext_commonKt <clinit> ()V 28 <appendix> argL0 ; # kotlinx/coroutines/internal/ThreadContext_commonKt$$Lambda+0x000076c0f0029e60
instanceKlass kotlinx/coroutines/internal/ThreadState
instanceKlass  @bci kotlinx/coroutines/internal/ThreadContext_commonKt <clinit> ()V 20 <appendix> argL0 ; # kotlinx/coroutines/internal/ThreadContext_commonKt$$Lambda+0x000076c0f00299d0
instanceKlass  @bci kotlinx/coroutines/internal/ThreadContext_commonKt <clinit> ()V 12 <appendix> argL0 ; # kotlinx/coroutines/internal/ThreadContext_commonKt$$Lambda+0x000076c0f0029780
instanceKlass kotlinx/coroutines/internal/ThreadContext_commonKt
instanceKlass kotlinx/coroutines/internal/DispatchedContinuationKt
instanceKlass kotlinx/coroutines/scheduling/Task
instanceKlass kotlin/coroutines/jvm/internal/CoroutineDumpState
instanceKlass kotlin/coroutines/jvm/internal/DebugProbesKt
instanceKlass kotlin/coroutines/intrinsics/IntrinsicsKt__IntrinsicsJvmKt
instanceKlass kotlinx/coroutines/intrinsics/CancellableKt
instanceKlass kotlinx/coroutines/CoroutineStart$WhenMappings
instanceKlass kotlin/coroutines/CombinedContext
instanceKlass kotlinx/coroutines/Job$DefaultImpls
instanceKlass  @bci kotlin/coroutines/CoroutineContext$DefaultImpls plus (Lkotlin/coroutines/CoroutineContext;Lkotlin/coroutines/CoroutineContext;)Lkotlin/coroutines/CoroutineContext; 19 <appendix> argL0 ; # kotlin/coroutines/CoroutineContext$DefaultImpls$$Lambda+0x000076c0f00214a8
instanceKlass kotlin/coroutines/CoroutineContext$DefaultImpls
instanceKlass kotlinx/coroutines/NonDisposableHandle
instanceKlass kotlinx/coroutines/ChildHandle
instanceKlass kotlinx/coroutines/DisposableHandle
instanceKlass kotlinx/coroutines/Job$Key
instanceKlass kotlinx/coroutines/Empty
instanceKlass kotlinx/coroutines/Incomplete
instanceKlass kotlinx/coroutines/JobSupportKt
instanceKlass kotlinx/coroutines/JobSupport
instanceKlass kotlinx/coroutines/ParentJob
instanceKlass kotlinx/coroutines/ChildJob
instanceKlass kotlinx/coroutines/Job
instanceKlass kotlin/coroutines/ContinuationInterceptor$DefaultImpls
instanceKlass java/util/concurrent/atomic/AtomicReferenceArray
instanceKlass kotlinx/coroutines/internal/LockFreeTaskQueueCore$Companion
instanceKlass kotlinx/coroutines/internal/LockFreeTaskQueueCore
instanceKlass kotlinx/coroutines/internal/ResizableAtomicArray
instanceKlass kotlinx/coroutines/internal/LockFreeTaskQueue
instanceKlass java/util/concurrent/atomic/AtomicLongFieldUpdater$CASUpdater$1
instanceKlass java/util/concurrent/atomic/AtomicLongFieldUpdater
instanceKlass kotlinx/coroutines/scheduling/CoroutineScheduler$Companion
instanceKlass kotlinx/coroutines/scheduling/CoroutineScheduler
instanceKlass java/util/concurrent/Executor
instanceKlass kotlinx/coroutines/scheduling/SchedulerTimeSource
instanceKlass kotlin/ranges/RangesKt__RangesKt
instanceKlass kotlinx/coroutines/internal/SystemPropsKt__SystemProps_commonKt
instanceKlass kotlinx/coroutines/scheduling/TasksKt
instanceKlass  @bci kotlinx/coroutines/ExecutorCoroutineDispatcher$Key <init> ()V 7 <appendix> argL0 ; # kotlinx/coroutines/ExecutorCoroutineDispatcher$Key$$Lambda+0x000076c0f0025638
instanceKlass kotlinx/coroutines/internal/SoftLimitedParallelism
instanceKlass kotlinx/coroutines/Dispatchers
instanceKlass kotlinx/coroutines/internal/SystemPropsKt__SystemPropsKt
instanceKlass kotlinx/coroutines/internal/SystemPropsKt
instanceKlass kotlinx/coroutines/DebugKt
instanceKlass kotlinx/coroutines/CopyableThreadContextElement
instanceKlass kotlinx/coroutines/ThreadContextElement
instanceKlass kotlin/coroutines/CoroutineContext$Element$DefaultImpls
instanceKlass  @bci kotlinx/coroutines/CoroutineContextKt hasCopyableElements (Lkotlin/coroutines/CoroutineContext;)Z 5 <appendix> argL0 ; # kotlinx/coroutines/CoroutineContextKt$$Lambda+0x000076c0f001f270
instanceKlass  @cpi kotlinx/coroutines/CoroutineContextKt 90 form vmentry <vmtarget> ; # java/lang/invoke/LambdaForm$DMH+0x000076c0f0020000
instanceKlass kotlinx/coroutines/CoroutineContextKt
instanceKlass kotlinx/coroutines/GlobalScope
instanceKlass kotlinx/coroutines/CoroutineScope
instanceKlass java/util/concurrent/atomic/AtomicIntegerFieldUpdater$AtomicIntegerFieldUpdaterImpl$1
instanceKlass java/util/concurrent/atomic/AtomicIntegerFieldUpdater
instanceKlass  @bci kotlinx/coroutines/CoroutineDispatcher$Key <init> ()V 7 <appendix> argL0 ; # kotlinx/coroutines/CoroutineDispatcher$Key$$Lambda+0x000076c0f001e968
instanceKlass kotlin/jvm/functions/Function1
instanceKlass kotlin/coroutines/AbstractCoroutineContextKey
instanceKlass kotlin/coroutines/AbstractCoroutineContextElement
instanceKlass kotlinx/coroutines/Delay
instanceKlass kotlinx/coroutines/EventLoopKt
instanceKlass kotlinx/coroutines/internal/ThreadLocalKt
instanceKlass kotlinx/coroutines/internal/Symbol
instanceKlass kotlinx/coroutines/ThreadLocalEventLoop
instanceKlass kotlin/coroutines/ContinuationInterceptor$Key
instanceKlass kotlin/coroutines/CoroutineContext$Key
instanceKlass kotlin/coroutines/ContinuationInterceptor
instanceKlass kotlin/coroutines/CoroutineContext$Element
instanceKlass kotlin/coroutines/EmptyCoroutineContext
instanceKlass kotlin/coroutines/CoroutineContext
instanceKlass kotlinx/coroutines/BuildersKt__BuildersKt
instanceKlass kotlinx/coroutines/BuildersKt
instanceKlass kotlin/coroutines/jvm/internal/BaseContinuationImpl
instanceKlass kotlin/coroutines/jvm/internal/CoroutineStackFrame
instanceKlass kotlin/coroutines/Continuation
instanceKlass kotlin/coroutines/jvm/internal/SuspendFunction
instanceKlass kotlin/jvm/internal/FunctionBase
instanceKlass kotlin/jvm/functions/Function2
instanceKlass  @bci java/util/regex/Pattern Single (I)Ljava/util/regex/Pattern$BmpCharPredicate; 1 <appendix> member <vmtarget> ; # java/util/regex/Pattern$$Lambda+0x800000056
instanceKlass com/intellij/openapi/application/PathManager$Lazy
instanceKlass java/lang/StringUTF16
instanceKlass java/nio/charset/CoderResult
instanceKlass java/util/Properties$LineReader
instanceKlass sun/nio/ch/SelChImpl
instanceKlass java/nio/channels/NetworkChannel
instanceKlass sun/nio/ch/Streams
instanceKlass java/nio/channels/Channels
instanceKlass java/util/Collections$EmptyIterator
instanceKlass java/nio/charset/CharsetDecoder
instanceKlass com/jetbrains/internal/IoToNioErrorMessageHolder
instanceKlass  @bci com/intellij/openapi/application/ArchivedCompilationContextUtil <clinit> ()V 27 <appendix> argL0 ; # com/intellij/openapi/application/ArchivedCompilationContextUtil$$Lambda+0x000076c0f0019000
instanceKlass kotlin/UNINITIALIZED_VALUE
instanceKlass sun/reflect/misc/ReflectUtil
instanceKlass java/util/concurrent/atomic/AtomicReferenceFieldUpdater$AtomicReferenceFieldUpdaterImpl$1
instanceKlass java/util/concurrent/atomic/AtomicReferenceFieldUpdater
instanceKlass kotlin/SafePublicationLazyImpl$Companion
instanceKlass kotlin/SafePublicationLazyImpl
instanceKlass kotlin/Lazy
instanceKlass kotlin/LazyKt__LazyJVMKt$WhenMappings
instanceKlass kotlin/LazyKt__LazyJVMKt
instanceKlass  @bci com/intellij/openapi/application/ArchivedCompilationContextUtil <clinit> ()V 13 <appendix> argL0 ; # com/intellij/openapi/application/ArchivedCompilationContextUtil$$Lambda+0x000076c0f0016a30
instanceKlass kotlin/jvm/functions/Function0
instanceKlass kotlin/Function
instanceKlass kotlin/collections/AbstractList$Companion
instanceKlass kotlin/collections/AbstractCollection
instanceKlass kotlin/enums/EnumEntries
instanceKlass kotlin/jvm/internal/markers/KMappedMarker
instanceKlass kotlin/enums/EnumEntriesKt
instanceKlass com/intellij/openapi/application/ArchivedCompilationContextUtil
instanceKlass sun/nio/fs/UnixUriUtils
instanceKlass java/net/URLConnection
instanceKlass com/intellij/util/lang/ZipResourceFile$ZipFileResource
instanceKlass com/intellij/util/lang/ImmutableZipFile$MyZipResource
instanceKlass sun/nio/ch/Util$BufferCache
instanceKlass java/util/zip/ZipFile$Source$ChannelFileAccessor
instanceKlass java/nio/file/attribute/PosixFileAttributeView
instanceKlass java/nio/file/attribute/FileOwnerAttributeView
instanceKlass java/util/Collections$UnmodifiableCollection
instanceKlass java/util/Arrays$ArrayItr
instanceKlass sun/nio/fs/LinuxFileSystem$SupportedFileFileAttributeViewsHolder
instanceKlass jdk/internal/jimage/ImageLocation
instanceKlass jdk/internal/jimage/decompressor/Decompressor
instanceKlass jdk/internal/jimage/ImageStringsReader
instanceKlass jdk/internal/jimage/ImageStrings
instanceKlass jdk/internal/jimage/ImageHeader
instanceKlass jdk/internal/jimage/NativeImageBuffer$1
instanceKlass jdk/internal/jimage/NativeImageBuffer
instanceKlass jdk/internal/jimage/BasicImageReader$1
instanceKlass jdk/internal/jimage/BasicImageReader
instanceKlass jdk/internal/jimage/ImageReader
instanceKlass jdk/internal/jimage/ImageReaderFactory$1
instanceKlass jdk/internal/jimage/ImageReaderFactory
instanceKlass jdk/internal/module/SystemModuleFinders$SystemImage
instanceKlass jdk/internal/module/SystemModuleFinders$SystemModuleReader
instanceKlass java/lang/module/ModuleReader
instanceKlass jdk/internal/loader/BuiltinClassLoader$5
instanceKlass jdk/internal/loader/BuiltinClassLoader$2
instanceKlass jdk/internal/module/Resources
instanceKlass com/intellij/openapi/application/PathManager$2
instanceKlass java/lang/Process
instanceKlass java/lang/ProcessEnvironment$ExternalData
instanceKlass java/lang/ProcessEnvironment
instanceKlass com/intellij/openapi/util/text/StringUtilRt
# instanceKlass java/lang/invoke/LambdaForm$MH+0x000076c0f0016000
instanceKlass java/lang/invoke/MethodHandle$1
instanceKlass  @bci com/intellij/openapi/util/text/StringUtil <clinit> ()V 24 <appendix> argL0 ; # com/intellij/openapi/util/text/StringUtil$$Lambda+0x000076c0f0014270
instanceKlass  @bci com/intellij/openapi/util/text/StringUtil <clinit> ()V 16 <appendix> argL0 ; # com/intellij/openapi/util/text/StringUtil$$Lambda+0x000076c0f0014000
instanceKlass com/intellij/openapi/util/text/StringUtil
instanceKlass java/util/regex/ASCII
instanceKlass java/util/regex/IntHashSet
instanceKlass java/util/regex/Matcher
instanceKlass java/util/regex/MatchResult
instanceKlass java/util/regex/Pattern$TreeInfo
instanceKlass  @bci java/util/regex/Pattern DOT ()Ljava/util/regex/Pattern$CharPredicate; 0 <appendix> argL0 ; # java/util/regex/Pattern$$Lambda+0x800000055
instanceKlass  @bci java/util/regex/CharPredicates ASCII_DIGIT ()Ljava/util/regex/Pattern$BmpCharPredicate; 0 <appendix> argL0 ; # java/util/regex/CharPredicates$$Lambda+0x80000004b
instanceKlass java/util/regex/Pattern$BmpCharPredicate
instanceKlass java/util/regex/Pattern$CharPredicate
instanceKlass java/util/regex/CharPredicates
instanceKlass java/util/regex/Pattern$Node
instanceKlass java/util/regex/Pattern
instanceKlass com/intellij/openapi/util/Version
instanceKlass com/intellij/util/system/OS$VersionHolder
instanceKlass com/intellij/util/system/OS$OsInfo
instanceKlass java/io/Reader
instanceKlass java/lang/Readable
instanceKlass com/intellij/openapi/application/PathManager
instanceKlass com/intellij/platform/core/nio/fs/MultiRoutingFsPath
instanceKlass sun/nio/fs/BasicFileAttributesHolder
instanceKlass java/nio/file/Paths
instanceKlass com/intellij/idea/AppMode
instanceKlass kotlin/Pair
instanceKlass kotlin/text/StringsKt__AppendableKt
instanceKlass kotlin/collections/ArraysKt__ArraysJVMKt
instanceKlass kotlin/jvm/internal/Intrinsics
instanceKlass com/intellij/idea/Main
instanceKlass java/lang/invoke/VarHandle$AccessDescriptor
instanceKlass java/lang/invoke/VarForm
instanceKlass java/lang/invoke/VarHandleGuards
instanceKlass java/lang/invoke/VarHandles
instanceKlass com/intellij/util/lang/ByteArrayAccess
instanceKlass com/intellij/util/lang/Xxh3
instanceKlass java/nio/charset/StandardCharsets
instanceKlass com/intellij/util/lang/StrippedLongToObjectMap
instanceKlass com/intellij/util/lang/ZipResourceFile$1
instanceKlass java/util/AbstractMap$SimpleImmutableEntry
instanceKlass com/intellij/util/lang/JarLoader
instanceKlass com/intellij/util/lang/Hash
instanceKlass com/intellij/util/lang/StrippedLongToLongMap
instanceKlass com/intellij/util/lang/Ikv
# instanceKlass java/lang/invoke/LambdaForm$MH+0x000076c0f000b400
instanceKlass java/lang/ClassValue$Version
instanceKlass java/lang/ClassValue$Identity
instanceKlass java/lang/ClassValue
instanceKlass java/lang/invoke/MethodHandleImpl$ArrayAccessor
instanceKlass java/lang/invoke/MethodHandleImpl$LoopClauses
instanceKlass java/lang/invoke/MethodHandleImpl$CasesHolder
# instanceKlass java/lang/invoke/LambdaForm$MH+0x000076c0f000b000
# instanceKlass java/lang/invoke/LambdaForm$MH+0x000076c0f000ac00
# instanceKlass java/lang/invoke/LambdaForm$MH+0x000076c0f000a800
# instanceKlass java/lang/invoke/LambdaForm$MH+0x000076c0f000a400
# instanceKlass java/lang/invoke/LambdaForm$MH+0x000076c0f000a000
# instanceKlass java/lang/invoke/LambdaForm$MH+0x000076c0f0009c00
# instanceKlass java/lang/invoke/LambdaForm$BMH+0x000076c0f0009800
# instanceKlass java/lang/invoke/LambdaForm$DMH+0x000076c0f0009400
# instanceKlass java/lang/invoke/LambdaForm$MH+0x000076c0f0009000
# instanceKlass java/lang/invoke/LambdaForm$DMH+0x000076c0f0008c00
# instanceKlass java/lang/invoke/LambdaForm$MH+0x000076c0f0008800
# instanceKlass java/lang/invoke/LambdaForm$DMH+0x000076c0f0008400
instanceKlass java/lang/invoke/ClassSpecializer$Factory$1Var
instanceKlass java/lang/invoke/MethodHandles$1
# instanceKlass java/lang/invoke/LambdaForm$DMH+0x000076c0f0008000
instanceKlass sun/invoke/util/ValueConversions$1
instanceKlass sun/invoke/util/ValueConversions$WrapperCache
# instanceKlass java/lang/invoke/LambdaForm$DMH+0x000076c0f0006400
instanceKlass java/lang/foreign/MemorySegment
instanceKlass sun/nio/ch/Util$4
instanceKlass sun/nio/ch/Util
instanceKlass sun/nio/ch/FileChannelImpl$Unmapper
instanceKlass jdk/internal/access/foreign/UnmapperProxy
instanceKlass  @bci jdk/internal/misc/ExtendedMapMode <clinit> ()V 0 <appendix> argL0 ; # jdk/internal/misc/ExtendedMapMode$$Lambda+0x800000086
instanceKlass jdk/internal/misc/ExtendedMapMode
instanceKlass java/nio/channels/FileChannel$MapMode
instanceKlass sun/nio/ch/IOStatus
instanceKlass sun/nio/ch/NativeThread
instanceKlass java/nio/channels/spi/AbstractInterruptibleChannel$1
instanceKlass sun/nio/ch/Interruptible
instanceKlass sun/nio/ch/FileChannelImpl$Closer
instanceKlass com/jetbrains/internal/IoOverNio$ParentForFileChannelImplHolder
instanceKlass sun/nio/ch/NativeThreadSet
instanceKlass sun/nio/ch/IOUtil
instanceKlass sun/nio/ch/NativeDispatcher
instanceKlass sun/nio/fs/UnixChannelFactory$1
instanceKlass java/util/RegularEnumSet$EnumSetIterator
instanceKlass sun/nio/fs/UnixChannelFactory$Flags
instanceKlass sun/nio/fs/UnixChannelFactory
instanceKlass sun/nio/fs/UnixFileModeAttribute
instanceKlass java/nio/channels/ScatteringByteChannel
instanceKlass java/nio/channels/GatheringByteChannel
instanceKlass java/nio/channels/SeekableByteChannel
instanceKlass java/nio/channels/ByteChannel
instanceKlass java/nio/channels/WritableByteChannel
instanceKlass java/nio/channels/ReadableByteChannel
instanceKlass java/nio/channels/spi/AbstractInterruptibleChannel
instanceKlass java/nio/channels/InterruptibleChannel
instanceKlass java/nio/channels/Channel
instanceKlass java/nio/file/attribute/FileAttribute
instanceKlass java/lang/Class$3
instanceKlass java/lang/PublicMethods$Key
instanceKlass java/lang/PublicMethods$MethodList
instanceKlass com/intellij/util/lang/ZipFile$ZipResource
instanceKlass com/intellij/util/lang/ImmutableZipFile
instanceKlass com/intellij/util/lang/ZipFile
instanceKlass com/intellij/util/lang/Resource
instanceKlass com/intellij/util/lang/ClasspathCache$IndexRegistrar
instanceKlass com/intellij/util/lang/ZipResourceFile
instanceKlass com/intellij/util/lang/Xxh3Impl
instanceKlass com/intellij/util/lang/CharSequenceAccess$BaseCharSequenceAccess
instanceKlass com/intellij/util/lang/Access
instanceKlass com/intellij/util/lang/CharSequenceAccess
instanceKlass  @bci com/intellij/util/lang/ClassLoadingLocks getOrCreateLock (Ljava/lang/String;)Ljava/lang/Object; 14 <appendix> member <vmtarget> ; # com/intellij/util/lang/ClassLoadingLocks$$Lambda+0x000076c0f0004db0
instanceKlass java/net/URI$Parser
instanceKlass  @bci com/intellij/platform/core/nio/fs/MultiRoutingFileSystem <clinit> ()V 16 <appendix> argL0 ; # com/intellij/platform/core/nio/fs/MultiRoutingFileSystem$$Lambda+0x000076c0f0044708
instanceKlass  @bci com/intellij/platform/core/nio/fs/MultiRoutingFileSystem <clinit> ()V 8 <appendix> argL0 ; # com/intellij/platform/core/nio/fs/MultiRoutingFileSystem$$Lambda+0x000076c0f0044498
instanceKlass  @bci com/intellij/platform/core/nio/fs/MultiRoutingFileSystem <clinit> ()V 0 <appendix> argL0 ; # com/intellij/platform/core/nio/fs/MultiRoutingFileSystem$$Lambda+0x000076c0f0044238
instanceKlass com/intellij/platform/core/nio/fs/FileSystemTracingListener$NoopFileSystemTracingListener
instanceKlass com/intellij/platform/core/nio/fs/FileSystemTracingListener
instanceKlass com/intellij/platform/core/nio/fs/RoutingAwareFileSystemProvider
instanceKlass java/nio/file/FileSystems$DefaultFileSystemHolder$1
instanceKlass java/nio/file/FileSystems$DefaultFileSystemHolder
instanceKlass java/nio/file/FileSystems
instanceKlass com/intellij/util/lang/ClassLoadingLocks
instanceKlass  @bci com/intellij/util/lang/ClasspathCache <clinit> ()V 8 <appendix> argL0 ; # com/intellij/util/lang/ClasspathCache$$Lambda+0x000076c0f00046a0
instanceKlass  @cpi com/intellij/util/lang/ClasspathCache 201 form vmentry <vmtarget> ; # java/lang/invoke/LambdaForm$DMH+0x000076c0f0006000
instanceKlass  @bci com/intellij/util/lang/ClasspathCache <clinit> ()V 0 <appendix> argL0 ; # com/intellij/util/lang/ClasspathCache$$Lambda+0x000076c0f0004450
instanceKlass java/util/function/IntFunction
instanceKlass java/util/function/LongFunction
instanceKlass com/intellij/util/lang/ClasspathCache
instanceKlass com/intellij/util/lang/ClassPath$Measurer
instanceKlass com/intellij/util/lang/Loader
instanceKlass com/intellij/util/lang/ClassPath
instanceKlass java/util/SequencedMap
instanceKlass java/util/SequencedSet
# instanceKlass java/lang/invoke/LambdaForm$MH+0x000076c0f0003400
instanceKlass sun/reflect/annotation/AnnotationParser
# instanceKlass java/lang/invoke/LambdaForm$MH+0x000076c0f0003000
instanceKlass  @bci org/h2/mvstore/FileStore scrubLayoutMap (Lorg/h2/mvstore/MVMap;)V 195 <appendix> form vmentry <vmtarget> ; # java/lang/invoke/LambdaForm$MH+0x000076c0f0002c00
instanceKlass jdk/internal/reflect/MethodHandleAccessorFactory$LazyStaticHolder
instanceKlass  @bci com/intellij/util/lang/PathClassLoader <clinit> ()V 68 <appendix> form vmentry <vmtarget> ; # java/lang/invoke/LambdaForm$DMH+0x000076c0f0002800
instanceKlass  @bci com/intellij/util/lang/PathClassLoader <clinit> ()V 68 <appendix> member <vmtarget> ; # com/intellij/util/lang/PathClassLoader$$Lambda+0x000076c0f0001a78
instanceKlass  @cpi com/intellij/util/lang/PathClassLoader 323 form vmentry <vmtarget> ; # java/lang/invoke/LambdaForm$DMH+0x000076c0f0002400
# instanceKlass java/lang/invoke/LambdaForm$DMH+0x000076c0f0002000
instanceKlass sun/util/locale/LocaleUtils
instanceKlass java/util/Locale
instanceKlass com/intellij/util/lang/ZipFilePool
instanceKlass jdk/internal/reflect/MethodHandleAccessorFactory
instanceKlass com/intellij/util/lang/UrlClassLoader$Builder
instanceKlass com/intellij/util/lang/ResourceFile
instanceKlass com/intellij/util/lang/UrlClassLoader$CachePool
instanceKlass java/lang/Class$Atomic
instanceKlass java/lang/Class$ReflectionData
instanceKlass com/intellij/util/lang/ClassPath$ClassDataConsumer
instanceKlass sun/security/util/Debug
instanceKlass java/security/SecureClassLoader$DebugHolder
instanceKlass java/security/Permission
instanceKlass java/security/Guard
instanceKlass java/security/PermissionCollection
instanceKlass java/security/SecureClassLoader$1
instanceKlass java/util/zip/Checksum$1
instanceKlass java/util/zip/CRC32
instanceKlass java/util/zip/Checksum
instanceKlass sun/nio/ByteBuffered
instanceKlass java/lang/Package$VersionInfo
instanceKlass java/lang/NamedPackage
instanceKlass jdk/internal/loader/Resource
instanceKlass java/util/zip/ZipEntry
instanceKlass java/util/zip/ZipFile$2
instanceKlass java/nio/Bits$1
instanceKlass jdk/internal/misc/VM$BufferPool
instanceKlass java/nio/Bits
instanceKlass sun/nio/ch/DirectBuffer
instanceKlass jdk/internal/perf/PerfCounter$CoreCounters
instanceKlass jdk/internal/perf/Perf
instanceKlass jdk/internal/perf/Perf$GetPerfAction
instanceKlass jdk/internal/perf/PerfCounter
instanceKlass java/nio/file/attribute/FileTime
instanceKlass java/util/zip/ZipUtils
instanceKlass java/util/zip/ZipFile$Source$End
instanceKlass java/util/zip/ZipFile$Source$RandomAccessFileAccessor
instanceKlass java/util/zip/ZipFile$Source$FileAccessor
instanceKlass com/jetbrains/internal/IoOverNio$RecursionGuard
instanceKlass java/io/RandomAccessFile$2
instanceKlass jdk/internal/access/JavaIORandomAccessFileAccess
instanceKlass java/io/RandomAccessFile
instanceKlass java/io/DataInput
instanceKlass java/io/DataOutput
instanceKlass sun/nio/fs/UnixFileAttributes$UnixAsBasicFileAttributes
instanceKlass sun/nio/fs/NativeBuffer$Deallocator
instanceKlass sun/nio/fs/NativeBuffer
instanceKlass sun/nio/fs/NativeBuffers
instanceKlass sun/nio/fs/AbstractBasicFileAttributeView
instanceKlass sun/nio/fs/DynamicFileAttributeView
instanceKlass sun/nio/fs/UnixFileAttributeViews
instanceKlass java/nio/file/attribute/UserDefinedFileAttributeView
instanceKlass java/nio/file/attribute/DosFileAttributeView
instanceKlass java/nio/file/attribute/BasicFileAttributeView
instanceKlass java/nio/file/attribute/FileAttributeView
instanceKlass java/nio/file/attribute/AttributeView
instanceKlass java/nio/file/attribute/DosFileAttributes
instanceKlass java/nio/file/Files
instanceKlass java/nio/file/CopyOption
instanceKlass java/util/zip/ZipFile$Source$Key
instanceKlass sun/nio/fs/UnixMountEntry
instanceKlass sun/nio/fs/UnixFileStoreAttributes
instanceKlass sun/nio/fs/UnixFileAttributes
instanceKlass java/nio/file/attribute/PosixFileAttributes
instanceKlass java/nio/file/attribute/BasicFileAttributes
instanceKlass java/util/Enumeration
instanceKlass java/util/concurrent/ConcurrentHashMap$Traverser
instanceKlass jdk/internal/loader/NativeLibraries$3
instanceKlass jdk/internal/loader/NativeLibrary
instanceKlass java/util/ArrayDeque$DeqIterator
instanceKlass jdk/internal/loader/NativeLibraries$NativeLibraryContext$1
instanceKlass jdk/internal/loader/NativeLibraries$NativeLibraryContext
instanceKlass jdk/internal/loader/NativeLibraries$2
instanceKlass jdk/internal/loader/NativeLibraries$1
instanceKlass jdk/internal/loader/NativeLibraries$LibraryPaths
instanceKlass sun/nio/fs/UnixNativeDispatcher
instanceKlass java/lang/StringCoding
instanceKlass sun/nio/fs/Util
instanceKlass sun/nio/fs/UnixPath
instanceKlass java/nio/file/Path
instanceKlass java/nio/file/Watchable
instanceKlass java/nio/file/FileSystem
instanceKlass java/nio/file/OpenOption
instanceKlass java/nio/file/spi/FileSystemProvider
instanceKlass sun/nio/fs/DefaultFileSystemProvider
instanceKlass java/util/zip/ZipFile$Source
instanceKlass java/util/zip/ZipCoder
instanceKlass java/util/zip/ZipFile$CleanableResource
instanceKlass java/lang/Runtime$Version
instanceKlass java/util/jar/JavaUtilJarAccessImpl
instanceKlass jdk/internal/access/JavaUtilJarAccess
instanceKlass jdk/internal/loader/FileURLMapper
instanceKlass jdk/internal/loader/URLClassPath$JarLoader$1
instanceKlass java/util/zip/ZipFile$1
instanceKlass jdk/internal/access/JavaUtilZipFileAccess
instanceKlass java/util/zip/ZipFile
instanceKlass java/util/zip/ZipConstants
instanceKlass jdk/internal/loader/URLClassPath$Loader
instanceKlass jdk/internal/loader/URLClassPath$3
instanceKlass java/security/PrivilegedExceptionAction
instanceKlass sun/net/util/URLUtil
instanceKlass com/jetbrains/internal/IoOverNio$ThreadLocalCloseable
instanceKlass java/lang/ThreadLocal$ThreadLocalMap
instanceKlass java/lang/invoke/StringConcatFactory
instanceKlass  @bci java/lang/WeakPairMap computeIfAbsent (Ljava/lang/Object;Ljava/lang/Object;Ljava/util/function/BiFunction;)Ljava/lang/Object; 18 <appendix> member <vmtarget> ; # java/lang/WeakPairMap$$Lambda+0x000076c0f0040d70
instanceKlass  @bci java/lang/Module implAddExportsOrOpens (Ljava/lang/String;Ljava/lang/Module;ZZ)V 145 <appendix> argL0 ; # java/lang/Module$$Lambda+0x000076c0f0040b10
instanceKlass java/lang/WeakPairMap$Pair$Lookup
instanceKlass java/lang/WeakPairMap$Pair
instanceKlass java/lang/WeakPairMap
instanceKlass java/lang/Module$ReflectionData
instanceKlass  @bci com/sun/management/internal/PlatformMBeanProviderImpl <clinit> ()V 8 <appendix> form vmentry <vmtarget> ; # java/lang/invoke/LambdaForm$MH+0x000076c0f0000400
instanceKlass jdk/internal/org/objectweb/asm/FieldVisitor
instanceKlass java/util/ArrayList$Itr
instanceKlass java/lang/invoke/InvokerBytecodeGenerator$ClassData
instanceKlass jdk/internal/org/objectweb/asm/Frame
instanceKlass java/lang/invoke/LambdaFormBuffer
instanceKlass java/lang/invoke/LambdaFormEditor$TransformKey
instanceKlass java/lang/invoke/LambdaFormEditor
instanceKlass java/lang/invoke/DelegatingMethodHandle$Holder
instanceKlass java/lang/invoke/DirectMethodHandle$2
instanceKlass java/lang/invoke/ClassSpecializer$Factory
instanceKlass java/lang/invoke/ClassSpecializer$SpeciesData
instanceKlass java/lang/invoke/ClassSpecializer$1
instanceKlass java/lang/invoke/ClassSpecializer
instanceKlass sun/invoke/empty/Empty
instanceKlass sun/invoke/util/VerifyType
instanceKlass  @bci jdk/internal/module/ModuleBootstrap decode (Ljava/lang/String;Ljava/lang/String;Z)Ljava/util/Map; 193 <appendix> argL0 ; # jdk/internal/module/ModuleBootstrap$$Lambda+0x000076c0f00408a0
instanceKlass java/lang/invoke/MethodHandles$Lookup$ClassDefiner
instanceKlass java/lang/invoke/MethodHandles$Lookup$ClassFile
instanceKlass jdk/internal/org/objectweb/asm/AnnotationVisitor
instanceKlass jdk/internal/org/objectweb/asm/Attribute
instanceKlass jdk/internal/org/objectweb/asm/Handler
instanceKlass jdk/internal/org/objectweb/asm/Label
instanceKlass jdk/internal/org/objectweb/asm/MethodVisitor
instanceKlass java/lang/invoke/LambdaProxyClassArchive
instanceKlass jdk/internal/org/objectweb/asm/ByteVector
instanceKlass jdk/internal/org/objectweb/asm/Symbol
instanceKlass jdk/internal/org/objectweb/asm/SymbolTable
instanceKlass jdk/internal/org/objectweb/asm/ClassVisitor
instanceKlass java/lang/invoke/InfoFromMemberName
instanceKlass java/lang/invoke/MethodHandleInfo
instanceKlass jdk/internal/org/objectweb/asm/ConstantDynamic
instanceKlass sun/invoke/util/BytecodeDescriptor
instanceKlass jdk/internal/org/objectweb/asm/Handle
instanceKlass sun/security/action/GetBooleanAction
instanceKlass jdk/internal/org/objectweb/asm/Type
instanceKlass java/lang/invoke/AbstractValidatingLambdaMetafactory
instanceKlass java/lang/invoke/MethodHandleImpl$1
instanceKlass jdk/internal/access/JavaLangInvokeAccess
instanceKlass java/lang/invoke/Invokers$Holder
instanceKlass java/lang/invoke/BootstrapMethodInvoker
instanceKlass java/lang/invoke/InvokerBytecodeGenerator$1
instanceKlass java/lang/invoke/InvokerBytecodeGenerator
instanceKlass java/lang/invoke/LambdaForm$Holder
instanceKlass java/lang/invoke/LambdaForm$Name
instanceKlass java/lang/reflect/Array
instanceKlass java/lang/invoke/Invokers
instanceKlass java/lang/invoke/MethodHandleImpl
instanceKlass sun/invoke/util/ValueConversions
instanceKlass java/lang/invoke/DirectMethodHandle$Holder
instanceKlass java/lang/invoke/LambdaForm$NamedFunction
instanceKlass sun/invoke/util/Wrapper$Format
instanceKlass java/lang/invoke/MethodTypeForm
instanceKlass java/lang/Void
instanceKlass jdk/internal/util/StrongReferenceKey
instanceKlass jdk/internal/util/ReferenceKey
instanceKlass jdk/internal/util/ReferencedKeyMap
instanceKlass java/lang/invoke/MethodType$1
instanceKlass java/lang/invoke/LambdaMetafactory
instanceKlass java/lang/ModuleLayer$Controller
instanceKlass java/util/concurrent/CopyOnWriteArrayList
instanceKlass jdk/internal/module/ServicesCatalog$ServiceProvider
instanceKlass jdk/internal/loader/AbstractClassLoaderValue$Memoizer
instanceKlass jdk/internal/module/ModuleLoaderMap
instanceKlass java/util/ImmutableCollections$ListItr
instanceKlass java/util/ListIterator
instanceKlass java/util/ImmutableCollections$Set12$1
instanceKlass java/util/ImmutableCollections$SetN$SetNIterator
instanceKlass jdk/internal/loader/BuiltinClassLoader$LoadedModule
instanceKlass java/lang/Module$EnableNativeAccess
instanceKlass jdk/internal/loader/BootLoader
instanceKlass java/util/Optional
instanceKlass jdk/internal/loader/AbstractClassLoaderValue
instanceKlass jdk/internal/module/ServicesCatalog
instanceKlass java/util/concurrent/ConcurrentHashMap$CollectionView
instanceKlass jdk/internal/loader/ClassLoaderHelper
instanceKlass jdk/internal/loader/NativeLibraries
instanceKlass java/lang/ClassLoader$ParallelLoaders
instanceKlass java/security/cert/Certificate
instanceKlass java/util/Deque
instanceKlass java/util/Queue
instanceKlass sun/net/util/IPAddressUtil$MASKS
instanceKlass sun/net/util/IPAddressUtil
instanceKlass java/net/URLStreamHandler
instanceKlass sun/net/www/ParseUtil
instanceKlass java/net/URL$3
instanceKlass jdk/internal/access/JavaNetURLAccess
instanceKlass java/net/URL$DefaultFactory
instanceKlass java/net/URLStreamHandlerFactory
instanceKlass jdk/internal/loader/URLClassPath
instanceKlass jdk/internal/loader/ArchivedClassLoaders
instanceKlass java/net/URI$1
instanceKlass jdk/internal/access/JavaNetUriAccess
instanceKlass jdk/internal/module/ArchivedBootLayer
instanceKlass jdk/internal/module/ModuleBootstrap$Counters
instanceKlass jdk/internal/module/ModulePatcher
instanceKlass java/io/DefaultFileSystem
instanceKlass java/io/FileSystem
instanceKlass java/lang/ThreadLocal
instanceKlass com/jetbrains/internal/IoOverNio
instanceKlass java/io/File
instanceKlass java/lang/module/ModuleDescriptor$1
instanceKlass jdk/internal/access/JavaLangModuleAccess
instanceKlass java/lang/reflect/Modifier
instanceKlass sun/invoke/util/VerifyAccess
instanceKlass java/util/KeyValueHolder
instanceKlass java/util/ImmutableCollections$MapN$MapNIterator
instanceKlass java/lang/StrictMath
instanceKlass java/lang/invoke/MethodHandles$Lookup
instanceKlass java/lang/invoke/MemberName$Factory
instanceKlass java/lang/invoke/MethodHandles
instanceKlass jdk/internal/module/ModuleBootstrap
instanceKlass java/util/HexFormat
instanceKlass jdk/internal/util/ClassFileDumper
instanceKlass java/lang/invoke/MethodHandleStatics
instanceKlass jdk/internal/misc/Blocker
instanceKlass java/util/Collections
instanceKlass jdk/internal/misc/OSEnvironment
instanceKlass jdk/internal/misc/Signal$NativeHandler
instanceKlass java/util/Hashtable$Entry
instanceKlass jdk/internal/misc/Signal
instanceKlass java/lang/Terminator$1
instanceKlass jdk/internal/misc/Signal$Handler
instanceKlass java/lang/Terminator
instanceKlass java/nio/ByteOrder
instanceKlass java/nio/Buffer$2
instanceKlass jdk/internal/access/JavaNioAccess
instanceKlass java/nio/Buffer$1
instanceKlass jdk/internal/misc/ScopedMemoryAccess
instanceKlass java/util/concurrent/ForkJoinPool$ManagedBlocker
instanceKlass java/nio/charset/CodingErrorAction
instanceKlass java/util/concurrent/locks/AbstractQueuedSynchronizer$Node
instanceKlass java/nio/charset/CharsetEncoder
instanceKlass java/io/Writer
instanceKlass java/io/PrintStream$1
instanceKlass jdk/internal/access/JavaIOPrintStreamAccess
instanceKlass jdk/internal/misc/InternalLock
instanceKlass java/io/OutputStream
instanceKlass java/io/Flushable
instanceKlass java/lang/Thread$ThreadIdentifiers
instanceKlass java/security/Principal
instanceKlass java/security/ProtectionDomain$Key
instanceKlass java/security/ProtectionDomain$JavaSecurityAccessImpl
instanceKlass jdk/internal/access/JavaSecurityAccess
instanceKlass sun/security/action/GetPropertyAction
instanceKlass java/util/concurrent/locks/AbstractQueuedSynchronizer$ConditionObject
instanceKlass java/util/concurrent/locks/Condition
instanceKlass jdk/internal/ref/CleanerImpl
instanceKlass java/lang/ref/Cleaner$1
instanceKlass java/lang/ref/Cleaner
instanceKlass jdk/internal/ref/CleanerFactory$1
instanceKlass java/util/concurrent/ThreadFactory
instanceKlass jdk/internal/ref/CleanerFactory
instanceKlass java/lang/ref/Cleaner$Cleanable
instanceKlass java/io/FileDescriptor$1
instanceKlass jdk/internal/access/JavaIOFileDescriptorAccess
instanceKlass java/io/FileDescriptor
instanceKlass jdk/internal/util/StaticProperty
instanceKlass java/util/HashMap$HashIterator
instanceKlass java/util/concurrent/locks/LockSupport
instanceKlass java/util/concurrent/ConcurrentHashMap$Node
instanceKlass java/util/concurrent/ConcurrentHashMap$CounterCell
instanceKlass java/util/concurrent/locks/ReentrantLock
instanceKlass java/util/concurrent/locks/Lock
instanceKlass java/lang/CharacterData
instanceKlass java/util/Arrays
instanceKlass jdk/internal/util/Preconditions$3
instanceKlass jdk/internal/util/Preconditions$2
instanceKlass jdk/internal/util/Preconditions$4
instanceKlass java/util/function/BiFunction
instanceKlass jdk/internal/util/Preconditions$1
instanceKlass jdk/internal/util/Preconditions
instanceKlass java/lang/Runtime
instanceKlass java/lang/VersionProps
instanceKlass java/lang/StringConcatHelper
instanceKlass jdk/internal/util/ArraysSupport
instanceKlass sun/nio/cs/HistoricallyNamedCharset
instanceKlass java/nio/charset/spi/CharsetProvider
instanceKlass java/nio/charset/Charset
instanceKlass jdk/internal/util/SystemProps$Raw
instanceKlass jdk/internal/util/SystemProps
instanceKlass java/lang/System$2
instanceKlass jdk/internal/access/JavaLangAccess
instanceKlass java/lang/ref/NativeReferenceQueue$Lock
instanceKlass java/lang/ref/ReferenceQueue
instanceKlass java/lang/ref/Reference$1
instanceKlass jdk/internal/access/JavaLangRefAccess
instanceKlass jdk/internal/reflect/ReflectionFactory
instanceKlass java/lang/Math
instanceKlass java/lang/StringLatin1
instanceKlass jdk/internal/reflect/Reflection
instanceKlass jdk/internal/reflect/ReflectionFactory$GetReflectionFactoryAction
instanceKlass java/security/PrivilegedAction
instanceKlass jdk/internal/access/SharedSecrets
instanceKlass java/lang/reflect/ReflectAccess
instanceKlass jdk/internal/access/JavaLangReflectAccess
instanceKlass java/util/Objects
instanceKlass jdk/internal/misc/CDS
instanceKlass java/lang/Module$ArchivedData
instanceKlass jdk/internal/misc/VM
instanceKlass java/lang/String$CaseInsensitiveComparator
instanceKlass java/util/Comparator
instanceKlass java/io/ObjectStreamField
instanceKlass jdk/internal/math/FDBigInteger
instanceKlass java/lang/ModuleLayer
instanceKlass java/util/ImmutableCollections
instanceKlass jdk/internal/module/ModuleLoaderMap$Mapper
instanceKlass java/util/function/Function
instanceKlass java/lang/module/ResolvedModule
instanceKlass java/lang/module/Configuration
instanceKlass jdk/internal/module/SystemModuleFinders$3
instanceKlass jdk/internal/module/ModuleHashes$HashSupplier
instanceKlass java/lang/module/ModuleDescriptor$Requires
instanceKlass java/util/HashMap$Node
instanceKlass java/util/Map$Entry
instanceKlass java/util/Collections$UnmodifiableMap
instanceKlass jdk/internal/module/ModuleHashes
instanceKlass jdk/internal/module/ModuleTarget
instanceKlass jdk/internal/module/SystemModuleFinders$2
instanceKlass java/util/function/Supplier
instanceKlass java/net/URI
instanceKlass java/lang/module/ModuleDescriptor$Provides
instanceKlass java/lang/module/ModuleDescriptor$Opens
instanceKlass java/lang/module/ModuleDescriptor$Exports
instanceKlass java/lang/module/ModuleDescriptor$Version
instanceKlass java/lang/module/ModuleDescriptor
instanceKlass java/lang/module/ModuleReference
instanceKlass java/util/Set
instanceKlass jdk/internal/module/SystemModuleFinders$SystemModuleFinder
instanceKlass java/lang/module/ModuleFinder
instanceKlass jdk/internal/module/ArchivedModuleGraph
instanceKlass sun/util/locale/BaseLocale
instanceKlass java/util/jar/Attributes$Name
instanceKlass java/lang/Character$CharacterCache
instanceKlass java/lang/Short$ShortCache
instanceKlass java/lang/Byte$ByteCache
instanceKlass java/lang/Long$LongCache
instanceKlass java/lang/Integer$IntegerCache
instanceKlass jdk/internal/vm/FillerObject
instanceKlass jdk/internal/vm/vector/VectorSupport$VectorPayload
instanceKlass jdk/internal/vm/vector/VectorSupport
instanceKlass java/lang/reflect/RecordComponent
instanceKlass java/util/Iterator
instanceKlass java/lang/Number
instanceKlass java/lang/Character
instanceKlass java/lang/Boolean
instanceKlass java/util/concurrent/locks/AbstractOwnableSynchronizer
instanceKlass java/lang/LiveStackFrame
instanceKlass java/lang/StackFrameInfo
instanceKlass java/lang/StackWalker$StackFrame
instanceKlass java/lang/StackStreamFactory$AbstractStackWalker
instanceKlass java/lang/StackWalker
instanceKlass java/nio/Buffer
instanceKlass java/lang/StackTraceElement
instanceKlass java/util/RandomAccess
instanceKlass java/util/List
instanceKlass java/util/SequencedCollection
instanceKlass java/util/AbstractCollection
instanceKlass java/util/Collection
instanceKlass java/lang/Iterable
instanceKlass java/util/concurrent/ConcurrentMap
instanceKlass java/util/AbstractMap
instanceKlass java/security/CodeSource
instanceKlass jdk/internal/loader/ClassLoaders
instanceKlass java/util/jar/Manifest
instanceKlass java/lang/Enum
instanceKlass java/net/URL
instanceKlass java/io/InputStream
instanceKlass java/io/Closeable
instanceKlass java/lang/AutoCloseable
instanceKlass jdk/internal/module/Modules
instanceKlass jdk/internal/misc/Unsafe
instanceKlass jdk/internal/misc/UnsafeConstants
instanceKlass java/lang/AbstractStringBuilder
instanceKlass java/lang/Appendable
instanceKlass java/lang/AssertionStatusDirectives
instanceKlass jdk/internal/foreign/abi/ABIDescriptor
instanceKlass jdk/internal/foreign/abi/NativeEntryPoint
instanceKlass java/lang/invoke/CallSite
instanceKlass java/lang/invoke/MethodType
instanceKlass java/lang/invoke/TypeDescriptor$OfMethod
instanceKlass java/lang/invoke/LambdaForm
instanceKlass java/lang/invoke/MethodHandleNatives
instanceKlass java/lang/invoke/ResolvedMethodName
instanceKlass java/lang/invoke/MemberName
instanceKlass java/lang/invoke/VarHandle
instanceKlass java/lang/invoke/MethodHandle
instanceKlass jdk/internal/reflect/CallerSensitive
instanceKlass java/lang/annotation/Annotation
instanceKlass jdk/internal/reflect/FieldAccessor
instanceKlass jdk/internal/reflect/ConstantPool
instanceKlass jdk/internal/reflect/ConstructorAccessor
instanceKlass jdk/internal/reflect/MethodAccessor
instanceKlass jdk/internal/reflect/MagicAccessorImpl
instanceKlass jdk/internal/vm/StackChunk
instanceKlass jdk/internal/vm/Continuation
instanceKlass jdk/internal/vm/ContinuationScope
instanceKlass java/lang/reflect/Parameter
instanceKlass java/lang/reflect/Member
instanceKlass java/lang/reflect/AccessibleObject
instanceKlass java/lang/Module
instanceKlass java/util/Map
instanceKlass java/util/Dictionary
instanceKlass java/lang/ThreadGroup
instanceKlass java/lang/Thread$UncaughtExceptionHandler
instanceKlass java/lang/Thread$Constants
instanceKlass java/lang/Thread$FieldHolder
instanceKlass java/lang/Thread
instanceKlass java/lang/Runnable
instanceKlass java/lang/ref/Reference
instanceKlass java/lang/Record
instanceKlass java/security/AccessController
instanceKlass java/security/AccessControlContext
instanceKlass java/security/ProtectionDomain
instanceKlass java/lang/SecurityManager
instanceKlass java/lang/Throwable
instanceKlass java/lang/System
instanceKlass java/lang/ClassLoader
instanceKlass java/lang/Cloneable
instanceKlass java/lang/Class
instanceKlass java/lang/invoke/TypeDescriptor$OfField
instanceKlass java/lang/invoke/TypeDescriptor
instanceKlass java/lang/reflect/Type
instanceKlass java/lang/reflect/GenericDeclaration
instanceKlass java/lang/reflect/AnnotatedElement
instanceKlass java/lang/String
instanceKlass java/lang/constant/ConstantDesc
instanceKlass java/lang/constant/Constable
instanceKlass java/lang/CharSequence
instanceKlass java/lang/Comparable
instanceKlass java/io/Serializable
ciInstanceKlass java/lang/Object 1 1 124 7 1 10 12 1 1 10 7 12 1 1 1 10 7 12 1 1 1 10 12 1 1 8 1 10 12 1 1 10 7 12 1 1 1 10 12 1 10 12 1 1 10 7 12 1 1 1 10 12 1 10 12 1 7 1 10 7 12 1 1 1 10 12 1 1 10 12 1 100 1 8 1 10 12 1 3 8 1 7 1 5 0 1 1 1 1 1 1 1 1 1 1 1 1 1 1 1 1 100 1 1 1 1 1 1 1 1 1 1 7 1 1 1 1 1 1 1 1 1 1 3 1 1
ciInstanceKlass java/io/Serializable 1 0 7 100 1 100 1 1 1
ciInstanceKlass java/lang/System 1 1 856 10 7 12 1 1 1 9 7 12 1 1 1 10 12 1 10 12 1 1 10 12 1 1 10 12 1 9 12 1 1 10 7 12 1 1 1 11 100 12 1 1 1 10 100 12 1 1 1 10 12 1 1 10 12 1 1 100 1 8 1 10 12 1 10 7 12 1 1 1 10 100 12 1 1 1 18 12 1 1 10 7 12 1 1 1 7 1 10 12 1 1 10 7 12 1 1 1 10 12 1 10 7 12 1 1 1 9 100 12 1 1 1 10 7 12 1 1 1 11 7 12 1 1 1 10 12 1 1 10 7 12 1 1 1 7 1 10 10 12 1 1 8 1 10 12 1 8 1 10 12 1 9 12 1 1 8 1 10 7 12 1 1 1 10 12 1 1 100 1 8 1 10 9 12 1 1 8 1 10 12 1 1 10 100 12 1 1 1 8 1 10 12 1 7 1 10 12 1 8 1 10 12 1 10 12 1 1 100 1 10 12 10 12 1 9 12 1 1 9 12 1 1 10 7 12 1 1 1 10 7 12 1 1 1 10 12 1 1 10 12 1 10 12 1 10 7 12 1 1 1 10 12 1 100 1 100 1 8 1 10 12 1 10 12 1 1 7 1 10 12 1 100 1 8 1 10 10 12 1 100 1 8 1 10 8 1 10 7 12 1 1 8 1 10 12 100 1 8 1 10 10 12 1 1 10 100 12 1 1 1 100 1 18 12 1 100 1 9 100 12 1 1 1 10 12 1 100 1 10 12 1 1 10 12 1 1 10 7 12 1 1 1 10 12 1 1 10 12 1 10 12 1 10 12 1 1 10 12 1 7 1 10 12 1 9 7 12 1 1 1 10 7 12 1 1 1 10 12 1 10 12 1 10 7 12 1 1 1 7 1 8 1 10 9 12 1 9 12 1 10 12 1 10 7 12 1 1 10 12 1 10 12 1 1 8 1 10 12 1 1 8 1 11 12 1 10 12 11 12 1 1 11 7 12 1 1 1 11 7 12 1 1 11 12 1 1 7 1 11 12 1 10 12 1 8 1 10 12 1 1 8 1 8 1 8 1 8 1 11 12 1 10 12 1 10 12 1 10 12 1 8 1 10 12 1 1 8 1 9 12 1 8 1 10 7 12 1 1 8 1 7 1 9 7 12 1 1 1 10 12 1 7 1 9 12 10 9 12 7 1 10 12 9 12 1 1 8 1 10 12 1 1 8 1 10 7 12 1 1 10 12 1 10 12 1 1 11 7 12 1 1 10 12 10 7 12 1 1 1 9 12 1 1 7 1 8 1 10 12 1 1 10 7 12 1 1 1 7 1 10 12 1 1 10 12 1 8 1 8 1 10 8 1 8 1 8 1 8 1 10 10 7 12 1 1 10 12 1 10 12 1 1 10 12 1 1 10 12 1 10 100 12 1 1 1 10 7 1 8 1 10 10 10 12 1 1 10 12 1 1 8 1 10 12 1 8 1 8 1 10 12 1 10 7 12 1 1 1 10 12 1 1 8 1 10 12 1 8 1 10 7 12 1 1 7 1 10 10 12 1 10 12 1 9 12 1 1 3 1 3 1 1 1 1 1 1 1 1 1 1 1 1 100 1 1 100 1 1 1 1 1 1 1 1 1 1 1 100 1 7 1 1 1 1 1 1 1 1 1 1 1 1 1 1 1 1 1 1 1 1 1 1 1 1 1 1 1 1 1 1 1 1 1 1 1 1 1 1 1 1 1 1 1 1 1 1 1 1 1 1 1 1 1 1 1 1 1 1 100 1 1 1 1 1 1 1 1 1 1 1 1 1 1 1 1 1 1 1 1 1 1 1 1 1 1 1 1 1 1 1 1 1 1 1 1 1 1 100 1 1 16 15 10 12 1 1 16 15 10 12 16 1 15 10 100 12 1 1 1 1 1 1 1 1 100 1 100 1 1 1 100 1 100 1 1
staticfield java/lang/System in Ljava/io/InputStream; java/io/BufferedInputStream
staticfield java/lang/System out Ljava/io/PrintStream; com/intellij/platform/ide/bootstrap/PrintStreamLogger
staticfield java/lang/System err Ljava/io/PrintStream; com/intellij/platform/ide/bootstrap/PrintStreamLogger
ciInstanceKlass java/lang/SecurityManager 0 0 576 10 7 12 1 1 1 9 7 12 1 1 1 10 7 12 1 1 1 100 1 8 1 10 12 1 10 12 1 1 10 7 12 1 1 1 10 7 1 10 100 1 10 9 100 12 1 1 1 10 7 12 1 1 1 10 12 1 1 10 7 12 1 1 100 1 8 1 10 9 12 1 1 9 12 1 8 1 9 12 1 7 1 10 8 1 10 12 1 1 10 12 1 10 12 1 1 100 1 10 10 12 1 1 100 1 8 1 10 12 1 8 1 8 1 8 1 8 1 8 1 8 1 10 12 1 8 1 8 1 8 1 8 1 8 1 10 7 12 1 1 1 10 12 1 1 8 1 100 1 8 1 10 8 1 8 1 8 1 8 1 8 1 10 100 12 1 1 8 1 100 1 8 1 8 1 10 8 1 10 12 1 100 1 8 1 10 10 12 1 1 10 12 1 10 12 1 10 12 1 10 100 12 1 1 1 10 12 1 10 100 12 1 1 11 100 12 1 1 1 18 12 1 1 11 100 12 1 1 1 18 12 1 1 11 12 1 1 18 18 11 12 1 18 12 1 11 12 1 1 9 12 1 1 9 12 1 9 12 1 9 12 1 100 1 10 100 12 1 1 10 12 1 10 12 1 18 12 1 18 10 100 12 1 1 1 18 12 1 10 12 1 18 18 8 1 10 12 1 9 12 1 1 11 7 12 1 1 1 8 1 100 1 10 12 1 10 12 1 1 10 12 1 1 9 12 1 1 10 12 1 10 12 1 1 8 1 100 1 10 9 12 1 8 1 10 12 1 8 1 100 1 10 10 100 12 1 1 10 100 1 9 7 12 1 1 1 11 12 1 1 10 12 1 11 12 1 10 12 1 7 1 10 10 12 1 1 10 12 1 1 1 1 1 1 1 1 1 1 1 7 1 1 1 1 1 1 1 1 1 1 1 1 1 1 1 1 1 1 1 1 1 1 1 1 1 1 1 1 1 1 1 1 1 1 1 1 1 1 1 1 1 1 1 1 1 1 1 1 1 1 1 1 1 1 1 1 3 1 1 1 1 1 1 1 1 1 1 100 1 1 1 1 1 1 1 1 1 1 1 1 1 1 1 1 1 1 1 1 1 1 1 1 1 1 1 1 1 1 1 1 1 1 1 1 1 1 16 15 10 7 12 1 1 1 16 1 16 15 10 12 16 1 15 10 12 16 15 11 7 1 16 1 16 1 15 10 12 16 15 10 12 16 15 10 12 1 16 1 15 11 12 1 15 10 12 16 15 10 16 1 15 10 100 12 1 1 1 1 1 1 100 1 100 1 1
ciInstanceKlass java/security/AccessController 1 1 295 10 7 12 1 1 1 10 7 12 1 1 1 10 7 12 1 1 1 10 12 1 1 10 12 1 1 10 7 12 1 1 1 10 12 1 1 10 12 1 10 12 1 1 10 12 1 100 1 8 1 10 12 1 10 12 1 10 12 1 1 10 12 1 7 1 7 1 10 12 1 1 10 12 1 10 12 1 10 12 1 1 10 7 12 1 1 1 10 12 1 1 9 100 12 1 1 1 10 7 12 1 1 1 10 12 1 10 12 1 9 100 12 1 1 1 10 12 1 10 12 1 1 9 12 1 1 10 100 1 10 11 7 12 1 1 1 10 7 12 1 1 11 7 1 100 1 10 12 1 10 12 1 10 12 1 8 1 10 12 1 1 8 1 10 100 12 1 1 1 8 1 7 1 10 10 12 1 1 10 12 1 10 7 12 1 1 1 10 12 1 8 1 10 7 12 1 1 8 1 8 1 10 12 1 8 1 10 12 1 10 12 1 1 10 12 1 1 1 1 1 1 1 1 1 1 1 1 1 1 1 1 1 1 1 1 1 1 1 1 1 1 1 1 100 1 1 1 1 1 1 1 1 1 1 1 1 1 1 1 1 1 1 1 1 1 1 1 1 1 1 1 1 1 1 1 1 1 1 100 1 100 1 1 1 1 1 1 1 1 1 3 1 1 1
staticfield java/security/AccessController $assertionsDisabled Z 1
ciInstanceKlass java/security/ProtectionDomain 1 1 348 10 7 12 1 1 1 9 7 12 1 1 1 7 1 10 9 12 1 1 9 12 1 1 9 12 1 1 10 7 12 1 1 7 1 9 12 1 9 12 1 1 7 1 9 12 1 1 9 12 1 10 100 12 1 1 10 100 12 1 1 1 10 12 1 1 10 12 1 9 12 1 9 100 12 1 1 10 12 1 1 10 100 1 10 12 1 1 8 1 7 1 8 1 10 12 1 10 11 10 7 12 1 1 1 10 12 1 1 8 1 11 8 1 10 12 1 8 1 8 1 10 12 1 1 10 12 1 10 12 1 1 10 12 1 8 1 10 12 1 8 1 8 1 10 7 12 1 1 1 9 100 12 1 1 1 10 12 1 1 9 100 12 1 1 1 10 7 12 1 1 1 100 1 18 12 1 1 10 7 12 1 1 1 10 7 1 10 12 1 10 12 1 1 11 100 12 1 1 11 12 1 100 1 11 7 12 1 1 1 10 12 1 10 11 12 1 1 11 12 1 1 10 12 1 10 7 12 1 1 10 100 12 1 1 11 12 1 10 12 10 12 1 8 1 8 1 10 7 12 1 1 1 7 1 10 10 7 12 1 1 1 1 1 1 1 1 1 1 7 1 1 7 1 1 1 1 1 1 1 1 1 1 1 1 1 1 1 1 1 1 1 1 1 1 1 1 1 1 1 1 1 1 1 1 1 1 1 1 1 1 1 1 1 1 1 1 7 1 1 1 1 1 1 100 1 1 16 15 10 12 16 15 10 100 12 1 1 1 1 1 1 1 100 1 100 1 1
staticfield java/security/ProtectionDomain filePermCompatInPD Z 0
ciInstanceKlass java/security/CodeSource 1 1 398 10 7 12 1 1 1 9 7 12 1 1 1 9 12 1 1 9 12 1 1 9 12 1 1 10 7 12 1 1 1 9 12 1 1 10 100 12 1 1 10 100 10 7 12 1 1 1 10 100 12 1 1 1 10 12 1 1 7 1 10 10 100 12 1 1 1 10 100 12 1 1 1 10 12 1 1 100 1 10 12 1 1 10 12 1 1 10 12 1 1 10 12 1 10 10 10 12 1 1 10 7 12 1 1 1 10 12 1 10 12 1 10 12 1 8 1 10 12 1 10 12 1 10 12 1 1 10 12 1 8 1 10 12 1 1 10 7 1 10 10 12 1 1 8 1 10 12 1 10 12 1 10 12 1 8 1 8 1 9 12 1 1 100 1 8 1 10 12 1 10 12 1 1 8 1 10 12 1 8 1 8 1 8 1 10 100 12 1 1 10 12 1 1 10 12 1 10 12 1 1 10 12 1 1 10 12 1 1 100 1 100 1 10 12 1 10 12 10 12 1 1 10 100 12 1 1 10 12 1 7 1 10 12 10 100 12 1 1 1 10 8 1 10 12 1 10 12 1 10 12 1 1 100 1 10 12 1 1 100 1 7 1 8 1 8 1 10 10 12 1 1 10 100 12 1 1 1 7 1 10 12 10 12 1 1 11 7 12 1 1 10 10 12 1 11 10 12 1 8 1 100 1 10 12 1 10 12 1 1 10 12 1 11 12 1 1 7 1 1 1 1 5 0 1 1 1 1 1 1 1 1 1 1 1 1 1 1 1 1 1 1 1 1 1 1 1 1 1 1 1 1 1 1 1 1 1 1 1 1 1 1 1 1 1 1 1 1 1 1 1 1 1 1 1 1 1 1 1 1 1 1 1 1 1 1 1 1 1 1 100 1 1 1 1 1 1 1
ciInstanceKlass java/lang/Boolean 1 1 152 10 7 12 1 1 1 9 7 12 1 1 1 10 12 1 1 10 12 1 8 1 10 7 12 1 1 9 12 1 1 9 12 1 10 12 1 1 10 12 1 1 10 12 1 1 10 7 12 1 1 1 100 1 100 1 10 12 1 1 9 100 12 1 1 9 12 10 100 12 1 1 1 10 12 1 1 8 1 10 7 12 1 1 1 9 12 1 1 7 1 7 1 7 1 1 1 1 1 1 5 0 1 1 1 1 1 1 1 1 1 1 3 1 1 1 1 1 1 1 1 1 1 1 1 1 1 1 1 1 1 7 1 1 1 1 1 1 1 1 1 1 100 1 1 1 1 1 1 1 1 1
staticfield java/lang/Boolean TRUE Ljava/lang/Boolean; java/lang/Boolean
staticfield java/lang/Boolean FALSE Ljava/lang/Boolean; java/lang/Boolean
staticfield java/lang/Boolean TYPE Ljava/lang/Class; java/lang/Class
ciInstanceKlass java/lang/Comparable 1 0 12 100 1 100 1 1 1 1 1 1 1 1
ciInstanceKlass java/lang/constant/Constable 1 0 11 100 1 100 1 1 1 1 1 1 1
ciInstanceKlass java/util/Map 1 1 263 11 7 12 1 1 1 11 12 1 1 10 100 12 1 1 11 12 1 1 11 100 12 1 1 1 11 100 12 1 1 1 11 12 1 1 7 1 11 12 1 11 12 1 100 1 100 1 10 12 1 1 11 100 12 1 1 1 11 100 12 1 1 1 11 12 1 11 12 1 10 12 1 1 11 12 1 11 100 12 1 9 7 12 1 1 1 100 1 10 12 7 1 7 1 10 12 1 7 1 10 100 1 11 12 1 11 12 1 1 11 12 1 1 100 1 11 12 1 1 1 1 1 1 1 1 1 1 1 1 1 1 1 1 1 1 1 1 1 1 1 1 1 1 1 1 1 1 1 1 1 1 1 1 1 1 1 1 1 1 1 1 1 1 1 1 1 1 1 1 1 1 1 1 1 1 1 1 1 1 1 1 1 1 1 1 1 1 1 1 1 1 1 1 1 1 1 1 1 1 1 1 1 1 1 1 1 1 1 1 1 1 1 1 1 1 1 1 1 1 1 1 1 1 1 1 1 1 1 1 1 1 1 1 1 1 1 1 1 1 1 1 1 1 100 1 1 1 1 1 1 1 1 1 1 1 1 1 1 1 1 1 1
ciInstanceKlass java/lang/Class 1 1 1687 10 7 12 1 1 1 9 7 12 1 1 1 9 12 1 1 10 12 1 1 8 1 10 12 1 8 1 8 1 10 12 1 1 10 7 12 1 1 1 10 12 1 7 1 10 10 12 1 10 12 1 1 10 12 1 1 10 12 1 1 10 7 12 1 1 10 12 1 10 12 1 10 12 1 8 1 10 12 1 8 1 10 12 1 8 1 8 1 10 12 1 1 10 100 12 1 1 1 18 12 1 1 11 100 12 1 1 1 8 1 8 1 8 1 10 100 12 1 1 1 11 12 1 1 8 1 10 12 1 10 11 100 12 1 1 1 11 7 12 1 1 1 11 8 1 18 8 1 10 12 1 10 7 12 1 1 10 12 1 1 10 7 12 1 1 1 10 12 1 1 10 12 1 1 10 7 12 1 1 1 10 12 9 100 12 1 1 1 10 7 12 1 1 1 10 12 1 10 7 12 1 1 1 10 12 1 1 18 12 1 1 10 7 12 1 1 1 10 7 12 1 10 12 1 1 10 7 1 7 1 10 12 1 1 9 12 1 1 100 1 8 1 10 12 1 10 12 1 1 10 12 1 1 10 7 12 1 1 1 7 1 10 12 1 100 1 100 1 10 10 12 1 1 10 12 1 1 100 1 10 7 12 1 1 1 10 12 1 1 10 12 1 1 9 12 1 1 10 12 1 10 12 1 1 9 12 1 1 9 12 1 1 10 12 1 1 10 100 1 10 12 1 10 12 1 10 12 1 1 10 9 12 1 10 12 1 8 1 10 12 1 1 10 12 1 1 10 12 1 10 12 1 1 10 12 1 1 10 12 1 1 9 7 12 1 1 1 10 7 12 1 1 10 12 10 12 1 10 12 1 10 12 1 10 12 1 9 100 12 1 1 1 9 12 1 10 12 1 10 100 12 1 1 1 10 12 1 1 10 100 12 1 1 10 12 1 10 12 1 1 10 100 12 1 1 1 10 12 1 10 12 1 1 10 12 1 10 12 1 10 12 1 1 10 7 1 10 10 10 12 1 1 10 12 1 1 10 12 10 10 12 1 1 7 1 8 1 10 10 12 1 1 10 12 1 100 1 11 12 1 10 100 12 1 1 10 12 1 10 12 1 10 100 12 1 1 10 10 12 1 1 8 1 10 12 1 10 12 1 1 8 1 10 12 1 9 12 1 10 12 1 10 12 1 10 12 1 10 12 7 1 9 12 1 10 12 1 9 12 1 10 12 1 10 12 1 10 12 1 10 10 12 1 10 12 1 10 7 12 1 1 10 12 1 10 12 1 10 12 1 1 10 12 1 10 12 1 10 12 1 100 1 10 12 1 10 12 1 1 10 12 1 1 10 12 1 1 10 12 1 1 10 12 1 1 10 12 1 1 7 1 10 10 12 1 1 10 12 1 1 10 12 1 1 10 10 12 1 10 12 1 1 10 12 1 1 10 12 1 1 10 12 1 1 7 1 10 10 12 11 7 12 1 1 10 12 1 10 12 1 10 100 12 1 1 1 10 12 1 1 10 10 12 1 1 7 1 10 10 12 1 1 10 7 12 1 1 1 100 1 100 1 10 12 1 1 10 12 1 10 10 12 1 1 10 12 1 10 12 1 10 12 1 10 100 12 1 1 1 11 100 12 1 1 10 12 1 10 12 1 9 12 1 10 12 1 1 10 12 1 9 7 12 1 1 1 9 12 1 10 100 12 1 1 1 10 12 1 10 12 1 10 100 12 1 1 1 10 12 1 10 12 10 12 1 1 100 1 10 8 1 10 12 1 11 11 12 1 1 11 7 12 1 1 11 12 1 8 1 10 12 1 10 12 1 1 9 12 1 9 12 1 1 10 7 12 1 1 9 12 1 10 12 1 1 10 10 12 1 10 7 12 1 1 1 10 100 12 1 1 10 100 12 1 1 9 12 1 1 10 12 1 9 12 1 10 12 1 10 12 1 1 9 12 1 1 9 12 1 10 12 1 10 12 1 1 9 12 1 100 1 10 10 12 1 1 7 1 10 12 1 1 100 11 7 1 9 12 1 1 9 12 1 7 1 10 12 1 9 12 1 1 9 12 1 10 12 1 10 12 1 1 9 12 1 7 1 10 10 12 1 1 10 10 12 1 10 12 10 10 12 1 9 12 1 10 12 1 1 10 7 12 1 1 1 10 12 1 1 10 12 1 8 10 100 8 1 18 8 1 8 1 10 12 1 9 12 1 9 12 1 1 10 12 1 7 1 7 1 10 12 1 9 12 1 1 7 1 10 10 12 1 10 7 1 9 12 1 8 1 10 12 1 7 1 10 12 1 10 12 1 1 100 1 7 1 9 12 1 100 1 8 1 10 10 7 12 1 1 1 10 12 11 7 12 1 1 1 10 12 1 10 12 1 1 10 8 1 8 1 10 12 1 1 9 100 12 1 1 11 12 7 1 11 7 12 1 1 9 12 1 10 100 12 1 1 1 10 100 12 1 1 10 12 1 1 9 12 1 9 10 12 1 1 10 12 1 1 10 12 1 1 10 12 1 1 10 12 1 1 11 12 1 100 1 11 12 1 10 100 12 1 1 1 10 12 1 11 12 1 10 100 12 1 1 1 10 12 1 10 100 12 1 1 1 11 12 1 11 12 1 1 10 12 1 10 12 1 1 9 12 1 1 9 100 12 1 1 10 12 1 10 100 12 1 1 1 10 12 1 1 10 12 1 10 12 1 10 12 1 10 7 12 1 1 1 10 12 1 8 1 10 12 1 10 12 1 10 12 1 100 1 10 12 10 100 12 1 1 1 11 100 12 1 1 1 10 12 1 1 10 12 1 18 12 1 1 11 12 1 1 18 11 12 1 18 12 1 11 12 1 10 12 1 1 10 12 1 10 12 1 10 12 1 10 12 1 10 12 10 12 1 8 1 10 12 1 7 1 9 12 1 1 7 1 7 1 7 1 7 1 1 1 3 1 3 1 3 1 1 1 1 1 1 1 5 0 1 1 1 1 1 1 1 1 1 1 1 1 1 1 1 1 1 1 1 1 1 1 1 1 100 1 1 1 1 1 1 1 100 1 1 1 1 1 7 1 1 1 1 1 1 1 1 1 1 1 1 1 1 1 1 1 1 1 1 1 1 1 1 1 1 1 1 1 1 1 1 1 1 1 1 1 1 1 1 1 1 100 1 1 1 1 1 1 1 1 1 1 1 1 1 1 1 1 1 1 1 1 1 1 1 1 1 1 1 1 1 1 1 100 1 1 1 1 1 1 1 1 1 1 1 1 1 1 1 1 1 1 1 1 3 1 1 1 1 1 1 1 1 1 1 1 1 1 1 1 1 1 1 1 1 1 1 1 1 1 1 1 1 1 1 1 1 1 1 1 7 1 7 1 1 1 1 1 1 1 7 1 1 1 1 1 1 1 1 1 1 1 1 1 1 1 1 1 1 1 1 1 1 1 1 1 1 1 1 1 1 1 1 1 1 1 1 1 1 1 1 1 1 1 1 1 1 1 1 1 1 1 1 1 1 1 1 1 1 1 1 1 1 1 1 1 1 1 1 1 1 1 1 1 1 1 1 1 1 1 1 1 1 1 1 1 1 1 1 1 1 1 1 1 1 1 1 1 1 1 1 1 1 1 1 1 1 1 1 1 1 1 1 1 1 1 1 1 1 1 1 1 1 1 1 16 15 10 12 16 15 11 12 16 1 16 15 16 15 10 12 16 16 15 10 12 16 15 16 1 15 10 12 16 15 10 100 12 1 1 1 1 1 1 1 1 1 1 1 1 1 7 1 1 100 1 100 1 1 100 1 100 1 1 100 1 100 1 1
staticfield java/lang/Class EMPTY_CLASS_ARRAY [Ljava/lang/Class; 0 [Ljava/lang/Class;
staticfield java/lang/Class serialPersistentFields [Ljava/io/ObjectStreamField; 0 [Ljava/io/ObjectStreamField;
ciInstanceKlass java/lang/reflect/AnnotatedElement 1 1 164 11 7 12 1 1 1 11 12 1 1 7 1 10 100 12 1 1 1 10 12 1 1 10 12 1 1 10 12 1 10 100 12 1 1 1 11 12 1 1 11 7 12 1 1 10 7 12 1 1 1 10 12 1 10 100 12 1 1 1 18 12 1 1 11 100 12 1 1 18 12 1 18 12 1 1 10 100 12 1 1 1 11 100 12 1 1 1 7 1 10 100 12 1 1 1 1 1 1 1 1 1 1 1 1 1 1 1 1 1 1 1 1 1 1 1 1 1 100 1 1 1 1 1 1 1 1 1 1 1 16 15 16 1 16 1 15 11 12 16 16 1 15 10 100 12 1 1 1 16 1 15 10 100 12 1 1 1 1 100 1 100 1 1
ciInstanceKlass java/lang/invoke/TypeDescriptor 1 0 17 100 1 100 1 1 1 1 1 1 100 1 100 1 1 1 1
ciInstanceKlass java/lang/reflect/GenericDeclaration 1 0 30 7 1 7 1 7 1 1 1 1 1 1 1 1 100 1 8 1 1 12 10 1 1 1 8 1 1 1 8 1
ciInstanceKlass java/lang/reflect/Type 1 1 17 11 100 12 1 1 1 100 1 1 1 1 1 1 1 1 1
ciInstanceKlass java/lang/invoke/TypeDescriptor$OfField 1 0 21 100 1 100 1 100 1 1 1 1 1 1 1 1 1 1 1 1 1 1 1
ciInstanceKlass java/lang/StringBuilder 1 1 422 10 7 12 1 1 1 10 12 1 10 12 1 10 12 1 1 10 7 12 1 1 1 10 7 12 1 1 1 10 12 1 10 12 1 10 12 1 10 12 1 10 12 1 10 12 1 10 12 1 10 12 1 10 12 1 10 12 1 10 12 1 10 12 1 10 12 1 10 12 1 1 10 12 1 10 12 1 1 10 12 1 1 10 12 1 10 12 1 10 12 1 10 12 1 10 12 1 10 12 1 10 12 1 10 12 10 12 1 10 12 1 10 12 1 10 12 1 1 10 12 1 10 12 1 10 12 10 12 1 1 10 12 1 10 12 1 10 12 1 10 100 12 1 1 1 9 12 1 1 10 12 1 10 12 1 1 10 12 1 1 9 12 1 1 10 100 12 1 1 1 10 100 1 10 12 1 1 10 100 12 1 1 10 12 1 10 12 1 1 100 1 100 1 8 1 10 10 12 1 1 10 12 1 10 12 1 10 12 1 1 10 12 1 10 12 1 10 12 1 10 12 1 10 12 1 10 12 10 12 1 10 12 1 10 12 1 10 12 1 10 12 1 10 12 1 10 12 1 10 12 1 10 12 1 1 10 12 1 1 10 12 1 10 12 1 10 12 1 10 12 10 12 10 12 1 10 12 1 10 12 1 10 12 10 12 1 10 12 1 10 12 1 10 12 1 10 12 1 10 12 1 10 12 1 10 12 1 10 12 1 1 10 12 1 10 12 1 1 10 12 1 10 12 1 1 10 12 1 10 12 1 1 10 12 1 10 12 1 10 12 1 10 10 12 1 10 12 1 7 1 7 1 7 1 7 1 1 1 1 5 0 1 1 1 1 1 1 1 1 1 1 1 1 1 1 1 1 1 1 1 1 1 1 1 1 1 1 1 1 1 1 1 1 1 1 1 1 1 1 1 1 1 1 1 1 100 1 1 1 7 1 1 1 1 1 1 1 1 1 1 1
instanceKlass java/lang/StringBuilder
instanceKlass java/lang/StringBuffer
ciInstanceKlass java/lang/AbstractStringBuilder 1 1 599 7 1 10 7 12 1 1 1 9 7 12 1 1 1 9 12 1 9 12 1 1 9 12 1 1 10 7 12 1 1 1 10 12 1 1 7 1 3 3 10 12 1 10 12 1 1 11 7 1 100 1 7 1 10 8 1 10 12 1 10 12 1 10 12 1 1 10 12 1 10 12 1 9 12 1 10 12 1 9 12 1 1 10 12 1 1 10 7 12 1 1 1 10 10 12 1 10 12 1 10 12 1 1 10 12 1 1 10 7 12 1 1 1 10 7 12 1 1 1 7 1 8 1 10 10 12 1 1 100 1 10 12 10 12 1 1 10 10 12 1 1 10 12 1 1 10 12 1 1 10 12 1 1 10 10 7 12 1 1 1 10 12 1 100 1 10 10 7 12 1 1 1 9 12 1 1 9 12 1 10 12 1 1 10 10 12 1 1 10 12 10 12 1 10 12 1 1 10 12 1 1 10 12 1 1 10 12 1 10 12 1 1 10 12 1 1 10 12 1 10 12 1 1 8 1 10 12 1 1 10 12 1 10 12 1 10 12 1 10 12 1 10 12 1 10 12 1 10 7 12 1 1 10 12 1 10 12 1 10 100 12 1 1 1 100 1 100 1 10 12 1 10 100 12 1 1 10 12 1 10 12 1 10 12 1 10 12 1 1 10 12 1 10 12 1 1 10 12 1 1 10 10 7 12 1 1 1 10 12 1 10 12 1 10 12 1 1 10 12 1 10 12 1 10 12 1 10 12 1 10 12 1 10 12 1 10 12 1 10 12 1 1 10 12 1 10 12 1 10 12 10 12 1 1 18 12 1 1 100 1 10 100 12 1 1 1 18 10 12 1 1 10 12 1 10 12 1 1 11 12 1 1 10 12 1 10 12 10 10 10 12 1 10 5 0 10 10 12 1 1 100 1 8 1 10 10 12 1 1 10 100 12 1 1 1 10 12 1 10 12 1 1 100 1 10 12 100 1 10 100 1 10 7 1 1 1 1 1 1 1 1 1 1 1 100 1 1 1 1 1 1 1 1 1 1 1 1 1 1 1 1 1 1 1 1 1 1 1 1 1 1 1 1 1 1 1 1 1 1 1 1 1 1 1 1 1 1 1 1 1 1 1 1 1 1 1 1 1 1 1 1 1 1 1 1 1 1 1 1 1 1 1 1 1 1 1 1 1 1 1 1 1 1 1 1 1 1 1 1 1 1 1 1 1 1 1 1 1 1 1 1 1 1 1 1 100 1 1 1 1 1 1 1 1 1 1 1 1 1 1 1 1 1 100 1 1 1 1 1 1 7 1 1 16 1 15 10 12 16 15 10 12 15 10 100 12 1 1 1 1 1 1 1 100 1 100 1 1
staticfield java/lang/AbstractStringBuilder EMPTYVALUE [B 0
ciInstanceKlass java/lang/Appendable 1 0 14 100 1 100 1 1 1 1 100 1 1 1 1 1
ciInstanceKlass java/lang/CharSequence 1 1 131 11 7 12 1 1 1 18 12 1 1 100 1 10 100 12 1 1 1 18 10 100 12 1 1 1 11 12 1 1 11 7 1 11 12 1 1 10 100 12 1 1 1 11 12 1 1 100 1 10 12 1 1 10 100 12 1 1 1 100 1 10 10 12 1 1 7 1 1 1 1 1 1 1 1 1 1 1 1 1 1 1 1 1 1 1 1 1 1 1 1 1 1 1 1 1 1 1 1 1 16 1 15 11 12 16 15 11 12 15 10 100 12 1 1 1 1 1 100 1 100 1 1 100 1 1 100 1 100 1 1
ciInstanceKlass java/lang/AutoCloseable 1 0 12 100 1 100 1 1 1 1 100 1 1 1
ciInstanceKlass java/io/Closeable 1 0 14 100 1 100 1 100 1 1 1 1 100 1 1 1
instanceKlass com/intellij/ide/Y/k/F
instanceKlass com/intellij/ide/Y/P
instanceKlass java/util/concurrent/ExecutionException
instanceKlass com/intellij/F/z/L
instanceKlass com/intellij/F/f/z
instanceKlass com/intellij/F/z/f
instanceKlass com/intellij/F/L/Y
instanceKlass com/intellij/ide/Y/k/FA
instanceKlass java/security/PrivilegedActionException
instanceKlass sun/security/pkcs11/wrapper/PKCS11Exception
instanceKlass java/security/GeneralSecurityException
instanceKlass kotlin/reflect/full/IllegalPropertyDelegateAccessException
instanceKlass kotlin/reflect/full/IllegalCallableAccessException
instanceKlass java/lang/InterruptedException
instanceKlass java/lang/CloneNotSupportedException
instanceKlass javax/xml/stream/XMLStreamException
instanceKlass com/intellij/platform/ide/bootstrap/DirectoryLock$CannotActivateException
instanceKlass kotlinx/coroutines/DispatchException
instanceKlass sun/nio/fs/UnixException
instanceKlass java/net/URISyntaxException
instanceKlass java/io/IOException
instanceKlass java/lang/ReflectiveOperationException
instanceKlass java/lang/RuntimeException
ciInstanceKlass java/lang/Exception 1 1 54 10 7 12 1 1 1 10 12 1 10 12 1 10 12 1 10 12 1 100 1 1 1 1 5 0 1 1 1 1 1 1 1 1 1 1 1 1 1 1 1 100 1 100 1 100 1 100 1 1 1 1 1 1
instanceKlass java/lang/Exception
instanceKlass java/lang/Error
ciInstanceKlass java/lang/Throwable 1 1 428 10 7 12 1 1 1 9 7 12 1 1 1 9 12 1 1 9 12 1 9 12 1 1 9 12 1 10 12 1 1 9 12 1 1 10 12 1 1 10 12 1 100 1 7 1 10 8 1 10 12 1 1 8 1 10 100 12 1 1 10 10 12 1 100 1 8 1 10 10 12 1 1 10 7 12 1 1 10 12 1 8 1 9 7 12 1 1 1 10 12 1 1 100 1 10 12 10 12 1 10 7 12 1 1 1 7 1 10 12 10 12 1 10 12 1 7 1 10 10 7 12 1 1 1 11 7 12 1 1 1 10 12 1 1 10 12 1 1 8 1 10 12 1 10 12 1 1 8 1 8 1 10 12 1 1 10 12 1 8 1 8 1 9 12 1 1 10 12 1 1 100 1 10 11 12 1 8 1 8 1 10 7 12 1 1 8 1 10 12 1 8 1 7 1 10 12 1 9 12 1 1 10 12 1 10 7 12 1 9 12 1 1 10 12 1 1 100 1 8 1 10 12 1 10 100 12 1 1 10 12 1 1 7 1 10 100 12 1 1 1 10 12 1 11 7 12 1 1 1 11 7 12 1 1 11 12 1 8 1 10 12 1 1 8 1 10 10 9 100 12 1 1 1 8 1 10 12 1 1 11 10 100 1 8 1 10 11 12 1 1 8 1 9 12 1 10 100 12 1 1 11 9 12 1 1 11 12 1 1 100 9 12 1 1 11 100 12 1 1 7 1 10 12 1 10 12 1 1 7 1 1 1 1 5 0 1 1 1 1 1 1 1 1 1 1 1 1 1 1 1 1 1 1 1 1 1 1 1 1 1 1 1 1 1 1 1 1 1 1 1 1 1 1 1 1 1 1 1 1 1 1 1 1 1 1 1 1 1 1 1 1 1 100 1 7 1 1 1 1 1 1 1 1 1 1 1 1 1 1 1 1 1 1 1 1 1 1 1 1 1 1 1 100 1 100 1 1
staticfield java/lang/Throwable UNASSIGNED_STACK [Ljava/lang/StackTraceElement; 0 [Ljava/lang/StackTraceElement;
staticfield java/lang/Throwable SUPPRESSED_SENTINEL Ljava/util/List; java/util/Collections$EmptyList
staticfield java/lang/Throwable EMPTY_THROWABLE_ARRAY [Ljava/lang/Throwable; 0 [Ljava/lang/Throwable;
staticfield java/lang/Throwable $assertionsDisabled Z 1
instanceKlass java/security/Provider
instanceKlass com/intellij/openapi/application/PathManager$1
ciInstanceKlass java/util/Properties 1 1 690 10 7 12 1 1 1 100 1 10 7 12 1 1 7 1 10 12 1 9 12 1 1 9 12 1 1 9 12 1 1 10 7 12 1 1 1 10 12 1 1 8 1 10 7 12 1 1 1 7 1 10 12 1 10 12 1 1 8 1 10 12 1 7 1 10 12 10 12 1 1 9 12 1 1 10 12 1 1 7 1 10 12 1 10 12 1 10 12 1 1 100 1 8 1 10 12 1 10 12 1 10 12 1 1 10 12 1 7 1 3 10 10 100 12 1 1 1 10 12 1 10 12 1 1 8 1 10 12 1 10 12 1 1 8 1 10 100 12 1 1 10 12 1 1 10 12 1 10 12 1 1 100 1 10 12 1 10 12 1 1 100 1 9 100 12 1 1 1 10 12 1 10 12 1 1 10 12 1 1 10 12 1 1 100 1 9 12 1 1 7 1 7 1 10 12 1 7 1 11 7 12 1 1 1 11 12 1 1 11 7 12 1 1 1 11 7 12 1 1 1 11 12 1 1 11 12 1 11 12 1 10 12 1 1 8 1 10 12 1 10 100 12 1 1 10 12 1 100 1 10 10 12 1 10 12 1 100 1 10 10 12 1 1 10 7 12 1 1 9 100 12 1 1 10 12 1 1 10 100 12 1 1 1 100 1 100 1 100 1 10 8 1 8 1 10 12 1 10 12 1 10 12 1 1 10 10 12 1 1 10 12 1 1 100 1 10 10 12 1 11 7 12 1 1 10 7 12 1 1 1 8 1 10 100 12 1 1 11 11 7 1 8 1 10 100 1 11 10 12 1 10 10 12 1 10 12 1 1 10 12 1 1 10 12 1 1 10 12 1 10 12 1 10 10 12 1 10 12 1 10 12 1 10 10 12 1 1 10 12 1 1 10 10 12 1 10 12 1 10 12 1 10 12 1 10 12 1 1 10 12 1 1 10 12 1 10 12 1 10 12 1 1 10 12 10 12 1 1 10 12 1 1 10 12 1 10 12 1 1 10 12 1 1 10 12 10 11 12 1 4 11 10 12 1 1 10 100 12 1 1 11 12 1 10 12 1 1 10 100 12 1 1 10 12 1 100 1 8 1 10 12 1 10 10 100 12 1 1 1 100 1 6 0 10 12 1 1 11 100 12 1 1 1 10 12 1 10 12 1 1 1 1 1 5 0 1 1 1 1 1 1 1 1 1 1 1 1 1 1 1 1 1 1 1 1 1 1 1 1 1 1 1 1 1 1 1 1 1 1 1 1 1 1 1 100 1 1 1 1 1 1 1 1 1 1 1 1 1 1 1 1 1 1 1 1 100 1 1 1 1 1 1 1 1 1 1 1 1 7 1 7 1 1 1 1 1 100 1 1 1 1 1 1 1 1 1 1 1 1 1 1 1 1 1 1 1 1 1 1 1 1 1 1 1 1 1 1 1 1 1 1 1 1 1 1 1 1 1 1 1 1 1 1 1 1 1 1 1 1 1 1 1 1 1 1 1 1 1 1 1 1 1 1 1 1 1 1 1 1 1 1 1 1 1 7 1 1 1 1 1 1 1 1 1 1 1 100 1 1
staticfield java/util/Properties UNSAFE Ljdk/internal/misc/Unsafe; jdk/internal/misc/Unsafe
instanceKlass java/util/Hashtable
ciInstanceKlass java/util/Dictionary 1 1 36 10 7 12 1 1 1 100 1 1 1 1 1 1 1 1 1 1 1 1 1 1 1 1 1 1 1 1 1 1 1 1 1 1 1 1
instanceKlass java/util/Properties
ciInstanceKlass java/util/Hashtable 1 1 516 7 1 10 7 12 1 1 1 9 7 12 1 1 1 100 1 7 1 10 8 1 10 12 1 1 10 12 1 10 12 1 1 10 12 1 10 7 12 1 1 1 8 1 10 12 1 9 12 1 1 7 1 9 12 1 1 4 10 7 12 1 1 1 9 12 1 4 10 12 1 11 7 12 1 1 1 10 12 1 1 10 12 1 1 9 12 1 10 12 1 1 100 1 10 9 12 1 1 10 7 12 1 1 1 9 12 1 1 10 12 1 10 12 1 3 9 12 1 9 12 1 3 10 12 1 10 12 1 10 12 1 1 11 12 1 1 11 100 12 1 1 1 11 7 12 1 1 1 11 12 1 100 1 11 12 1 11 12 1 10 12 1 1 10 12 1 1 10 12 1 9 12 1 1 9 12 9 12 1 1 10 100 1 7 1 10 12 1 10 8 1 10 10 12 1 8 1 10 8 1 10 100 12 1 1 1 7 1 10 12 1 10 12 1 100 1 10 12 1 10 12 1 1 100 1 10 100 1 10 10 12 1 1 11 12 1 1 11 12 1 7 1 10 10 10 100 12 1 1 11 100 12 1 1 1 100 1 10 11 100 12 1 1 11 100 12 1 10 12 1 10 12 1 1 10 100 12 1 1 10 12 1 1 10 12 1 1 10 12 1 1 10 100 12 1 1 1 8 10 100 12 1 1 100 1 8 1 10 4 4 10 12 1 1 10 12 1 8 1 4 10 12 10 100 12 1 1 1 100 1 11 100 12 1 1 1 10 100 12 1 1 1 10 12 1 10 12 1 1 10 7 1 7 1 1 1 1 1 1 5 0 1 1 1 1 1 3 1 3 1 3 1 1 1 1 1 1 1 1 1 1 1 1 1 1 1 1 1 1 1 1 1 1 1 1 1 100 1 1 1 1 1 1 1 1 1 1 1 1 1 1 1 1 1 1 1 1 1 1 1 1 1 1 1 1 1 7 1 1 1 1 1 1 1 1 1 1 1 1 1 1 7 1 1 1 1 1 1 1 1 1 1 1 1 1 1 1 1 1 1 1 1 1 1 1 1 1 1 1 1 1 1 1 1 1 1 1 1 1 1 1 1 1 1 1 1 100 1 1 1 7 1 1 1 1 1 7 1 1 1 1 1 1 1 1 1 1 1 1 1 1 1 1 1 1
ciInstanceKlass java/lang/String 1 1 1443 10 7 12 1 1 1 8 1 9 7 12 1 1 1 9 12 1 1 9 12 1 1 9 12 1 1 10 12 1 10 12 1 1 10 12 1 1 9 12 1 10 7 12 1 1 1 10 7 1 10 7 12 1 1 1 10 12 1 1 10 12 1 1 10 12 1 10 12 1 1 10 12 1 10 7 12 1 1 1 7 1 9 7 12 1 1 1 10 7 12 1 1 1 10 7 12 1 1 1 10 12 1 1 10 12 1 1 10 12 1 1 10 12 1 1 9 100 12 1 1 10 12 9 100 12 1 1 10 12 1 1 3 10 12 1 1 7 1 11 12 1 1 11 12 1 11 12 1 1 10 7 12 1 1 1 10 12 1 1 9 100 12 1 1 1 10 12 1 1 10 12 1 11 12 1 1 10 12 1 1 10 12 10 12 1 1 10 7 12 1 1 1 10 12 1 1 10 12 1 1 100 1 7 1 10 12 1 10 12 1 10 12 1 1 100 1 10 12 1 1 100 1 10 12 1 1 10 12 1 1 10 12 1 10 10 12 1 100 1 100 1 100 1 10 12 1 10 12 1 1 10 12 1 1 10 12 1 10 12 1 1 10 12 1 1 10 100 12 1 1 100 1 11 10 7 12 1 1 11 12 1 11 12 1 10 12 1 1 10 12 1 10 12 10 12 1 1 10 10 7 12 1 1 1 10 7 12 1 1 10 12 1 1 10 7 12 1 1 10 12 1 10 12 1 1 10 12 1 1 10 12 1 10 12 1 10 12 1 1 100 1 10 12 1 1 10 12 10 12 1 10 12 1 1 10 12 1 1 10 7 12 1 1 1 10 12 1 10 12 1 1 10 12 1 10 12 1 3 3 10 12 1 1 10 12 1 10 12 1 1 10 12 1 1 10 12 1 1 10 12 1 10 12 1 1 10 12 1 1 10 12 1 10 12 1 10 12 1 10 12 1 1 10 12 1 10 12 1 10 12 1 10 12 1 10 12 1 10 12 1 10 7 1 10 8 1 10 12 1 1 10 12 1 8 1 10 12 1 1 10 12 10 12 1 8 1 10 10 12 1 1 10 12 1 1 10 12 1 1 10 7 1 10 10 12 1 10 12 1 10 12 1 10 10 12 1 10 12 1 10 12 1 10 12 1 10 12 1 10 12 1 10 12 1 1 10 12 1 1 10 12 1 1 10 10 12 1 1 10 10 12 1 100 1 10 10 12 1 1 10 12 1 1 10 7 1 10 12 1 10 12 1 10 7 12 1 1 1 10 12 1 10 12 1 1 10 12 1 11 7 1 11 12 10 12 1 10 12 1 1 10 12 1 1 10 10 12 1 10 12 1 9 12 1 1 11 100 12 1 1 1 10 12 10 10 12 1 10 12 1 1 10 10 12 1 10 12 1 10 12 1 1 10 12 1 1 10 10 12 1 1 10 12 1 10 10 12 1 10 12 10 10 12 10 10 12 1 10 12 1 10 10 12 10 7 12 1 1 1 10 12 10 10 12 10 12 1 10 12 10 12 10 10 12 1 10 12 1 1 10 12 1 1 10 10 12 1 10 7 12 1 1 1 10 12 1 1 10 10 7 12 1 1 1 11 10 12 1 10 12 1 1 10 12 1 1 10 7 12 1 1 1 10 12 1 10 12 1 10 12 1 10 12 1 10 12 1 10 12 1 100 1 7 1 8 1 10 10 10 12 1 10 12 1 1 8 1 10 12 1 3 3 10 12 1 10 12 1 1 10 12 7 1 10 10 12 1 1 10 12 1 10 12 1 10 12 1 1 10 12 1 1 11 7 12 1 1 1 7 1 10 12 1 10 12 1 1 8 1 10 12 1 1 10 12 1 11 7 12 1 1 1 11 7 12 1 1 11 12 1 10 12 1 10 12 1 1 10 10 7 12 1 1 1 10 12 1 10 12 1 10 10 12 10 12 1 1 10 10 12 1 10 10 12 1 10 10 12 1 10 10 12 1 10 12 1 1 10 10 12 1 8 1 10 12 1 1 18 12 1 1 11 100 12 1 1 1 7 1 3 18 12 1 18 12 1 8 1 10 100 12 1 1 1 11 12 1 1 10 12 10 10 12 1 10 11 12 1 1 10 12 1 1 11 12 1 18 3 11 10 12 1 11 11 10 12 1 10 12 1 1 8 1 10 12 1 10 12 1 10 12 1 1 10 10 12 1 11 100 12 1 100 1 100 1 10 12 100 1 10 10 100 12 1 1 1 100 1 10 7 1 10 10 12 1 10 10 12 1 8 1 10 10 12 1 8 1 8 1 10 12 1 10 12 1 10 10 12 10 7 12 1 1 10 7 12 1 1 10 7 12 1 1 8 1 10 12 1 10 12 1 10 9 12 1 10 12 9 7 12 1 1 1 10 12 1 10 12 1 10 12 1 10 12 1 10 12 1 8 1 10 100 12 1 1 1 10 12 10 12 1 1 10 12 10 10 12 10 12 7 1 9 12 1 1 7 1 10 7 1 7 1 7 1 7 1 1 1 1 1 1 5 0 1 1 1 1 1 3 1 3 1 1 1 1 1 1 1 1 1 1 1 1 1 1 1 100 1 1 1 1 1 1 1 1 1 1 1 1 1 1 1 1 1 1 1 1 1 1 1 1 1 1 1 1 1 1 1 100 1 1 1 1 1 1 1 1 1 1 7 1 1 1 1 1 1 1 1 1 1 1 1 1 1 1 1 1 1 1 1 1 1 1 1 1 1 1 1 1 1 1 1 1 1 1 1 1 1 1 1 1 1 1 1 1 1 1 1 1 1 1 1 1 1 1 1 1 1 1 1 1 1 1 1 1 1 1 1 1 1 1 1 1 1 1 1 1 1 1 1 1 1 1 1 1 1 1 1 1 1 1 1 1 1 1 1 1 1 1 1 1 1 1 1 1 1 1 1 1 1 1 1 1 1 1 1 1 1 1 1 1 1 1 1 1 1 1 1 1 1 1 1 1 1 1 1 1 1 1 1 1 1 1 1 1 1 1 1 1 1 1 1 1 1 1 1 1 1 1 1 1 1 1 1 1 1 1 1 1 1 1 1 1 1 1 100 1 1 1 1 1 1 1 1 1 1 1 1 1 1 1 1 1 1 1 1 1 1 1 100 1 1 1 1 1 1 1 1 1 1 1 1 1 1 1 7 1 1 1 1 1 1 1 1 1 1 1 1 1 1 1 16 15 10 12 16 15 10 12 15 10 12 15 10 12 15 10 100 12 1 1 1 1 1 1 1 100 1 100 1 1 1
staticfield java/lang/String COMPACT_STRINGS Z 1
staticfield java/lang/String serialPersistentFields [Ljava/io/ObjectStreamField; 0 [Ljava/io/ObjectStreamField;
staticfield java/lang/String CASE_INSENSITIVE_ORDER Ljava/util/Comparator; java/lang/String$CaseInsensitiveComparator
ciInstanceKlass java/lang/constant/ConstantDesc 1 0 37 100 1 100 1 1 1 1 100 1 1 1 1 100 1 100 1 100 1 100 1 100 1 100 1 100 1 100 1 100 1 1 100 1 100 1 1
ciInstanceKlass java/lang/InternalError 0 0 34 10 100 12 1 1 1 10 12 1 10 12 1 10 12 1 100 1 1 1 1 5 0 1 1 1 1 1 1 1 1 1 1 1
instanceKlass kotlin/jvm/KotlinReflectionNotSupportedError
instanceKlass kotlin/reflect/jvm/internal/KotlinReflectionInternalError
instanceKlass kotlin/NotImplementedError
instanceKlass java/lang/AssertionError
instanceKlass java/lang/VirtualMachineError
instanceKlass java/lang/LinkageError
ciInstanceKlass java/lang/Error 1 1 40 10 7 12 1 1 1 10 12 1 10 12 1 10 12 1 10 12 1 100 1 1 1 1 5 0 1 1 1 1 1 1 1 1 1 1 1 1 1 1
instanceKlass java/lang/StackOverflowError
instanceKlass java/lang/OutOfMemoryError
instanceKlass java/lang/InternalError
ciInstanceKlass java/lang/VirtualMachineError 1 1 34 10 100 12 1 1 1 10 12 1 10 12 1 10 12 1 100 1 1 1 1 5 0 1 1 1 1 1 1 1 1 1 1 1
ciInstanceKlass java/util/Collection 1 1 115 11 7 12 1 1 1 7 1 11 7 12 1 1 1 10 100 12 1 1 1 11 12 1 1 11 100 12 1 1 1 11 12 1 1 11 100 12 1 1 1 11 12 1 1 10 100 12 1 1 1 11 12 1 10 7 12 1 1 1 100 1 100 1 1 1 1 1 1 1 1 1 1 1 1 1 1 1 1 1 1 1 1 1 1 1 1 1 1 1 1 1 1 1 1 1 1 1 1 1 1 1 1 1 1 1 1 1 1 1 1 1 1 1 1
ciInstanceKlass java/util/Iterator 1 1 53 100 1 8 1 10 12 1 1 10 7 12 1 1 1 11 7 12 1 1 1 11 12 1 1 11 7 12 1 1 1 7 1 1 1 1 1 1 1 1 1 1 1 1 1 1 1 1 1 1 1 1 1
instanceKlass java/io/ObjectInputStream
instanceKlass com/sun/org/apache/xerces/internal/impl/XMLEntityManager$RewindableInputStream
instanceKlass com/fasterxml/aalto/in/MergedStream
instanceKlass sun/nio/ch/ChannelInputStream
instanceKlass com/intellij/util/lang/DirectByteBufferBackedInputStream
instanceKlass java/util/zip/ZipFile$ZipFileInputStream
instanceKlass java/io/FilterInputStream
instanceKlass java/io/FileInputStream
instanceKlass java/io/ByteArrayInputStream
ciInstanceKlass java/io/InputStream 1 1 195 7 1 10 7 12 1 1 1 100 1 10 10 7 12 1 1 1 10 100 12 1 1 1 10 12 1 100 1 3 10 12 1 1 100 1 8 1 10 12 1 10 100 12 1 1 1 3 7 1 8 1 10 10 100 12 1 1 1 7 1 10 11 7 12 1 1 1 10 12 1 1 11 12 1 1 11 7 12 1 1 1 11 12 1 1 100 1 10 7 12 1 1 1 5 0 10 12 1 10 12 1 1 100 1 10 8 1 10 8 1 8 1 10 12 1 1 10 100 12 1 1 1 7 1 5 0 10 12 1 100 1 7 1 1 1 1 3 1 3 1 1 1 1 1 1 1 1 1 1 1 1 1 1 1 1 1 1 1 1 1 1 1 1 1 1 1 1 1 1 1 1 1 1 1 1 1 1 1 1 1 1 1 1 1 1 1 1 1 1 1 1 1 1 1
ciInstanceKlass jdk/internal/misc/Unsafe 1 1 1287 10 7 12 1 1 1 9 7 12 1 1 1 9 12 1 1 10 12 1 1 10 7 12 1 1 1 10 12 1 1 10 12 1 1 10 12 1 1 10 12 1 1 10 12 1 1 10 12 1 1 10 12 1 1 10 12 1 1 10 12 1 1 10 12 1 1 10 12 1 1 10 12 1 1 10 12 1 1 10 12 1 10 12 1 100 1 10 10 12 1 1 10 12 1 1 5 0 10 12 1 1 10 12 1 1 10 7 12 1 1 1 10 12 1 1 10 12 1 10 12 1 10 12 1 1 10 12 1 1 10 12 1 10 12 1 7 1 7 1 10 8 1 10 12 1 1 10 12 1 8 1 10 12 1 1 10 12 1 10 12 1 10 12 1 1 10 12 1 10 12 1 1 10 12 1 1 10 12 1 10 12 1 10 12 1 10 12 1 1 10 12 1 10 12 1 10 12 1 1 10 12 1 5 0 5 0 5 0 10 12 1 10 12 1 10 12 1 10 12 1 10 12 1 10 12 1 10 12 1 10 12 1 10 12 1 1 10 12 1 10 12 1 7 1 8 1 10 100 1 10 10 12 1 1 10 12 1 1 10 12 1 10 12 1 1 10 12 1 1 10 12 1 10 12 1 1 10 12 1 9 7 12 1 1 9 12 1 100 1 10 10 12 1 1 8 1 10 8 1 8 1 10 12 1 1 9 7 12 1 1 1 9 7 1 9 7 1 9 7 1 9 9 7 1 9 7 1 9 7 1 10 12 1 1 10 12 1 1 10 12 1 1 10 12 1 1 5 0 5 0 9 12 1 1 10 12 1 10 12 1 10 12 1 1 10 12 1 1 10 12 1 8 1 3 10 12 1 1 10 12 1 1 10 12 1 10 12 1 1 10 12 1 1 10 12 1 10 12 1 10 12 1 10 12 1 10 12 1 10 12 1 1 10 12 1 1 10 12 1 10 12 1 10 12 1 10 12 1 10 12 1 10 12 1 1 10 12 1 1 10 12 1 10 12 1 10 12 1 10 12 1 10 12 1 10 12 1 1 10 12 1 1 10 12 1 1 10 12 1 1 10 12 1 10 12 1 10 12 1 10 12 1 10 12 1 10 12 1 10 12 1 1 10 12 1 1 10 12 1 10 12 1 10 12 1 10 12 1 10 12 1 10 12 1 10 12 1 1 10 12 1 1 10 12 1 10 12 1 10 12 1 10 12 1 10 12 1 10 12 1 10 12 1 10 12 1 1 10 12 1 10 12 1 10 12 1 10 12 1 10 12 1 1 10 12 1 10 12 1 10 12 1 10 12 1 10 12 1 10 12 1 10 12 1 10 12 1 1 10 12 1 10 12 1 10 12 1 10 12 1 10 12 1 10 12 1 1 10 12 1 10 12 1 10 12 1 1 10 12 1 10 12 1 10 12 1 10 12 1 10 12 1 10 12 1 10 12 1 10 12 1 10 12 1 10 12 1 10 12 1 10 12 1 10 12 1 10 12 1 10 12 1 10 12 1 10 12 1 10 12 1 10 12 1 10 12 1 10 12 1 10 12 1 10 12 1 100 1 10 100 1 10 9 12 1 5 0 10 12 1 1 5 0 10 12 1 5 0 10 12 1 10 12 1 10 12 1 1 10 12 1 1 10 12 1 10 12 1 10 12 1 10 12 1 1 10 12 1 10 12 1 10 12 1 10 12 1 10 12 1 1 10 12 1 10 12 1 10 12 1 10 12 1 1 10 12 1 10 12 1 10 12 1 1 10 12 1 10 12 1 10 12 1 10 12 1 1 10 12 1 10 10 12 1 1 10 12 1 10 12 1 1 10 12 1 10 12 5 0 5 0 5 0 10 12 1 1 10 12 1 10 12 1 10 12 10 100 12 1 1 8 1 100 1 11 12 1 1 8 1 11 12 1 1 10 100 12 1 1 10 12 1 10 12 1 10 12 1 10 12 1 10 12 1 1 10 12 1 10 12 1 10 12 1 10 12 1 10 12 1 10 12 1 10 7 1 10 12 1 9 12 1 7 1 9 12 1 7 1 9 12 1 7 1 9 12 1 7 1 9 12 1 7 1 9 12 1 7 1 9 12 1 7 1 9 12 1 7 1 9 12 1 10 12 1 9 12 1 9 12 1 9 12 1 9 12 1 9 12 1 9 12 1 9 12 1 9 12 1 9 12 1 9 12 1 1 1 3 1 1 1 1 1 1 1 1 1 1 1 1 1 1 1 1 1 1 1 1 1 1 1 1 1 1 1 1 1 1 1 1 1 1 1 1 1 1 1 1 1 1 1 1 1 1 1 1 1 1 1 1 1 1 1 1 1 1 1 1 1 1 1 1 1 1 1 1 1 1 1 1 1 1 1 1 1 1 1 1 1 1 1 1 1 1 1 1 1 100 1 1 1 1 1 1 1 1 1 1 1 1 1 1 1 1 1 1 1 1 1 1 1 1 1 1 1 1 1 1 1 1 1 1 1 1 1 1 1 1 1 1 1 1 1 1 1 1 1 1 1 1 1 1 1 1 1 1 1 1 1 1 1 1 1 1 1 1 1 1 1 1 1 1 1 1 1 1 1 1 1 1 1 1 1 1 1 1 1 1 1 1 1 1 1 1 1 1 1 1 1 1 1 1 1 1 1 1 1 1 1 1 1 1 1 1 1 1 1 1 1 1 1 1 1 1 1 1 1 1 1 1 1 1 1 1 1 1 1 1 1 1 1 1 1 1 1 1 1 1 1 1 1 1 1 1 1 1 1 1 1 1 1 1 1 1 1 1 1 1 1 1 1 1 1 1 1 1 1 1 1 1 1 1 1 1 1 1 1 1 1 1 1 1 1 1 1 1 1 1 1 1 1 1 1 1 3 1 1 1 1 1 1 1 1 1 1 1 1 1 1 1 1 1 1 1 1 1
staticfield jdk/internal/misc/Unsafe theUnsafe Ljdk/internal/misc/Unsafe; jdk/internal/misc/Unsafe
staticfield jdk/internal/misc/Unsafe ARRAY_BOOLEAN_BASE_OFFSET I 16
staticfield jdk/internal/misc/Unsafe ARRAY_BYTE_BASE_OFFSET I 16
staticfield jdk/internal/misc/Unsafe ARRAY_SHORT_BASE_OFFSET I 16
staticfield jdk/internal/misc/Unsafe ARRAY_CHAR_BASE_OFFSET I 16
staticfield jdk/internal/misc/Unsafe ARRAY_INT_BASE_OFFSET I 16
staticfield jdk/internal/misc/Unsafe ARRAY_LONG_BASE_OFFSET I 16
staticfield jdk/internal/misc/Unsafe ARRAY_FLOAT_BASE_OFFSET I 16
staticfield jdk/internal/misc/Unsafe ARRAY_DOUBLE_BASE_OFFSET I 16
staticfield jdk/internal/misc/Unsafe ARRAY_OBJECT_BASE_OFFSET I 16
staticfield jdk/internal/misc/Unsafe ARRAY_BOOLEAN_INDEX_SCALE I 1
staticfield jdk/internal/misc/Unsafe ARRAY_BYTE_INDEX_SCALE I 1
staticfield jdk/internal/misc/Unsafe ARRAY_SHORT_INDEX_SCALE I 2
staticfield jdk/internal/misc/Unsafe ARRAY_CHAR_INDEX_SCALE I 2
staticfield jdk/internal/misc/Unsafe ARRAY_INT_INDEX_SCALE I 4
staticfield jdk/internal/misc/Unsafe ARRAY_LONG_INDEX_SCALE I 8
staticfield jdk/internal/misc/Unsafe ARRAY_FLOAT_INDEX_SCALE I 4
staticfield jdk/internal/misc/Unsafe ARRAY_DOUBLE_INDEX_SCALE I 8
staticfield jdk/internal/misc/Unsafe ARRAY_OBJECT_INDEX_SCALE I 4
staticfield jdk/internal/misc/Unsafe ADDRESS_SIZE I 8
instanceKlass com/intellij/util/lang/UrlClassLoader
instanceKlass jdk/internal/reflect/DelegatingClassLoader
instanceKlass java/security/SecureClassLoader
ciInstanceKlass java/lang/ClassLoader 1 1 1108 9 7 12 1 1 1 10 7 12 1 1 1 9 12 1 1 10 7 12 1 1 1 7 1 10 12 1 1 10 12 1 1 9 12 1 1 10 12 1 1 100 1 10 12 1 10 12 1 1 10 7 12 1 1 1 100 1 8 1 10 12 1 10 7 12 1 1 1 10 7 12 1 10 7 1 10 7 1 7 1 7 1 10 12 1 10 12 1 9 12 1 1 10 10 7 12 1 1 1 9 12 1 1 9 12 1 9 12 1 1 9 12 1 9 12 1 1 9 12 1 1 7 1 10 12 1 9 12 1 1 10 12 1 1 10 7 12 1 1 1 9 12 1 9 12 1 1 9 12 1 10 12 1 1 9 12 10 12 1 1 7 1 10 8 1 10 12 1 1 10 12 1 10 7 1 7 1 10 12 1 1 10 7 12 1 1 1 8 1 10 12 1 10 12 1 10 12 1 1 10 12 1 1 10 12 1 1 10 12 1 1 10 12 1 1 10 12 1 7 1 10 12 1 10 7 12 1 1 1 10 12 1 1 10 12 1 10 12 1 10 12 1 10 12 1 10 12 1 1 10 10 12 1 10 12 1 10 100 12 1 1 10 12 1 1 10 12 1 1 10 12 1 100 1 10 12 1 7 1 10 12 1 10 7 12 1 1 1 10 10 12 1 1 10 12 1 1 7 1 8 1 10 8 1 10 12 1 10 12 1 100 1 8 1 10 12 1 1 10 12 1 1 10 10 12 1 1 10 12 1 1 10 12 1 1 10 7 1 10 12 1 1 10 12 1 1 10 12 1 1 10 12 1 1 10 12 1 1 10 12 1 1 10 12 1 10 7 12 1 1 1 10 12 1 10 12 1 10 12 1 1 10 12 1 10 12 1 10 12 1 10 12 1 1 10 12 1 10 12 1 1 8 1 9 12 1 10 12 1 1 8 1 8 1 10 7 12 1 1 100 1 10 10 12 10 12 1 10 12 1 10 12 1 10 12 1 1 10 7 12 1 1 10 12 1 10 7 1 7 1 10 12 1 1 10 12 1 10 7 1 10 12 1 100 1 18 12 1 10 100 12 1 1 1 10 100 12 1 1 1 10 7 12 1 1 10 12 1 10 12 1 100 1 10 12 1 8 1 10 10 12 1 1 10 12 1 10 12 1 1 100 1 10 12 1 10 12 1 1 10 7 12 1 1 10 12 1 8 1 100 1 10 10 12 1 9 12 1 10 7 12 1 1 10 12 1 7 1 8 1 10 12 1 10 8 1 8 1 10 12 1 1 10 12 1 1 10 12 1 1 10 7 12 1 1 7 1 100 1 10 12 1 1 7 1 7 1 10 7 12 1 1 10 12 1 10 12 1 1 10 12 1 10 12 1 1 10 12 1 1 9 100 12 1 1 1 10 12 1 1 10 12 1 10 12 1 10 12 1 1 10 12 1 8 1 7 1 18 12 1 1 10 12 1 1 10 12 1 10 12 1 10 12 1 8 1 10 12 1 10 12 1 18 12 1 11 100 12 1 1 1 100 1 10 12 1 1 10 12 1 10 11 12 1 1 10 18 10 12 1 1 11 7 12 1 18 12 1 11 12 1 1 10 12 10 12 1 1 10 12 1 1 100 1 8 1 10 10 12 1 8 1 8 1 10 100 12 1 1 10 12 1 100 1 10 10 12 1 8 1 8 1 8 1 10 12 1 10 12 1 1 10 12 1 10 7 12 1 1 1 11 7 12 1 1 100 1 10 11 10 12 1 10 12 1 10 12 1 1 9 7 12 1 1 9 12 1 1 9 12 9 12 1 9 12 1 9 12 1 8 10 12 1 1 10 7 12 1 1 1 10 12 1 1 10 12 1 1 10 12 1 10 10 12 1 11 12 1 1 10 100 12 1 1 1 100 1 10 12 1 10 12 1 10 12 1 1 1 1 1 1 1 1 1 1 1 1 1 1 1 1 1 1 1 1 1 1 1 1 1 1 1 1 100 1 1 1 1 1 1 1 1 1 1 1 1 1 1 1 1 1 1 1 1 1 100 1 1 1 1 1 1 1 1 1 1 100 1 1 1 1 1 1 1 1 1 1 1 1 1 1 1 1 1 1 1 1 1 1 1 1 1 1 1 1 1 1 1 1 1 1 1 1 1 1 1 1 1 100 1 1 1 1 1 1 1 1 1 1 1 1 1 1 1 1 1 1 1 7 1 1 1 1 1 1 1 1 1 1 1 1 1 1 1 1 1 1 1 1 1 1 1 1 1 1 1 1 1 1 1 1 1 1 1 1 1 1 1 1 1 1 1 1 1 1 1 1 1 1 100 1 1 1 1 1 1 1 1 1 1 1 1 1 1 1 1 1 1 1 1 1 1 1 1 1 1 1 1 1 1 1 1 1 1 1 1 1 1 1 1 1 1 1 1 1 1 16 1 15 10 12 16 1 16 15 10 12 16 1 16 1 15 10 12 16 15 10 12 16 15 10 12 16 15 10 100 12 1 1 1 1 1 100 1 100 1 1
staticfield java/lang/ClassLoader nocerts [Ljava/security/cert/Certificate; 0 [Ljava/security/cert/Certificate;
staticfield java/lang/ClassLoader $assertionsDisabled Z 1
ciInstanceKlass java/lang/reflect/Constructor 1 1 439 10 100 12 1 1 1 10 100 12 1 1 9 7 12 1 1 1 10 12 1 1 10 12 1 1 10 100 12 1 1 9 12 1 1 10 7 12 1 1 1 9 12 1 1 9 12 1 1 9 12 1 9 12 1 1 9 12 1 9 12 1 1 9 12 1 1 9 12 1 100 1 8 1 10 12 1 10 12 1 9 12 1 1 10 7 12 1 1 10 7 12 1 1 1 10 12 1 1 10 12 1 1 10 12 1 7 1 100 1 8 1 10 10 12 1 10 12 1 10 12 1 1 10 12 1 1 9 100 12 1 1 1 10 7 12 1 1 10 12 1 1 10 12 1 10 12 1 1 10 7 12 1 1 1 10 100 12 1 1 10 12 1 1 10 12 1 10 7 12 1 1 1 8 1 10 10 12 1 100 1 8 1 10 12 1 10 12 1 1 10 12 1 1 10 12 1 10 12 1 10 12 1 1 10 12 1 1 9 12 1 1 10 12 1 1 10 12 1 1 10 12 1 1 11 7 12 1 1 1 10 12 1 1 10 12 1 10 12 1 10 12 1 8 1 9 12 1 1 10 7 12 1 1 1 10 7 12 1 1 10 12 1 1 10 12 1 1 10 12 1 1 10 12 1 1 10 12 1 9 7 12 1 1 10 12 1 10 12 1 10 12 1 100 1 8 1 10 10 12 1 1 10 12 1 10 10 12 1 1 10 12 1 1 10 100 12 1 1 1 11 100 12 1 1 1 10 12 1 1 9 100 12 1 1 1 10 100 12 1 1 1 10 12 1 1 1 1 1 1 1 1 1 1 1 1 1 1 1 1 1 1 1 1 1 1 1 1 1 1 1 1 1 1 1 1 1 1 1 1 1 1 1 1 1 1 1 1 1 1 1 1 1 1 1 1 100 1 100 1 100 1 100 1 1 1 1 1 1 1 1 1 1 1 1 1 1 1 1 1 1 1 1 1 1 1 1 1 1 1 1 1 1 1 1 1 100 1 1
instanceKlass java/lang/reflect/Executable
instanceKlass java/lang/reflect/Field
ciInstanceKlass java/lang/reflect/AccessibleObject 1 1 400 10 7 12 1 1 1 9 100 12 1 1 1 10 7 12 1 1 1 10 7 12 1 1 10 7 12 1 1 1 10 100 12 1 1 1 10 12 1 1 10 12 1 1 9 12 1 1 7 1 10 7 12 1 1 1 11 12 1 7 1 10 12 1 7 1 100 1 10 12 1 10 12 1 1 10 12 1 1 10 12 1 1 10 12 1 1 7 1 10 7 12 1 1 1 10 12 1 1 11 10 7 12 1 1 1 10 12 1 1 10 12 1 10 12 1 10 12 1 1 10 12 1 8 1 7 1 7 1 10 10 12 1 1 8 1 10 12 1 10 12 1 8 1 8 1 8 1 8 1 8 1 8 1 8 1 8 1 8 1 100 1 10 12 1 10 12 1 9 12 1 1 10 12 1 1 10 12 1 10 7 1 100 1 8 1 10 8 1 10 12 1 8 1 10 12 1 10 12 1 1 10 100 1 8 1 10 11 7 12 1 1 1 10 12 1 1 10 12 1 1 10 12 1 1 9 12 1 1 100 1 10 12 1 7 1 10 12 1 10 12 1 1 10 100 1 10 12 1 10 12 10 12 1 10 12 1 10 12 1 1 10 12 1 9 12 1 10 100 12 1 1 8 1 10 100 12 1 1 1 8 1 10 7 12 1 1 1 9 12 1 7 1 10 7 1 10 10 7 12 1 1 1 7 1 10 10 7 12 1 1 1 7 1 9 12 1 1 1 1 1 1 1 1 1 1 1 1 1 1 1 1 1 1 1 1 1 1 1 1 1 1 1 1 1 1 1 1 1 1 1 1 1 1 1 1 1 1 1 1 1 1 1 1 1 1 1 1 1 1 1 1 1 1 1 1 1 1 1 1 1 1 1 1 1 1 1 1 1 1 1 1 1 1 1 1 1 1 1 1
staticfield java/lang/reflect/AccessibleObject reflectionFactory Ljdk/internal/reflect/ReflectionFactory; jdk/internal/reflect/ReflectionFactory
instanceKlass java/lang/reflect/Constructor
instanceKlass java/lang/reflect/Method
ciInstanceKlass java/lang/reflect/Executable 1 1 581 10 7 12 1 1 1 10 7 12 1 1 1 10 7 12 1 1 1 11 7 12 1 1 1 10 7 12 1 1 1 10 12 1 1 10 7 12 1 1 1 10 7 12 1 1 1 10 12 1 8 1 10 10 12 1 1 10 12 1 1 10 100 12 1 1 1 18 12 1 1 11 100 12 1 1 1 8 1 8 1 8 1 10 100 12 1 1 1 11 12 1 1 7 1 8 1 8 1 10 12 1 7 1 8 1 10 12 1 8 1 11 100 12 1 1 1 7 1 11 7 12 1 1 1 11 12 1 8 1 18 8 1 10 12 1 10 12 1 1 18 8 1 10 12 1 100 1 10 12 1 10 12 1 11 12 1 10 12 1 1 8 1 8 1 10 12 1 1 10 12 1 1 10 10 12 1 9 100 12 1 1 1 10 100 12 1 1 1 10 12 1 10 12 1 1 10 100 12 1 1 10 12 1 10 12 1 10 12 1 10 7 12 1 1 7 1 10 100 12 1 1 1 10 12 1 1 10 7 12 1 1 10 12 1 10 12 1 1 9 100 12 1 1 1 10 100 10 12 1 8 1 10 12 1 10 12 1 3 100 1 8 1 10 12 1 10 12 1 10 10 12 1 10 12 1 1 8 1 8 1 8 1 9 12 1 1 9 12 1 10 12 1 100 1 8 1 10 12 1 10 12 1 10 12 1 1 10 12 1 1 10 12 1 10 12 10 12 1 100 1 10 12 1 10 12 1 1 100 1 10 7 12 1 1 1 7 1 10 7 12 1 1 1 10 12 1 1 11 7 12 1 1 10 12 1 10 100 12 1 1 1 10 12 1 1 9 12 1 10 12 1 1 10 12 1 10 12 1 1 9 100 12 1 1 1 10 100 12 1 1 1 10 12 1 10 12 1 1 9 12 1 10 10 10 10 100 12 1 1 1 10 12 1 9 12 1 10 12 1 1 9 12 1 7 1 7 1 1 1 1 1 1 1 1 1 1 1 1 1 1 1 1 1 1 1 1 1 1 1 1 1 1 1 1 1 1 1 1 1 1 1 1 100 1 1 1 1 1 1 1 1 1 1 1 1 1 1 1 1 1 1 1 100 1 1 1 1 1 1 1 1 1 1 1 1 1 1 1 1 1 1 1 1 1 1 1 1 1 1 1 1 1 1 1 1 1 1 1 1 1 1 1 1 1 1 1 7 1 1 1 1 1 1 1 1 1 1 1 1 1 1 1 1 1 1 1 1 1 1 7 1 1 16 15 16 1 16 1 15 10 12 16 15 10 100 12 1 1 1 1 1 1 100 1 1 100 1 100 1 1
ciInstanceKlass java/lang/reflect/Member 1 1 37 100 1 10 12 1 1 100 1 100 1 1 1 1 3 1 3 1 1 1 1 1 1 1 1 1 1 1 1 1 1 1 1 1 1 1 1
instanceKlass java/awt/EventDispatchThread
instanceKlass java/util/prefs/FileSystemPreferences$4$1
instanceKlass java/util/TimerThread
instanceKlass java/util/logging/LogManager$Cleaner
instanceKlass kotlinx/coroutines/scheduling/CoroutineScheduler$Worker
instanceKlass java/util/concurrent/ForkJoinWorkerThread
instanceKlass java/lang/ref/Finalizer$FinalizerThread
instanceKlass java/lang/ref/Reference$ReferenceHandler
instanceKlass jdk/internal/misc/InnocuousThread
instanceKlass java/lang/BaseVirtualThread
ciInstanceKlass java/lang/Thread 1 1 870 10 7 12 1 1 1 9 12 1 1 10 7 12 1 1 10 12 1 10 100 12 1 1 100 1 8 1 10 12 1 1 9 12 1 9 12 1 1 9 12 1 1 7 1 10 12 1 1 10 12 1 10 7 12 1 1 1 10 12 9 12 1 1 10 12 1 7 1 10 12 1 100 1 8 1 10 9 7 12 1 1 1 10 12 1 1 10 12 1 1 10 12 1 1 10 12 1 10 12 1 1 3 8 1 7 1 5 0 10 7 12 1 1 1 9 12 1 10 12 1 1 10 7 12 1 1 1 10 7 12 1 1 1 10 12 1 1 10 12 1 1 9 12 1 1 10 7 1 8 1 10 7 1 10 12 1 9 12 1 1 10 7 12 1 1 1 10 10 12 1 1 9 100 12 1 1 1 10 12 1 1 10 12 1 1 10 7 12 1 1 10 12 1 10 12 1 10 7 12 1 1 9 12 1 10 7 12 1 1 1 10 12 1 1 9 12 1 1 9 12 1 1 10 7 12 1 1 1 9 12 1 1 10 100 12 1 1 10 100 12 1 1 1 10 12 1 10 12 1 10 7 12 1 1 9 12 1 8 1 9 7 12 1 1 9 12 1 1 5 0 100 1 10 100 1 10 100 1 10 7 1 10 8 1 10 12 1 1 10 7 12 1 10 12 1 10 12 1 100 1 8 1 10 10 12 1 10 12 1 1 10 100 12 1 1 1 10 100 12 1 1 1 10 12 1 7 1 9 12 1 1 100 1 10 10 12 1 9 12 1 1 10 12 1 1 10 12 1 1 10 12 1 10 12 1 9 12 1 1 10 10 12 1 1 10 12 1 1 11 7 12 1 1 10 7 12 1 1 9 12 1 9 12 1 1 9 12 1 1 10 100 12 1 1 10 12 1 1 9 100 12 1 1 1 10 100 12 1 1 10 12 1 10 12 1 100 1 10 10 12 9 12 1 1 10 12 1 11 100 12 1 1 10 12 1 10 12 1 10 12 1 9 12 1 10 10 12 1 10 12 1 1 9 12 1 9 12 10 12 1 8 1 10 12 1 10 12 1 10 12 1 10 12 1 10 12 1 1 10 12 1 10 12 1 1 10 12 1 10 12 1 10 12 1 10 12 1 10 12 1 1 9 7 12 1 1 1 8 1 10 9 12 1 10 12 1 7 1 8 1 10 10 12 1 8 1 10 12 1 1 9 12 10 12 8 1 10 10 12 1 10 12 1 8 1 10 12 1 10 8 1 10 100 12 1 1 10 12 1 1 100 1 8 1 10 9 12 1 9 12 1 1 10 12 1 1 10 10 12 1 10 12 1 100 10 7 12 1 1 1 9 12 1 10 12 1 1 10 12 1 1 10 100 12 1 1 1 11 7 12 1 1 1 9 100 12 1 1 1 10 100 12 1 1 1 7 1 10 12 1 100 1 10 12 1 10 12 1 1 10 12 1 1 8 1 9 12 1 10 12 1 10 12 1 1 11 7 12 1 1 1 10 12 1 1 1 1 3 1 3 1 3 1 3 1 1 1 1 1 1 1 1 1 1 1 1 1 1 1 1 1 1 1 1 1 7 1 1 1 1 1 1 1 1 1 1 1 1 1 1 1 1 1 1 1 1 1 1 100 1 1 1 1 1 1 1 1 1 1 1 1 1 1 1 1 7 1 7 1 1 1 1 1 1 1 1 1 1 1 1 1 1 1 1 1 1 1 1 1 1 1 1 1 1 1 1 1 1 1 1 1 1 1 1 1 1 1 1 1 1 1 1 1 1 1 1 1 1 1 1 1 1 1 1 1 1 1 1 1 1 1 1 1 1 1 1 1 1 1 1 1 1 1 1 100 100 1 1 1 1 1 1 1 1 1 1 1 1 1 1 1 1 1 1 1 1 1 1 1 1 1 1 100 1 100 1 100 1 100 1 100 1 1 100 1 1 1 1 1 1 1 1 1 1 1 1 1 1 1
staticfield java/lang/Thread NEW_THREAD_BINDINGS Ljava/lang/Object; java/lang/Class
staticfield java/lang/Thread EMPTY_STACK_TRACE [Ljava/lang/StackTraceElement; 0 [Ljava/lang/StackTraceElement;
ciInstanceKlass java/lang/Runnable 1 0 11 100 1 100 1 1 1 1 1 1 1
ciInstanceKlass java/net/URL 1 1 771 10 7 12 1 1 1 10 12 1 10 7 12 1 1 9 12 1 1 9 12 1 10 7 12 1 1 1 10 12 1 1 10 12 1 1 9 12 1 1 10 7 12 1 1 1 8 1 10 12 1 1 7 1 10 10 12 1 1 8 1 10 12 1 1 9 12 1 100 1 8 1 10 12 1 10 12 1 8 1 9 12 1 10 12 1 1 9 12 1 10 12 1 10 12 1 9 12 1 9 12 1 8 1 9 12 1 10 12 1 1 8 1 9 12 1 1 10 12 1 1 10 7 12 1 1 1 8 1 10 12 1 7 1 10 12 1 10 12 1 10 12 1 10 12 1 1 10 12 1 1 8 1 10 12 1 1 10 12 1 8 1 9 12 1 8 1 10 12 1 10 7 12 1 1 1 7 1 10 12 1 10 12 1 1 10 7 12 1 1 1 100 1 8 1 10 10 12 1 8 1 10 12 1 1 10 12 1 10 12 1 10 12 1 10 12 1 10 12 1 10 12 1 8 1 10 12 1 8 1 10 10 100 1 10 10 12 1 8 1 10 7 12 1 1 1 10 12 1 9 100 12 1 1 1 10 7 12 1 1 1 9 12 1 1 10 12 1 10 100 12 1 1 1 100 1 100 1 10 12 1 10 12 1 10 12 1 10 12 1 10 12 1 10 12 10 10 12 1 10 12 1 10 12 1 1 8 1 9 100 12 1 1 1 10 100 12 1 1 1 10 12 1 1 9 100 12 1 1 1 10 12 1 1 100 1 10 12 1 10 12 1 10 10 12 1 1 10 12 1 1 10 12 1 10 12 1 10 12 1 10 100 12 1 1 1 10 12 1 1 10 12 1 9 12 1 1 9 12 1 1 7 1 8 1 10 10 12 1 9 12 1 1 10 7 12 1 1 8 1 10 7 12 1 1 8 1 10 12 1 1 10 12 1 8 1 8 1 10 7 12 1 1 1 7 1 10 7 12 1 1 1 10 12 1 10 12 1 7 1 10 9 7 12 1 1 1 10 7 12 1 1 10 12 1 1 10 12 1 8 1 7 1 10 10 7 12 1 1 1 10 12 1 8 9 7 12 1 1 1 10 12 1 1 10 12 1 10 12 1 1 10 7 12 1 1 11 7 12 1 1 10 12 1 10 12 1 9 12 1 10 12 1 1 10 100 12 1 1 10 100 12 1 1 1 8 10 100 12 1 1 100 1 10 8 8 10 12 1 8 8 8 100 1 10 12 1 9 12 1 1 10 12 1 10 12 1 1 10 12 1 10 12 10 12 1 1 10 12 1 1 10 10 10 12 1 10 12 1 10 12 1 10 12 1 10 12 1 10 10 12 1 100 1 8 1 10 10 10 12 1 1 10 12 1 10 12 1 1 8 1 7 1 10 10 7 1 10 12 1 9 7 12 1 1 1 9 12 1 1 7 1 10 10 7 12 1 1 1 7 1 1 1 1 1 5 0 1 1 1 1 1 1 1 1 1 1 1 1 1 1 1 1 1 1 1 1 1 1 1 1 1 1 1 1 1 1 1 1 1 1 1 1 1 1 1 1 1 1 1 1 1 1 1 1 7 1 1 1 1 1 1 1 1 1 1 1 1 1 1 1 1 1 1 1 1 1 1 1 1 1 1 1 1 1 1 1 1 1 1 1 1 1 100 1 1 1 1 1 1 1 1 1 1 1 1 1 1 1 1 1 100 1 1 1 1 1 1 1 1 1 1 1 1 1 1 1 1 1 1 1
staticfield java/net/URL defaultFactory Ljava/net/URLStreamHandlerFactory; java/net/URL$DefaultFactory
staticfield java/net/URL streamHandlerLock Ljava/lang/Object; java/lang/Object
staticfield java/net/URL serialPersistentFields [Ljava/io/ObjectStreamField; 7 [Ljava/io/ObjectStreamField;
ciInstanceKlass java/lang/Module 1 1 1070 10 7 12 1 1 1 9 7 12 1 1 1 10 7 12 1 1 1 9 12 1 9 12 1 1 9 12 1 1 10 12 1 1 10 12 1 10 12 1 1 10 7 12 1 1 1 7 1 10 7 12 1 1 1 10 12 1 1 11 7 12 1 1 1 10 12 1 1 10 7 12 1 1 1 10 12 1 1 10 7 12 1 1 1 9 100 12 1 1 1 10 7 12 1 1 1 10 12 1 8 1 10 7 12 1 1 1 10 7 12 1 1 1 10 7 12 1 1 1 10 12 1 10 12 1 9 12 1 1 10 100 12 1 1 100 1 7 1 10 8 1 10 12 1 1 10 12 1 10 12 10 12 1 10 7 12 1 1 8 1 8 1 10 8 1 8 1 9 12 1 1 8 1 10 100 12 1 1 1 10 12 1 9 12 1 1 11 12 1 9 7 12 1 1 10 7 12 1 1 1 10 7 12 1 1 1 10 12 1 1 8 1 10 12 1 1 10 12 1 10 12 1 1 9 7 12 1 1 1 10 12 1 1 10 12 1 1 9 12 1 10 12 1 10 12 1 9 12 1 1 11 7 12 1 1 10 12 1 1 9 12 1 9 12 1 10 12 1 10 12 1 100 1 8 1 10 10 12 1 1 10 12 1 8 1 10 12 1 1 8 1 8 1 10 12 1 1 10 12 1 10 12 1 1 18 12 1 1 10 12 1 1 11 12 1 9 12 1 11 12 10 100 12 1 1 100 1 8 1 10 11 12 1 1 10 7 12 1 1 1 10 12 1 10 12 1 1 11 12 1 1 11 7 12 1 1 11 12 1 1 9 12 1 11 12 1 10 12 1 1 10 12 1 1 9 12 1 10 12 10 7 12 1 1 10 7 1 18 12 1 1 11 100 12 1 1 1 18 12 1 11 12 1 1 10 100 12 1 1 1 11 12 1 1 10 7 12 1 1 7 1 11 12 1 7 1 7 1 10 12 1 10 7 12 1 1 1 10 11 7 12 1 8 1 10 10 12 1 1 10 7 12 1 1 10 12 1 10 12 1 7 1 10 12 1 10 11 12 1 1 10 12 10 12 1 1 9 12 1 1 100 1 10 10 12 1 1 11 7 1 10 12 1 1 11 12 1 10 10 12 1 11 10 12 1 1 10 12 1 1 10 12 1 1 10 7 12 1 1 10 12 1 10 12 1 1 10 10 12 1 1 10 12 1 18 12 1 11 12 1 18 12 1 10 12 1 10 12 1 10 12 7 1 10 12 1 10 12 1 10 12 1 9 12 1 7 1 10 10 10 10 12 1 10 12 1 10 12 1 10 12 1 1 10 12 1 1 10 12 1 9 12 1 18 12 1 1 10 7 12 1 1 1 100 1 8 1 10 12 1 1 10 12 1 1 10 7 12 1 1 7 1 10 12 1 1 7 1 8 1 10 12 1 1 100 1 11 12 1 1 10 100 12 1 1 1 18 12 1 1 11 100 12 1 1 1 100 1 10 12 1 10 12 1 1 7 1 7 1 10 12 8 1 10 12 1 1 10 12 1 1 10 7 12 1 1 10 12 1 1 10 12 1 10 12 10 12 1 1 7 1 10 10 12 1 1 10 7 12 1 1 1 100 1 10 12 1 1 10 7 12 1 1 8 1 18 12 1 1 100 1 100 1 9 12 1 1 9 12 1 9 12 1 11 100 12 1 1 1 100 1 11 12 1 1 100 1 10 12 1 8 1 10 12 1 10 12 10 12 1 8 1 10 10 100 12 1 1 7 1 10 10 12 1 10 7 12 1 1 9 12 1 9 12 1 9 12 1 9 12 1 10 12 11 12 1 10 12 1 7 1 1 1 1 1 1 1 1 1 1 1 1 1 1 1 1 1 1 1 100 1 1 1 1 1 1 1 1 1 1 1 1 1 1 1 1 1 1 1 1 1 1 1 1 1 1 1 1 1 1 1 1 1 1 1 1 1 1 1 1 1 1 1 1 1 1 1 1 1 1 1 1 1 1 1 1 1 1 1 1 1 1 1 1 1 1 1 1 1 1 1 1 1 1 1 1 1 1 1 1 1 1 1 1 1 1 1 1 1 1 1 1 1 1 1 100 100 1 1 1 1 1 1 1 1 1 1 1 1 1 1 1 1 1 1 1 1 1 1 1 1 1 1 1 100 1 100 1 1 1 1 1 1 1 1 1 1 1 1 1 1 1 1 1 1 1 1 100 1 1 1 1 1 1 1 1 1 1 1 1 1 1 1 1 1 1 1 1 1 1 1 16 15 10 12 16 16 15 10 12 16 16 15 10 16 1 15 10 12 16 1 15 10 12 16 1 16 15 10 12 16 16 1 15 10 12 16 15 10 7 12 1 1 1 15 10 100 12 1 1 1 1 1 1 1 1 1 1 1 100 1 100 1 1 100 1 100 1 1
staticfield java/lang/Module ALL_UNNAMED_MODULE Ljava/lang/Module; java/lang/Module
staticfield java/lang/Module ALL_UNNAMED_MODULE_SET Ljava/util/Set; java/util/ImmutableCollections$Set12
staticfield java/lang/Module EVERYONE_MODULE Ljava/lang/Module; java/lang/Module
staticfield java/lang/Module EVERYONE_SET Ljava/util/Set; java/util/ImmutableCollections$Set12
staticfield java/lang/Module $assertionsDisabled Z 1
ciInstanceKlass java/lang/Character 1 1 604 7 1 7 1 100 1 9 12 1 1 8 1 9 12 1 1 7 1 9 12 1 1 10 7 12 1 1 1 10 100 12 1 1 1 10 100 12 1 1 1 10 7 12 1 1 1 9 7 12 1 1 1 10 12 1 10 12 1 1 10 12 1 1 10 7 12 1 1 10 12 1 1 3 3 3 3 3 10 12 1 1 10 12 1 3 11 7 12 1 1 1 11 12 1 1 10 12 1 1 10 12 1 1 100 1 10 10 12 1 3 10 12 1 1 10 12 1 10 12 1 1 100 1 8 1 10 12 1 1 10 12 1 10 12 1 10 12 1 10 100 12 1 1 1 10 12 1 10 12 1 10 12 1 1 10 12 1 10 7 12 1 1 10 10 12 1 10 10 12 1 10 12 1 1 10 12 1 10 10 12 1 10 12 1 10 12 1 10 12 1 10 12 1 10 12 1 10 12 1 10 12 10 10 12 10 10 12 1 10 10 12 1 10 10 12 1 10 10 12 1 10 12 1 10 12 1 10 12 1 10 12 1 10 12 1 10 12 1 10 10 12 1 10 10 12 1 10 10 12 1 1 10 10 12 1 10 5 0 10 12 1 10 12 1 10 10 12 1 10 10 12 1 1 10 10 12 1 10 10 12 1 9 12 1 1 100 1 10 10 12 1 10 12 1 1 3 10 100 12 1 1 1 10 12 1 10 100 12 1 1 7 1 10 10 12 1 1 10 12 1 1 10 12 1 1 8 1 10 12 1 9 100 12 1 1 1 10 12 1 10 10 12 1 10 12 1 1 10 12 1 10 10 12 1 1 10 10 12 1 1 7 1 8 1 10 12 1 1 10 7 12 1 1 1 8 1 10 12 1 1 9 12 1 1 7 1 7 1 7 1 1 1 1 3 1 3 1 3 1 3 1 1 1 1 1 3 1 1 3 1 3 1 3 1 3 1 3 1 3 1 3 1 3 1 3 1 3 1 3 1 3 1 3 1 3 1 3 1 3 1 3 1 3 1 3 1 3 1 3 1 3 1 3 1 3 1 3 1 3 1 3 1 3 1 1 1 1 1 1 1 1 1 1 1 1 1 1 1 1 1 1 1 3 1 1 1 1 1 1 1 3 1 1 3 1 1 1 1 1 3 1 1 5 0 1 1 1 1 1 1 1 1 1 1 1 1 1 1 1 1 1 1 1 1 1 1 1 1 1 1 1 1 1 1 1 1 1 1 1 1 1 1 1 1 1 1 1 1 1 1 1 1 1 1 1 1 1 1 1 1 1 1 1 1 1 1 1 1 1 1 1 1 1 1 1 1 1 1 1 1 1 1 1 1 1 1 1 1 1 1 1 1 1 1 100 1 100 1 1 1 1 1 1
staticfield java/lang/Character TYPE Ljava/lang/Class; java/lang/Class
staticfield java/lang/Character $assertionsDisabled Z 1
ciInstanceKlass java/lang/OutOfMemoryError 1 1 26 10 100 12 1 1 1 10 12 1 100 1 1 1 1 5 0 1 1 1 1 1 1 1 1 1
ciInstanceKlass java/lang/Integer 1 1 453 7 1 7 1 7 1 7 1 10 12 1 1 9 12 1 1 9 12 1 1 10 100 12 1 1 1 10 12 1 1 10 100 12 1 1 1 10 10 12 1 1 10 7 12 1 1 1 10 12 1 10 12 1 1 10 7 12 1 1 1 10 12 1 1 10 12 1 1 10 12 1 10 12 1 10 12 1 1 10 10 12 1 9 12 1 1 9 12 1 100 1 8 1 10 12 1 7 1 10 12 1 8 1 10 12 1 1 10 12 1 8 1 10 12 1 8 1 10 12 1 1 3 10 12 1 1 3 10 12 1 1 10 12 1 1 10 7 12 1 1 1 11 7 1 10 12 1 1 11 10 12 1 1 8 1 10 12 1 1 8 1 7 1 10 12 1 1 10 12 1 1 5 0 8 1 10 12 1 10 12 1 10 12 1 10 12 1 1 7 1 9 12 1 1 9 12 1 1 10 12 1 10 7 1 9 12 1 10 12 1 10 12 1 10 12 1 1 10 7 12 1 1 1 100 1 100 1 10 12 1 1 10 12 1 1 8 1 8 1 10 12 1 1 8 1 8 1 8 1 8 1 8 1 8 1 10 12 1 10 12 1 5 0 3 3 3 3 10 12 1 10 12 1 3 10 12 1 10 100 12 1 1 1 10 12 1 1 10 12 1 1 8 1 10 7 12 1 1 1 9 12 1 1 7 1 7 1 7 1 1 1 1 3 1 1 1 3 1 3 1 1 5 0 1 1 1 1 1 1 1 1 1 100 1 1 1 1 1 1 1 1 1 1 1 1 1 1 1 1 1 1 1 1 1 1 1 1 1 1 1 1 1 1 1 1 1 1 1 1 1 1 1 1 3 1 1 1 1 1 1 1 1 1 1 1 1 1 1 1 1 7 1 1 1 1 1 1 1 1 1 1 1 1 1 1 1 1 1 1 1 1 1 1 1 1 1 1 1 1 1 1 1 1 1 1 1 1 1 1 1 1 1 1 1 1 1 1 7 1 1 1 1 1 1 1 1 1 100 1 100 1 1
staticfield java/lang/Integer TYPE Ljava/lang/Class; java/lang/Class
staticfield java/lang/Integer digits [C 36
staticfield java/lang/Integer DigitTens [B 100
staticfield java/lang/Integer DigitOnes [B 100
instanceKlass com/sun/jna/IntegerType
instanceKlass java/util/concurrent/atomic/Striped64
instanceKlass java/math/BigInteger
instanceKlass java/util/concurrent/atomic/AtomicLong
instanceKlass java/util/concurrent/atomic/AtomicInteger
instanceKlass java/lang/Long
instanceKlass java/lang/Integer
instanceKlass java/lang/Short
instanceKlass java/lang/Byte
instanceKlass java/lang/Double
instanceKlass java/lang/Float
ciInstanceKlass java/lang/Number 1 1 37 10 7 12 1 1 1 10 100 12 1 1 1 100 1 1 1 1 5 0 1 1 1 1 1 1 1 1 1 1 1 1 1 1 1 1 1
ciInstanceKlass java/lang/Thread$FieldHolder 1 1 48 10 7 12 1 1 1 9 7 12 1 1 1 9 12 1 1 9 12 1 1 9 12 1 1 9 12 1 1 1 1 1 1 1 1 1 1 100 1 100 1 1 1 1 100 1 1 1
ciInstanceKlass java/lang/Thread$Constants 0 0 59 7 1 10 7 12 1 1 1 100 1 10 10 7 12 1 1 1 7 1 8 1 10 12 1 9 7 12 1 1 1 7 1 7 1 10 12 1 10 12 1 9 12 1 1 1 1 1 1 1 1 1 1 1 1 1 1 1 1
ciInstanceKlass java/lang/ThreadGroup 1 1 411 10 7 12 1 1 1 9 7 12 1 1 1 8 1 9 12 1 1 7 1 9 12 1 1 9 12 1 1 10 7 12 1 1 1 10 12 1 1 10 12 1 10 12 1 10 12 1 10 12 1 1 10 12 1 1 10 12 1 10 12 1 1 10 12 1 10 12 1 10 100 12 1 1 1 10 12 1 1 18 12 1 1 11 7 12 1 1 1 10 7 12 1 1 1 10 7 12 1 10 12 1 1 10 12 1 1 10 12 1 1 10 100 12 1 1 1 10 12 1 11 12 1 1 11 7 12 1 1 11 12 1 1 10 12 1 1 10 12 1 10 12 1 11 12 1 11 12 1 1 100 1 10 10 12 1 100 1 10 18 12 1 1 11 7 12 1 1 1 11 12 1 1 9 12 1 1 10 12 1 1 8 1 10 7 12 1 1 1 10 100 12 1 1 1 10 12 1 1 11 12 10 12 1 1 10 12 1 1 11 7 1 9 12 1 7 1 10 8 1 10 12 1 1 10 12 1 1 8 1 10 12 1 10 7 12 1 1 1 10 12 1 1 10 7 1 8 1 10 8 1 10 12 1 10 12 1 8 1 9 12 1 1 9 12 1 10 100 12 1 1 1 100 9 12 1 1 7 1 9 12 1 10 12 10 12 1 1 100 10 12 9 12 1 10 12 1 100 1 10 11 12 1 1 7 1 10 10 12 1 10 12 1 1 1 1 1 1 1 1 1 1 1 1 1 1 1 1 1 1 3 1 1 1 1 1 1 1 1 1 1 1 1 100 1 1 1 1 1 1 1 1 1 1 1 1 1 1 1 1 1 1 1 1 1 1 1 1 1 1 1 1 1 1 1 1 1 1 1 1 1 1 1 1 1 1 1 16 15 10 12 16 16 15 10 12 16 15 10 100 12 1 1 1 1 1 100 1 100 1 1
staticfield java/lang/ThreadGroup $assertionsDisabled Z 1
ciInstanceKlass java/lang/Thread$UncaughtExceptionHandler 1 0 16 100 1 100 1 1 1 1 1 1 1 1 100 1 1 1
ciInstanceKlass java/security/AccessControlContext 1 1 374 9 7 12 1 1 1 9 12 1 1 10 100 12 1 1 1 8 1 10 100 12 1 1 1 10 7 12 1 1 1 9 12 1 9 12 1 1 9 12 1 1 10 7 12 1 1 7 1 10 12 1 11 7 12 1 1 1 11 12 1 11 12 1 11 12 1 1 7 1 11 12 1 1 10 12 1 10 7 12 1 1 1 9 100 12 1 1 1 10 7 12 1 1 1 11 100 12 1 1 1 10 7 1 100 1 8 1 10 12 1 10 12 1 1 7 1 10 7 12 1 1 1 9 12 1 9 12 1 9 12 1 9 12 1 1 9 12 1 1 9 12 1 9 12 1 10 7 12 1 1 1 9 12 1 10 12 1 1 10 12 1 1 8 1 10 12 1 1 10 12 1 1 10 7 12 1 1 1 7 1 10 10 12 1 1 10 7 12 1 1 1 10 8 1 10 7 12 1 1 8 1 10 7 12 1 1 8 1 8 1 10 12 1 8 1 10 12 1 8 1 10 12 1 10 12 1 10 12 1 1 8 1 8 1 100 1 10 12 1 10 12 1 1 100 1 10 12 1 8 1 10 12 1 10 12 1 10 8 1 10 12 1 1 10 12 1 1 10 12 1 1 10 12 1 1 10 12 1 10 12 1 11 10 12 1 10 12 1 1 10 10 10 12 1 1 1 1 1 1 1 1 1 1 1 1 1 1 1 1 1 1 1 1 1 1 1 1 100 1 1 1 1 1 1 1 1 1 1 1 1 1 1 1 1 1 1 1 1 1 1 1 1 1 1 1 1 1 1 1 1 1 1 1 1 1 1 1 1 1 1 1 1 1 1 1 1 1 1 1 1 3 1 1
instanceKlass java/lang/ThreadBuilders$BoundVirtualThread
instanceKlass java/lang/VirtualThread
ciInstanceKlass java/lang/BaseVirtualThread 0 0 36 10 100 12 1 1 1 100 1 1 1 1 1 1 1 1 1 1 1 1 1 1 1 1 1 1 1 1 100 1 100 1 1 100 1 1
ciInstanceKlass java/lang/VirtualThread 0 0 907 9 7 12 1 1 1 10 7 12 1 1 1 10 100 12 1 1 1 10 7 12 1 1 1 9 12 1 1 9 12 1 1 100 1 10 12 1 9 12 1 1 18 12 1 1 9 12 1 1 10 12 1 1 100 1 10 12 1 10 12 1 1 10 12 1 1 10 12 1 1 10 12 1 10 7 12 1 10 12 1 10 12 1 10 12 1 10 12 1 11 100 12 1 1 1 100 1 10 12 1 1 10 100 12 1 1 1 10 100 12 1 1 1 10 12 1 100 1 10 10 12 1 10 12 1 1 9 12 1 1 10 12 1 1 9 12 1 1 10 12 1 9 12 1 1 9 12 1 100 1 10 10 12 1 10 100 12 1 1 10 9 10 10 12 1 1 10 12 1 1 10 100 12 1 1 10 100 1 10 9 10 10 12 1 7 1 10 12 1 1 10 12 1 10 12 1 10 12 1 1 9 12 1 10 12 1 10 12 1 9 12 1 1 10 12 1 10 12 1 9 12 1 1 10 12 1 10 12 1 10 12 1 11 100 12 1 1 10 12 1 1 10 12 1 1 10 12 1 1 9 12 1 10 100 1 10 12 1 1 10 12 1 1 10 12 1 10 12 1 10 12 1 10 12 9 12 1 1 10 100 12 1 1 10 12 1 10 12 1 1 10 100 12 1 1 10 12 1 100 1 8 1 10 12 1 10 12 1 1 10 12 1 10 12 1 10 100 12 1 1 10 12 1 10 12 1 1 10 12 1 10 12 1 1 10 7 12 1 1 10 12 1 1 10 12 1 1 100 1 10 10 12 1 7 1 9 12 1 1 10 7 12 1 1 10 9 12 1 1 18 9 100 12 1 1 1 11 100 12 1 1 1 11 100 1 11 12 10 12 1 10 12 1 1 10 12 1 100 1 10 10 12 1 10 12 1 1 10 12 1 1 10 12 1 10 12 1 10 12 1 9 12 1 1 11 100 12 1 1 10 12 9 100 12 1 1 1 9 12 1 10 12 1 1 9 12 1 9 12 1 9 12 1 7 1 10 10 12 1 1 10 12 1 10 12 7 1 7 1 10 8 1 10 12 1 1 10 12 1 10 12 1 10 10 12 1 8 1 10 10 12 1 10 12 1 10 7 12 1 1 8 1 8 1 10 9 100 12 1 1 1 10 12 1 1 10 12 1 10 10 10 12 9 12 1 10 12 1 1 9 12 1 10 12 1 1 9 12 1 10 12 1 1 18 12 1 1 18 12 1 10 7 12 1 1 1 8 1 10 100 12 1 1 1 10 7 12 1 1 1 18 12 1 10 100 12 1 1 1 100 1 10 12 1 8 1 10 12 1 8 1 10 12 1 1 8 1 8 1 10 100 12 1 1 8 1 10 12 1 8 1 8 1 10 100 12 1 1 1 10 12 1 10 12 1 1 10 12 1 18 12 1 1 18 12 1 1 5 0 9 12 1 10 12 1 18 12 1 100 1 10 12 10 7 12 1 1 10 12 1 1 7 1 8 1 10 10 12 1 10 12 1 1 10 12 1 9 12 1 8 10 12 1 1 8 8 9 12 1 8 10 12 1 1 3 1 3 1 3 1 3 1 3 1 3 1 3 1 3 1 3 1 3 1 3 1 3 3 1 3 1 1 1 1 1 1 1 1 1 1 1 1 1 1 7 1 1 1 1 1 1 1 1 1 1 1 1 1 1 7 1 1 1 1 1 1 1 1 1 1 1 7 1 1 1 1 1 1 1 1 1 1 1 1 1 1 1 1 1 1 1 1 1 1 1 1 1 1 1 1 1 1 1 1 1 1 1 1 1 1 1 100 1 1 1 1 1 1 1 1 1 1 1 1 1 1 1 1 1 1 1 1 1 1 1 1 1 1 1 1 1 1 1 1 1 1 1 100 1 1 1 1 1 1 1 1 1 1 1 1 1 1 100 1 1 16 15 10 12 15 16 15 10 12 16 15 10 12 16 16 15 10 12 16 15 10 12 16 15 10 12 16 15 10 12 16 1 15 10 100 12 1 1 1 1 1 1 1 7 1 1 100 1 100 1 1
ciInstanceKlass java/lang/ThreadBuilders$BoundVirtualThread 0 0 132 10 7 12 1 1 1 9 7 12 1 1 1 10 7 12 1 1 1 9 12 1 1 10 12 1 1 10 12 1 1 9 12 1 1 10 7 12 1 1 1 10 12 1 1 7 1 8 1 10 12 1 10 12 1 1 10 12 1 1 10 12 1 1 10 7 12 1 1 1 8 1 10 12 1 8 1 10 12 1 1 10 100 12 1 1 9 100 12 1 1 1 10 12 1 1 10 10 12 1 1 1 1 1 1 1 1 1 1 1 1 1 1 1 1 1 1 1 1 1 1 1 1 1 1 1 1 100 1 1 1 1
ciInstanceKlass jdk/internal/vm/ContinuationScope 0 0 50 10 100 12 1 1 1 10 100 12 1 1 1 100 1 9 100 12 1 1 1 10 12 1 1 10 100 12 1 1 1 10 12 1 1 10 12 1 1 1 1 1 1 1 1 1 1 1 1 1
ciInstanceKlass jdk/internal/vm/StackChunk 0 0 32 10 100 12 1 1 1 9 100 12 1 1 1 9 12 1 1 9 12 1 1 1 1 1 1 1 1 1 1 1 1 1
ciInstanceKlass java/lang/Float 1 1 279 7 1 7 1 10 100 12 1 1 1 10 100 12 1 1 1 4 7 1 10 12 1 1 10 12 1 1 8 1 8 1 10 7 12 1 1 1 10 12 1 1 10 12 1 1 10 100 1 4 10 7 12 1 1 9 12 1 1 10 12 1 1 10 12 1 10 10 12 1 1 10 12 1 10 12 1 3 3 100 1 4 4 4 3 10 12 1 1 9 12 1 1 100 1 10 3 3 4 4 10 12 1 3 3 3 10 12 1 1 10 12 1 1 10 12 1 10 100 12 1 1 1 10 12 1 1 10 12 1 1 10 7 12 1 1 1 8 1 10 12 1 1 9 12 1 1 7 1 7 1 7 1 1 1 1 4 1 4 1 1 1 4 1 1 3 1 3 1 3 1 3 1 3 1 1 1 1 5 0 1 1 1 1 1 1 1 1 1 1 100 1 1 1 1 1 1 1 1 1 1 1 1 1 3 1 1 1 1 1 1 1 1 1 1 1 1 1 1 1 1 1 1 1 1 1 1 1 1 1 1 1 1 1 1 1 1 1 1 1 1 1 1 1 1 1 1 1 1 1 1 1 1 1 1 1 1 1 1 1 1 1 1 1 1 1 7 1 1 1 1 1 1 1 100 1 100 1 1
staticfield java/lang/Float TYPE Ljava/lang/Class; java/lang/Class
staticfield java/lang/Float $assertionsDisabled Z 1
ciInstanceKlass java/lang/Double 1 1 290 7 1 7 1 10 100 12 1 1 1 10 12 1 1 10 7 1 10 12 1 1 10 100 12 1 1 1 6 0 8 1 10 12 1 1 8 1 10 12 1 1 8 1 6 0 10 12 1 1 100 1 5 0 5 0 8 1 8 1 10 7 12 1 1 1 10 7 12 1 1 1 8 1 10 12 1 1 8 1 8 1 8 1 10 12 1 1 10 12 1 10 12 1 1 10 12 1 10 12 1 10 12 1 1 10 12 1 10 7 1 6 0 10 7 12 1 1 9 12 1 1 10 12 1 10 12 1 10 12 1 10 12 1 10 12 1 5 0 10 12 1 1 10 12 1 10 12 1 10 100 12 1 1 1 10 12 1 1 10 12 1 1 8 1 10 7 12 1 1 1 9 12 1 1 7 1 7 1 7 1 1 1 6 0 1 6 0 1 6 0 1 1 1 6 0 1 1 3 1 3 1 3 1 3 1 3 1 1 1 1 5 0 1 1 1 1 1 1 1 1 1 1 1 1 1 1 1 1 100 1 1 1 1 1 1 1 1 1 1 1 1 3 1 1 1 1 1 1 1 1 1 1 1 1 1 1 1 1 1 1 1 1 1 1 1 1 1 1 1 1 1 1 1 1 1 1 7 1 1 1 1 1 1 1 100 1 100 1 1
staticfield java/lang/Double TYPE Ljava/lang/Class; java/lang/Class
ciInstanceKlass java/lang/Byte 1 1 213 7 1 100 1 10 7 12 1 1 1 9 12 1 1 8 1 9 12 1 1 7 1 10 12 1 1 10 12 1 1 10 100 12 1 1 1 10 100 12 1 1 1 9 100 12 1 1 1 10 12 1 1 100 1 7 1 10 12 1 1 8 1 10 12 1 1 8 1 10 12 1 10 12 1 10 12 1 10 12 1 1 10 12 1 10 12 1 10 12 1 1 10 8 1 8 1 10 7 1 9 12 1 1 10 12 1 1 10 12 1 1 10 12 1 1 10 12 1 5 0 10 12 1 1 8 1 10 7 12 1 1 1 9 12 1 1 7 1 7 1 1 1 3 1 3 1 1 1 1 3 1 3 1 1 5 0 1 1 1 1 1 1 1 1 1 1 1 1 1 1 1 1 1 1 1 1 1 1 1 1 1 1 1 1 1 1 1 1 1 1 1 1 1 1 1 1 1 1 1 1 1 1 1 1 1 1 1 1 1 1 1 1
staticfield java/lang/Byte TYPE Ljava/lang/Class; java/lang/Class
ciInstanceKlass java/lang/Short 1 1 222 7 1 7 1 100 1 10 7 12 1 1 1 10 12 1 1 100 1 7 1 10 12 1 1 8 1 10 12 1 1 8 1 10 12 1 10 12 1 10 12 1 10 12 1 1 10 12 1 1 10 12 1 9 12 1 1 8 1 9 12 1 1 7 1 10 12 1 1 10 12 1 10 100 12 1 1 1 10 100 12 1 1 1 9 100 12 1 1 1 10 12 1 10 12 1 1 10 8 1 8 1 10 7 1 9 12 1 1 10 12 1 1 10 12 1 1 10 12 1 1 10 12 1 3 3 5 0 10 12 1 1 8 1 10 7 12 1 1 1 9 12 1 1 7 1 7 1 1 1 3 1 3 1 1 1 1 3 1 3 1 1 5 0 1 1 1 1 1 1 1 1 1 1 1 1 1 1 1 1 1 1 1 1 1 1 1 1 1 1 1 3 1 1 1 1 1 1 1 1 1 1 1 1 1 1 1 1 1 1 1 1 1 1 1 1 1 1 1 1 1 1
staticfield java/lang/Short TYPE Ljava/lang/Class; java/lang/Class
ciInstanceKlass java/lang/Long 1 1 524 7 1 7 1 7 1 7 1 10 12 1 1 9 12 1 1 9 7 12 1 1 1 10 7 12 1 1 1 10 12 1 1 10 100 12 1 1 1 10 10 12 10 12 1 10 12 1 10 12 1 5 0 5 0 7 1 10 12 1 1 10 12 1 1 10 12 1 10 12 1 10 12 1 10 12 1 1 10 100 12 1 1 10 12 1 10 12 1 1 10 12 1 1 10 12 1 1 10 12 1 1 10 100 12 1 1 1 10 12 1 1 10 12 1 10 12 1 10 12 1 10 12 1 1 10 10 12 1 5 0 5 0 9 12 1 1 9 12 1 5 0 100 1 8 1 10 12 1 8 1 10 12 1 8 1 8 1 10 12 1 1 5 0 10 12 1 1 5 0 10 12 1 1 10 12 1 1 10 100 12 1 1 1 11 7 1 10 12 1 1 11 10 12 1 1 8 1 10 12 1 1 8 1 7 1 10 12 1 1 10 12 1 8 1 8 1 11 12 1 1 10 12 1 10 12 1 10 12 1 5 0 5 0 9 7 12 1 1 1 10 12 1 10 12 1 1 8 1 8 1 10 12 1 1 8 1 8 1 8 1 8 1 8 1 8 1 10 12 1 10 7 1 9 12 1 1 10 12 1 10 12 1 1 10 12 1 1 10 7 12 1 1 1 100 1 100 1 10 12 1 1 10 12 1 1 5 0 10 12 1 10 12 1 5 0 5 0 5 0 10 12 1 1 10 12 1 5 0 5 0 10 12 1 10 12 1 10 100 12 1 1 1 10 12 1 1 10 12 1 1 8 1 10 7 12 1 1 1 9 12 1 1 7 1 7 1 7 1 1 1 1 5 0 1 1 1 1 3 1 3 1 5 0 1 1 1 1 1 1 1 1 1 100 1 1 1 1 1 1 1 1 1 1 1 1 1 1 1 1 1 1 1 1 1 1 1 1 1 1 1 1 1 1 1 1 1 1 1 1 1 1 1 1 1 1 1 1 1 1 1 1 1 1 1 1 1 1 1 3 1 1 1 1 1 1 1 1 1 1 1 1 1 1 1 7 1 1 1 1 1 1 1 1 1 1 1 1 1 1 1 1 1 1 1 1 1 1 1 1 1 1 1 1 1 1 1 1 1 1 1 1 1 1 1 1 1 1 1 7 1 1 1 1 1 1 1 1 1 100 1 100 1 1
staticfield java/lang/Long TYPE Ljava/lang/Class; java/lang/Class
ciInstanceKlass jdk/internal/vm/vector/VectorSupport 0 0 573 100 1 10 100 12 1 1 1 9 12 1 1 10 12 1 1 100 1 10 12 1 11 100 12 1 1 1 11 100 12 1 1 1 11 100 12 1 1 11 100 12 1 1 11 100 12 1 1 1 11 100 12 1 1 11 100 12 1 1 11 100 12 1 1 11 100 12 1 1 11 100 12 1 1 11 100 12 1 1 11 100 12 1 1 1 11 100 12 1 1 11 100 12 1 1 1 11 100 12 1 1 1 11 100 12 1 1 11 100 12 1 1 1 11 100 12 1 1 100 1 10 12 1 1 11 100 12 1 1 11 100 12 1 1 11 100 12 1 1 11 100 12 1 1 11 100 12 1 1 11 100 12 1 1 9 12 1 1 10 100 12 1 1 11 100 12 1 1 10 12 1 1 10 100 12 1 1 1 10 12 1 10 12 1 1 10 12 1 1 1 1 1 3 1 3 1 3 1 3 1 3 1 3 1 3 1 3 1 3 1 3 1 3 1 3 1 3 1 3 1 3 1 3 1 3 1 3 1 3 1 3 1 3 1 3 1 3 1 3 1 3 1 3 1 3 1 3 1 3 1 3 1 3 1 3 1 3 1 3 1 3 1 3 1 3 1 3 1 3 1 3 1 3 1 3 1 3 1 3 1 3 1 3 1 3 1 3 1 3 1 3 1 3 1 3 1 3 1 1 1 1 1 1 1 1 1 1 1 1 1 1 1 1 1 1 1 1 1 1 1 1 1 1 1 1 1 1 1 1 1 1 1 1 1 1 1 1 1 1 1 1 1 1 1 1 1 1 1 1 1 1 1 1 1 1 1 1 1 1 1 1 1 1 1 1 1 1 1 1 1 1 1 1 1 1 1 1 1 1 1 1 1 1 1 1 1 1 1 1 1 1 1 1 1 1 1 1 1 1 1 1 1 1 1 1 1 1 1 1 1 1 1 1 1 1 1 1 1 1 1 1 1 1 1 1 1 1 1 1 1 1 1 1 1 1 1 1 1 1 1 1 1 1 1 1 1 1 1 1 1 1 1 1 1 1 1 1 1 1 1 1 1 1 1 1 1 1 1 1 1 1 1 1 1 1 1 1 1 1 1 1 1 1 1 1 1 1 1 1 1 1 1 1 1 1 1 1 1 1 1 1 1 1 1 1 1 1 1 1 1 1 1 1 1 1 1 1 1 1 1 1 1 1 1 1 1 1 1 1 1 1 1 100 1 100 1 100 1 100 1 100 1 1 1 1 1 1 1 1 1 1 1 1 1 1 1 1 1 1 1 1 1 1 1 1 1 1 1 1 1 1 1
instanceKlass jdk/internal/vm/vector/VectorSupport$VectorShuffle
instanceKlass jdk/internal/vm/vector/VectorSupport$VectorMask
instanceKlass jdk/internal/vm/vector/VectorSupport$Vector
ciInstanceKlass jdk/internal/vm/vector/VectorSupport$VectorPayload 0 0 32 10 100 12 1 1 1 9 100 12 1 1 1 10 100 12 1 1 1 1 1 1 1 1 1 1 1 1 1 1 1 1
ciInstanceKlass jdk/internal/vm/vector/VectorSupport$Vector 0 0 28 10 100 12 1 1 1 100 1 1 1 1 1 1 1 1 1 1 1 1 1 1 1 100 1 1 1 1
ciInstanceKlass jdk/internal/vm/vector/VectorSupport$VectorMask 0 0 28 10 100 12 1 1 1 100 1 1 1 1 1 1 1 1 1 1 1 1 1 1 1 100 1 1 1 1
ciInstanceKlass jdk/internal/vm/vector/VectorSupport$VectorShuffle 0 0 28 10 100 12 1 1 1 100 1 1 1 1 1 1 1 1 1 1 1 1 1 1 1 100 1 1 1 1
ciInstanceKlass jdk/internal/vm/FillerObject 0 0 16 10 100 12 1 1 1 100 1 1 1 1 1 1 1 1
instanceKlass java/lang/ref/PhantomReference
instanceKlass java/lang/ref/FinalReference
instanceKlass java/lang/ref/WeakReference
instanceKlass java/lang/ref/SoftReference
ciInstanceKlass java/lang/ref/Reference 1 1 190 9 7 12 1 1 1 9 7 12 1 1 10 12 1 1 10 12 1 1 9 12 1 1 10 12 1 1 9 12 1 1 9 12 1 1 7 1 10 12 1 10 7 12 1 1 10 12 1 10 12 1 1 10 12 1 7 1 8 1 10 12 1 1 7 1 10 12 1 1 10 12 1 1 10 12 1 9 12 1 10 12 1 1 10 12 1 10 12 1 9 12 1 7 1 100 1 10 12 9 12 1 9 12 1 100 1 10 10 12 1 10 10 7 12 1 1 7 1 10 10 7 12 1 1 1 1 1 1 1 1 1 1 1 1 1 1 1 1 1 1 1 7 1 1 1 100 1 1 1 1 1 1 1 1 1 1 1 1 1 1 1 1 1 1 1 1 1 1 1 1 1 1 1 1 1 1 1 1 1 1 1 7 1 7 1 7 1 1 1
staticfield java/lang/ref/Reference processPendingLock Ljava/lang/Object; java/lang/Object
staticfield java/lang/ref/Reference $assertionsDisabled Z 1
instanceKlass sun/util/locale/provider/LocaleResources$ResourceReference
instanceKlass sun/util/resources/Bundles$BundleReference
instanceKlass com/intellij/util/containers/ConcurrentRefHashMap$HardKey
instanceKlass java/util/ResourceBundle$BundleReference
instanceKlass sun/util/locale/LocaleObjectCache$CacheEntry
instanceKlass java/lang/invoke/LambdaFormEditor$Transform
ciInstanceKlass java/lang/ref/SoftReference 1 1 47 10 7 12 1 1 1 9 7 12 1 1 1 9 12 1 10 12 1 10 12 1 1 1 1 1 1 1 1 1 1 1 1 1 1 1 1 1 1 1 1 100 1 1 1 1 1
instanceKlass com/sun/jna/CallbackReference
instanceKlass sun/nio/ch/FileLockTable$FileLockReference
instanceKlass javax/crypto/JceSecurity$WeakIdentityWrapper
instanceKlass sun/security/provider/FileInputStreamPool$StreamRef
instanceKlass com/intellij/util/containers/ConcurrentWeakKeySoftValueHashMap$WeakKey
instanceKlass com/intellij/util/containers/ConcurrentWeakKeyWeakValueHashMap$WeakValue
instanceKlass java/util/ResourceBundle$KeyElementReference
instanceKlass java/util/logging/LogManager$LoggerWeakRef
instanceKlass java/util/logging/Level$KnownLevel
instanceKlass java/lang/ClassValue$Entry
instanceKlass com/intellij/util/lang/ClassLoadingLocks$WeakLockReference
instanceKlass java/lang/ThreadLocal$ThreadLocalMap$Entry
instanceKlass java/lang/WeakPairMap$WeakRefPeer
instanceKlass jdk/internal/util/WeakReferenceKey
instanceKlass java/util/WeakHashMap$Entry
ciInstanceKlass java/lang/ref/WeakReference 1 1 31 10 7 12 1 1 1 10 12 1 100 1 1 1 1 1 1 1 1 1 1 1 1 1 1 1 1 1 1 1 1
instanceKlass java/lang/ref/Finalizer
ciInstanceKlass java/lang/ref/FinalReference 1 1 50 10 7 12 1 1 1 10 7 12 1 1 1 10 12 1 1 7 1 8 1 10 12 1 1 1 1 1 1 1 1 1 1 1 1 1 1 1 1 1 1 1 1 1 1 1 1 1 7 1
instanceKlass com/intellij/util/containers/ConcurrentWeakKeySoftValueHashMap$HardKey
instanceKlass com/intellij/util/containers/RefHashMap$HardKey
instanceKlass jdk/internal/ref/Cleaner
instanceKlass jdk/internal/ref/PhantomCleanable
ciInstanceKlass java/lang/ref/PhantomReference 1 1 39 10 100 12 1 1 1 10 7 12 1 1 1 1 1 1 1 1 1 1 1 1 1 1 1 1 1 1 1 1 1 1 1 1 1 1 1 1 1
ciInstanceKlass java/lang/ref/Finalizer 1 1 155 9 7 12 1 1 1 10 7 12 1 1 1 9 12 1 1 9 12 1 1 9 12 1 9 12 1 9 12 1 1 10 12 1 7 1 8 1 10 12 1 10 12 1 1 9 12 1 100 1 10 12 1 7 1 11 100 12 1 1 10 12 1 7 1 10 12 1 100 1 10 12 1 10 7 12 1 1 1 10 100 12 1 1 1 100 1 10 10 12 1 7 1 10 12 1 7 1 10 12 1 1 10 12 1 1 10 12 1 10 7 12 1 1 1 7 1 10 7 1 10 10 12 1 1 1 1 1 1 1 1 1 1 1 1 1 1 1 1 1 1 1 1 1 1 1 1 1 1 1 1 1 1 1 1
staticfield java/lang/ref/Finalizer lock Ljava/lang/Object; java/lang/Object
staticfield java/lang/ref/Finalizer ENABLED Z 1
staticfield java/lang/ref/Finalizer $assertionsDisabled Z 1
instanceKlass kotlinx/serialization/json/ClassDiscriminatorMode
instanceKlass com/intellij/ide/Y/M/FS
instanceKlass com/intellij/ide/Y/M/a
instanceKlass sun/util/locale/provider/LocaleProviderAdapter$Type
instanceKlass com/intellij/ide/gdpr/ConsentOptions$Permission
instanceKlass com/intellij/ide/Y/X
instanceKlass java/lang/reflect/ProxyGenerator$PrimitiveTypeInfo
instanceKlass java/lang/reflect/AccessFlag$Location
instanceKlass java/lang/reflect/AccessFlag
instanceKlass java/lang/module/ModuleDescriptor$Modifier
instanceKlass java/time/DayOfWeek
instanceKlass java/time/format/TextStyle
instanceKlass java/time/format/DateTimeFormatterBuilder$SettingsParser
instanceKlass java/time/format/ResolverStyle
instanceKlass java/time/format/SignStyle
instanceKlass java/time/temporal/JulianFields$Field
instanceKlass java/time/temporal/IsoFields$Unit
instanceKlass java/time/temporal/IsoFields$Field
instanceKlass java/util/stream/Collector$Characteristics
instanceKlass java/util/Locale$IsoCountryCode
instanceKlass java/util/Locale$FilteringMode
instanceKlass com/intellij/util/messages/Topic$BroadcastDirection
instanceKlass com/intellij/ide/Y/k/y
instanceKlass java/awt/EventFilter$FilterAction
instanceKlass sun/awt/AppContext$State
instanceKlass kotlin/time/DurationUnit
instanceKlass fleet/multiplatform/shims/DispatcherPriority
instanceKlass kotlinx/coroutines/channels/BufferOverflow
instanceKlass sun/java2d/SunGraphicsEnvironment$LogDisplay
instanceKlass kotlin/reflect/jvm/internal/impl/resolve/jvm/JvmPrimitiveType
instanceKlass kotlin/reflect/jvm/internal/impl/builtins/PrimitiveType
instanceKlass com/sun/org/apache/xerces/internal/impl/XMLScanner$NameType
instanceKlass com/jetbrains/rhizomedb/Cardinality
instanceKlass com/jetbrains/rhizomedb/Indexing
instanceKlass com/sun/org/apache/xerces/internal/util/Status
instanceKlass com/jetbrains/rhizomedb/RefFlags
instanceKlass sun/font/EAttribute
instanceKlass com/sun/org/apache/xerces/internal/utils/XMLSecurityManager$NameMap
instanceKlass com/sun/org/apache/xerces/internal/utils/XMLSecurityManager$Limit
instanceKlass javax/xml/catalog/CatalogFeatures$Feature
instanceKlass com/sun/org/apache/xerces/internal/utils/XMLSecurityPropertyManager$Property
instanceKlass com/sun/org/apache/xerces/internal/utils/XMLSecurityPropertyManager$State
instanceKlass jdk/xml/internal/XMLSecurityManager$NameMap
instanceKlass jdk/xml/internal/JdkProperty$State
instanceKlass jdk/xml/internal/XMLSecurityManager$Processor
instanceKlass jdk/xml/internal/XMLSecurityManager$Limit
instanceKlass sun/java2d/StateTrackable$State
instanceKlass sun/security/util/KnownOIDs
instanceKlass sun/security/provider/NativePRNG$Variant
instanceKlass java/nio/file/attribute/PosixFilePermission
instanceKlass java/util/Locale$Category
instanceKlass java/net/StandardProtocolFamily
instanceKlass com/intellij/util/PathUtilRt$Platform
instanceKlass sun/awt/OSInfo$OSType
instanceKlass jdk/internal/util/OperatingSystem
instanceKlass java/lang/annotation/RetentionPolicy
instanceKlass java/lang/annotation/ElementType
instanceKlass java/time/temporal/ChronoUnit
instanceKlass java/time/temporal/ChronoField
instanceKlass sun/util/logging/PlatformLogger$Level
instanceKlass java/lang/System$Logger$Level
instanceKlass jdk/internal/logger/BootstrapLogger$LoggingBackend
instanceKlass java/util/stream/StreamShape
instanceKlass java/util/stream/StreamOpFlag$Type
instanceKlass java/util/stream/StreamOpFlag
instanceKlass com/intellij/openapi/diagnostic/LogLevel
instanceKlass com/intellij/diagnostic/ActivityCategory
instanceKlass com/intellij/diagnostic/LoadingState
instanceKlass java/lang/StackWalker$Option
instanceKlass kotlinx/coroutines/scheduling/CoroutineScheduler$WorkerState
instanceKlass kotlin/coroutines/intrinsics/CoroutineSingletons
instanceKlass kotlinx/coroutines/CoroutineStart
instanceKlass kotlin/LazyThreadSafetyMode
instanceKlass java/lang/ProcessImpl$LaunchMechanism
instanceKlass java/util/regex/Pattern$Qtype
instanceKlass com/intellij/util/system/OS
instanceKlass java/nio/file/AccessMode
instanceKlass com/intellij/util/lang/JarLoader$Attribute
instanceKlass java/lang/invoke/MethodHandleImpl$ArrayAccess
instanceKlass java/util/zip/ZipCoder$Comparison
instanceKlass java/nio/file/LinkOption
instanceKlass java/nio/file/StandardOpenOption
instanceKlass java/lang/invoke/MethodHandles$Lookup$ClassOption
instanceKlass java/lang/invoke/VarHandle$AccessType
instanceKlass java/lang/invoke/VarHandle$AccessMode
instanceKlass java/lang/invoke/MethodHandleImpl$Intrinsic
instanceKlass java/lang/invoke/LambdaForm$BasicType
instanceKlass java/lang/invoke/LambdaForm$Kind
instanceKlass sun/invoke/util/Wrapper
instanceKlass java/io/File$PathStatus
instanceKlass com/jetbrains/internal/IoOverNio$Debug
instanceKlass java/lang/reflect/ClassFileFormatVersion
instanceKlass java/util/concurrent/TimeUnit
instanceKlass java/lang/Thread$State
instanceKlass java/lang/module/ModuleDescriptor$Requires$Modifier
ciInstanceKlass java/lang/Enum 1 1 204 9 7 12 1 1 1 9 12 1 1 10 7 12 1 1 1 9 12 1 10 7 12 1 1 1 100 1 10 10 12 1 1 10 12 1 7 1 10 10 7 12 1 1 10 12 1 1 18 12 1 1 10 100 12 1 1 1 10 12 1 1 11 7 12 1 1 1 100 1 8 1 10 12 1 100 1 7 1 10 8 1 10 12 1 1 10 12 1 1 8 1 10 12 1 10 100 1 8 1 10 10 12 1 1 10 100 12 1 1 1 7 1 7 1 7 1 1 1 1 1 1 1 1 1 1 1 1 1 1 1 1 1 1 1 1 1 1 1 1 1 1 1 1 1 1 1 1 1 1 1 1 1 1 1 1 1 1 1 1 1 1 1 3 1 1 1 1 100 1 7 1 1 100 1 1 1 1 1 1 1 1 1 1 1 16 15 10 12 16 15 10 100 12 1 1 1 1 1 100 1 100 1 1
ciInstanceKlass java/lang/reflect/Method 1 1 472 9 7 12 1 1 1 10 100 12 1 1 1 10 100 12 1 1 9 12 1 1 10 12 1 1 10 12 1 1 10 100 12 1 1 10 7 12 1 1 1 9 12 1 1 9 12 1 9 12 1 1 9 12 1 9 12 1 9 12 1 1 9 12 1 9 12 1 1 9 12 1 9 12 1 9 12 1 1 100 1 8 1 10 12 1 10 12 1 9 12 1 1 8 1 10 7 12 1 1 10 7 12 1 1 1 10 12 1 1 10 12 1 1 10 12 1 10 12 1 1 10 12 1 1 9 100 12 1 1 1 10 12 1 1 10 12 10 7 12 1 1 10 12 1 1 10 12 1 10 12 1 10 12 1 10 7 12 1 1 1 10 12 1 1 10 7 1 10 7 12 1 1 1 10 7 12 1 1 10 12 1 1 10 12 1 1 10 12 1 10 7 12 1 1 1 10 12 1 10 8 1 10 12 1 10 12 1 7 1 8 1 8 1 8 1 10 12 1 10 12 1 1 10 12 1 1 10 10 12 1 1 10 12 1 11 7 1 10 12 1 9 12 1 1 10 12 1 1 10 12 1 10 12 1 1 10 12 1 1 11 7 12 1 1 1 11 12 1 9 12 1 1 10 12 1 10 12 1 10 12 1 10 12 1 10 12 1 10 12 1 9 12 1 1 10 7 12 1 1 1 10 7 12 1 1 10 12 1 1 10 100 12 1 1 1 10 100 12 1 1 1 10 100 12 1 1 1 11 100 12 1 1 1 10 100 12 1 1 1 100 1 100 1 100 1 10 12 1 10 12 1 1 10 12 1 100 1 8 1 10 12 1 10 10 12 1 1 10 12 1 1 10 12 1 1 10 12 1 1 8 1 10 12 1 1 1 1 1 1 1 1 1 1 1 1 1 1 1 1 1 1 1 1 1 1 1 1 1 1 1 1 1 1 1 1 1 1 1 1 1 1 1 1 1 1 1 1 1 1 1 1 1 1 1 1 1 100 1 100 1 100 1 1 1 1 1 1 1 1 1 1 1 1 1 1 1 1 1 1 1 1 1 1 1 1 1 1 1 1 1 1
ciInstanceKlass java/lang/reflect/Field 1 1 457 9 7 12 1 1 1 10 12 1 1 10 100 12 1 1 1 10 100 12 1 1 9 12 1 1 10 12 1 1 10 12 1 1 10 100 12 1 1 10 7 12 1 1 1 9 12 1 1 9 12 1 9 12 1 9 12 1 1 9 12 1 1 9 12 1 9 12 1 1 9 12 1 1 7 1 8 1 10 12 1 10 12 1 9 12 1 1 9 12 1 10 12 1 10 7 12 1 1 10 12 1 1 10 12 1 1 10 12 1 10 12 1 1 9 100 12 1 1 1 10 100 12 1 1 1 100 1 10 12 1 1 10 12 1 1 10 12 1 1 10 12 1 10 12 1 10 7 1 10 7 12 1 1 7 1 10 8 1 10 12 1 1 10 12 1 1 8 1 10 12 10 12 1 8 1 8 1 10 11 7 1 9 12 1 10 12 1 1 10 12 1 1 11 7 12 1 1 1 10 12 1 11 12 1 1 11 12 1 1 11 12 1 1 11 12 1 1 11 12 1 1 11 12 1 1 11 12 1 1 11 12 1 1 11 12 1 1 11 12 1 1 11 12 1 1 11 12 1 1 11 12 1 1 11 12 1 1 11 12 1 1 11 12 1 1 11 12 1 1 10 12 1 10 7 12 1 1 10 12 1 10 12 1 10 12 1 9 12 1 1 10 7 12 1 1 1 10 12 1 1 10 12 1 10 100 12 1 1 10 12 1 1 11 7 1 10 12 1 7 1 10 100 12 1 1 1 10 100 12 1 1 1 9 12 1 10 100 12 1 1 1 11 100 12 1 1 1 10 12 1 1 10 12 1 1 9 100 12 1 1 10 100 12 1 1 1 10 12 1 1 7 1 1 1 1 1 1 1 1 1 1 1 1 1 1 1 1 1 1 1 1 1 1 1 1 1 1 1 1 1 1 1 1 1 1 1 1 1 1 1 7 1 1 1 1 1 1 1 1 1 1 1 1 1 1 1 1 1 1 1 1 1 1 1 1 1 1 1 1 1 1 1 1 7 1 1 1 1 1 1 1 1 1 100 1 1
ciInstanceKlass java/lang/reflect/Parameter 0 0 243 10 7 12 1 1 1 9 7 12 1 1 1 9 12 1 1 9 12 1 1 9 12 1 10 12 1 1 10 12 1 1 10 7 12 1 1 1 7 1 10 10 12 1 1 11 7 12 1 1 1 10 12 1 10 100 12 1 1 1 10 12 1 1 10 12 1 10 12 1 8 1 8 1 10 7 12 1 1 1 10 12 1 10 12 9 100 12 1 1 1 10 100 12 1 1 1 10 12 1 8 1 10 12 1 9 12 1 1 10 12 1 1 9 12 1 1 10 12 1 1 10 12 1 1 10 12 1 1 10 12 1 10 10 12 1 10 100 12 1 1 1 10 12 1 1 11 7 12 1 1 10 7 12 1 1 7 1 10 100 12 1 1 1 10 12 1 1 10 12 1 1 10 12 1 1 10 12 1 1 9 12 1 100 1 10 11 12 1 1 11 12 1 1 7 1 1 1 1 1 1 1 1 1 1 1 1 1 1 1 1 1 1 1 1 1 1 1 1 1 1 1 1 1 1 1 1 1 1 1 1 1 1 1 1 1 100 1 1 1 1 1 1
ciInstanceKlass java/lang/reflect/RecordComponent 0 0 196 10 7 12 1 1 1 9 7 12 1 1 1 9 12 1 1 9 12 1 10 12 1 1 10 12 1 1 10 100 12 1 1 1 10 12 1 1 9 12 1 1 10 12 1 1 10 12 1 1 10 12 1 10 100 12 1 1 10 100 12 1 1 9 12 1 1 10 100 12 1 1 1 11 100 12 1 1 1 10 9 100 12 1 1 1 10 100 12 1 1 1 9 12 1 1 10 100 12 1 1 1 10 12 1 1 11 7 12 1 1 10 7 12 1 1 7 1 9 12 1 9 12 1 1 9 12 1 10 100 12 1 1 1 10 12 1 1 10 12 1 1 7 1 10 10 12 1 10 12 1 1 8 1 10 12 1 10 12 1 9 12 1 7 1 1 1 1 1 1 1 1 1 1 1 1 1 1 1 1 1 1 1 1 1 1 7 1 1 1 1 1 1 100 1 1
ciInstanceKlass java/lang/StringBuffer 1 1 483 10 7 12 1 1 1 10 12 1 10 12 1 10 12 1 1 9 7 12 1 1 1 10 12 1 1 10 12 1 10 12 1 1 9 12 1 1 10 12 1 10 12 1 1 10 12 1 1 10 12 1 10 12 1 1 10 12 1 10 12 1 1 10 12 1 1 10 7 12 1 1 1 10 12 1 1 10 12 1 10 12 1 10 12 1 10 12 1 10 12 1 10 12 1 10 12 1 10 12 1 10 12 1 10 12 1 10 12 1 10 12 1 10 12 1 10 12 1 1 10 12 1 10 12 1 1 10 12 1 1 10 10 12 1 1 10 12 1 10 12 1 10 12 1 10 12 1 10 12 1 10 12 1 10 12 10 12 1 10 12 1 10 12 1 10 12 1 1 10 12 1 10 12 1 10 10 12 1 1 10 12 1 10 12 1 10 12 1 10 10 100 12 1 1 1 10 10 12 1 1 9 12 1 1 10 100 12 1 1 10 100 1 8 10 100 12 1 1 1 8 10 12 1 8 1 10 12 1 10 12 1 10 100 12 1 1 1 10 100 12 1 1 1 7 1 10 12 100 1 8 1 10 10 12 1 1 10 12 1 1 10 12 1 10 12 1 10 12 1 1 10 12 1 10 12 1 10 12 1 10 12 1 10 12 1 10 12 10 12 1 10 12 1 10 12 1 10 12 1 10 12 1 10 12 1 10 12 1 10 12 1 10 12 1 10 12 1 10 12 10 12 10 12 1 10 12 1 10 12 1 10 12 10 12 1 10 12 1 10 12 1 10 12 1 10 12 1 10 12 1 10 12 1 10 12 1 10 12 1 10 12 1 10 12 1 7 1 10 12 1 9 7 12 1 1 1 9 7 1 9 12 1 1 7 1 7 1 7 1 7 1 1 1 1 5 0 1 1 1 1 1 1 1 1 1 1 1 1 1 1 1 1 1 1 1 1 1 1 1 1 1 1 1 1 1 1 1 1 1 1 1 1 1 1 1 1 1 1 1 1 1 1 1 1 1 1 1 1 1 1 1 1 1 1 1 1 1 100 1 1 1 1 1 7 1 1 1 1 1 1 1 1 1 1 1 1 1 1 1 1 1 1
staticfield java/lang/StringBuffer serialPersistentFields [Ljava/io/ObjectStreamField; 3 [Ljava/io/ObjectStreamField;
instanceKlass jdk/internal/loader/BuiltinClassLoader
instanceKlass java/net/URLClassLoader
ciInstanceKlass java/security/SecureClassLoader 1 1 102 10 7 12 1 1 1 7 1 10 12 1 9 7 12 1 1 1 10 12 1 10 12 1 10 12 1 1 10 12 1 1 10 12 1 7 1 10 7 1 10 12 1 7 1 10 12 1 11 7 12 1 1 1 7 1 11 12 1 10 12 1 1 1 1 1 1 1 1 1 1 1 1 1 1 1 1 1 1 1 1 1 1 1 1 1 1 1 1 1 1 1 1 1 1 1 1 100 1 1 1 1
ciInstanceKlass java/net/URLClassLoader 0 0 600 10 7 12 1 1 1 100 1 10 12 1 9 7 12 1 1 1 10 7 12 1 1 1 9 12 1 1 100 1 10 12 1 9 12 1 1 10 12 1 10 10 12 1 10 100 12 1 1 1 10 12 1 1 10 7 12 1 1 1 10 100 12 1 1 1 100 1 10 12 1 1 10 12 1 1 10 12 1 1 100 1 100 1 10 7 12 1 1 1 100 1 8 1 10 12 1 10 7 12 1 1 1 10 12 1 1 10 12 1 1 11 100 12 1 1 1 11 7 12 1 1 1 11 12 1 1 7 1 11 12 1 11 7 12 1 1 10 12 1 11 12 1 11 12 1 1 11 10 12 1 1 10 12 1 1 10 12 1 1 100 1 10 12 1 10 12 1 1 7 1 100 1 10 12 1 1 7 1 10 10 12 1 1 10 100 12 1 1 10 12 1 100 1 7 1 10 8 1 10 12 1 1 8 1 10 12 1 1 10 10 12 1 8 1 8 1 10 12 1 1 10 7 12 1 1 1 10 100 12 1 1 1 10 12 1 1 10 12 1 1 10 12 1 1 10 12 1 10 12 1 100 1 100 1 8 1 10 12 1 10 12 1 1 10 12 1 1 7 1 10 12 1 10 100 12 1 1 1 10 12 1 1 10 12 1 1 10 12 1 1 10 12 1 10 100 12 1 1 1 10 12 1 1 8 1 10 12 1 1 11 100 12 1 1 1 9 100 12 1 1 1 10 100 12 1 1 1 9 12 1 9 12 1 9 12 1 9 12 1 9 12 1 9 12 1 10 7 12 1 1 1 8 1 10 12 1 1 100 1 10 10 12 1 10 12 1 1 10 12 1 1 100 1 10 12 1 10 12 1 1 10 12 1 10 12 1 1 100 1 10 100 12 1 1 9 100 12 1 1 1 10 12 1 8 1 100 1 8 1 10 12 1 10 12 1 8 1 10 12 1 10 12 1 9 12 1 1 10 100 12 1 1 10 12 1 10 12 1 10 100 1 8 1 10 100 1 10 12 1 10 100 12 1 100 1 10 12 1 10 12 1 100 1 10 10 7 12 1 1 1 1 1 1 1 1 1 1 1 1 1 1 1 1 1 1 1 1 1 1 1 1 1 1 1 1 1 1 1 1 1 1 1 1 1 7 1 100 1 7 1 7 1 1 1 1 1 1 1 1 1 1 1 1 1 1 1 1 1 1 1 1 1 1 1 1 1 1 1 1 1 1 1 1 1 1 1 1 1 1 1 1 1 1 1 1 1 1 100 1 1 1 1 1 1 1 1 1 1 1 1 1 1 1 1 1 1 1 1 1 1 1 1 1 1 1 1 1 1 1 1 1 1 1 1 1 100 1 1 1
ciInstanceKlass java/util/jar/Manifest 0 0 339 10 7 12 1 1 1 100 1 10 9 7 12 1 1 1 100 1 10 9 12 1 1 9 12 1 1 10 12 1 10 12 1 1 10 12 1 1 10 12 1 1 10 12 1 1 11 7 1 11 12 1 1 10 12 1 1 10 100 12 1 1 1 100 1 7 1 10 8 1 10 12 1 1 10 12 1 1 10 12 1 10 12 1 11 100 1 10 12 1 10 12 1 1 11 12 1 1 10 12 1 11 12 1 1 11 100 12 1 1 1 11 7 12 1 1 11 12 1 1 100 1 10 12 1 8 1 11 12 1 7 1 10 12 1 1 11 12 1 10 12 1 10 12 1 10 7 12 1 1 1 8 1 10 12 1 1 10 9 100 12 1 1 1 10 12 1 1 10 100 12 1 10 12 1 10 12 1 9 100 12 1 1 1 8 1 10 12 1 8 1 8 1 100 1 10 12 1 10 12 1 10 12 1 1 100 1 8 1 10 12 1 1 8 1 10 10 12 1 1 8 1 10 12 1 1 10 7 12 1 1 1 10 12 1 10 11 12 1 1 10 12 1 10 100 12 1 1 1 10 12 1 1 10 12 1 10 12 1 1 11 10 12 1 11 10 12 1 7 1 1 1 1 1 1 1 1 1 1 1 1 1 1 1 1 1 1 1 1 1 1 1 1 1 1 1 1 1 1 1 1 1 1 1 1 1 1 1 1 1 1 1 100 1 1 1 1 1 1 1 1 1 1 1 1 1 1 7 1 1 1 1 1 1 1 1 1 1 1
ciInstanceKlass java/io/ByteArrayInputStream 1 1 117 10 7 12 1 1 1 9 7 12 1 1 1 9 12 1 1 9 12 1 9 12 1 10 100 12 1 1 1 10 7 12 1 1 1 10 7 12 1 1 1 10 100 12 1 1 1 10 12 1 1 3 10 100 1 10 100 12 1 1 1 9 12 1 1 100 1 10 10 7 12 1 1 1 1 1 1 1 1 1 1 1 1 1 1 1 1 1 1 1 1 1 1 1 1 1 1 1 1 1 1 1 100 1 1 1 1 1 1 1 1 1 1 1 1 1 1
staticfield java/io/ByteArrayInputStream $assertionsDisabled Z 1
instanceKlass java/nio/DoubleBuffer
instanceKlass java/nio/FloatBuffer
instanceKlass java/nio/ShortBuffer
instanceKlass java/nio/CharBuffer
instanceKlass java/nio/IntBuffer
instanceKlass java/nio/LongBuffer
instanceKlass java/nio/ByteBuffer
ciInstanceKlass java/nio/Buffer 1 1 256 100 1 10 7 12 1 1 1 9 7 12 1 1 1 9 12 1 9 12 1 1 9 12 1 9 12 1 1 10 12 1 1 10 12 1 1 10 12 100 1 7 1 10 8 1 10 12 1 1 10 12 1 8 1 8 1 10 12 1 1 10 12 1 8 1 9 12 1 1 100 1 8 1 10 12 1 8 1 8 1 9 12 10 12 1 8 1 8 1 8 1 10 12 1 8 1 8 1 8 1 100 1 10 100 1 10 100 1 10 9 12 1 1 10 7 12 1 1 1 100 1 10 12 1 1 10 12 1 10 100 12 1 1 10 7 12 1 1 1 10 7 12 1 1 1 9 12 1 1 10 7 12 1 1 1 9 12 1 1 7 1 10 10 12 1 1 7 1 10 10 7 12 1 1 1 1 1 3 1 1 1 1 1 1 1 1 1 1 1 1 1 1 100 1 1 1 1 1 1 1 7 1 1 1 1 1 1 1 1 1 1 1 1 1 1 1 1 1 1 1 1 1 1 1 1 1 1 1 1 1 1 1 1 1 1 1 1 1 1 1 100 1 100 1 100 1 100 1 100 1 100 1 100 1 1
staticfield java/nio/Buffer UNSAFE Ljdk/internal/misc/Unsafe; jdk/internal/misc/Unsafe
staticfield java/nio/Buffer SCOPED_MEMORY_ACCESS Ljdk/internal/misc/ScopedMemoryAccess; jdk/internal/misc/ScopedMemoryAccess
staticfield java/nio/Buffer IOOBE_FORMATTER Ljava/util/function/BiFunction; jdk/internal/util/Preconditions$4
staticfield java/nio/Buffer $assertionsDisabled Z 1
instanceKlass java/util/Stack
ciInstanceKlass java/util/Vector 1 1 487 10 7 12 1 1 1 100 1 7 1 10 8 1 10 12 1 1 10 12 1 10 12 1 1 10 12 1 7 1 9 7 12 1 1 1 9 12 1 1 10 12 1 10 12 1 11 7 12 1 1 1 9 12 1 11 12 1 1 7 1 100 10 7 12 1 1 1 10 7 12 1 1 1 9 12 1 10 12 1 10 12 1 1 10 7 12 1 1 1 100 1 10 12 1 10 12 1 1 10 12 1 1 10 12 1 100 1 8 1 10 100 1 10 10 12 1 100 1 10 10 8 1 10 12 10 12 1 1 10 12 1 10 12 1 10 12 1 1 100 1 7 1 10 12 1 10 10 12 1 10 12 1 1 10 12 1 10 12 1 1 10 100 12 1 1 1 18 12 1 1 10 12 1 1 18 10 12 1 1 11 100 12 1 10 12 1 1 10 12 1 1 100 1 10 10 12 1 1 10 10 12 1 1 10 10 12 1 1 10 100 12 1 1 1 10 12 1 1 10 100 12 1 1 1 8 10 100 12 1 1 1 8 10 12 1 100 1 8 1 10 10 10 100 12 1 1 1 8 10 100 12 1 1 1 10 12 1 10 12 1 8 1 100 1 10 12 1 7 1 10 11 100 12 1 1 1 11 100 12 1 1 10 12 1 1 100 1 10 12 1 11 12 1 7 1 7 1 7 1 7 1 1 1 1 5 0 1 1 1 1 1 1 1 1 1 1 1 1 1 1 1 1 1 1 1 1 1 1 1 1 1 1 1 1 1 1 1 1 1 1 1 1 1 1 1 1 1 1 1 1 1 1 1 1 1 1 1 1 1 1 1 1 1 1 1 1 1 1 1 1 1 1 1 1 1 1 1 1 1 1 7 1 1 1 1 1 1 1 1 1 1 1 1 1 1 1 1 1 100 1 1 1 1 1 1 1 1 1 1 1 1 1 1 1 1 1 100 1 7 1 1 1 1 1 1 1 1 1 1 1 1 1 1 1 1 1 1 1 1 1 1 1 1 1 1 1 1 1 1 1 1 1 1 1 1 1 1 1 1 1 1 16 15 10 12 15 10 12 15 10 100 12 1 1 1 1 1 1 1 1 1 100 1 100 1 1
ciInstanceKlass java/util/List 1 1 251 10 100 12 1 1 1 11 100 12 1 1 1 11 100 12 1 1 1 11 12 1 1 11 100 12 1 1 11 12 1 1 11 12 1 1 10 100 12 1 1 1 100 1 100 1 10 12 1 1 100 1 10 100 12 1 1 1 11 12 1 1 11 12 1 11 12 1 100 1 10 12 1 11 12 1 1 11 12 1 1 11 12 1 10 100 12 1 1 1 9 7 12 1 1 1 7 1 10 12 10 12 1 7 1 10 12 1 1 10 12 1 10 12 1 1 11 12 1 1 100 1 1 1 1 1 1 1 1 1 1 1 1 1 1 1 1 1 1 1 1 1 1 1 1 1 1 1 1 1 1 1 1 1 1 1 1 1 1 1 1 1 1 1 1 100 1 100 1 1 1 1 1 1 1 1 1 1 1 1 1 1 1 1 1 1 1 1 1 1 1 1 1 1 1 1 1 1 1 1 1 1 1 1 1 1 1 1 1 1 1 1 1 1 1 1 1 1 1 1 1 1 1 1 1 1 1 1 1 1 1 1 1 1 1 1 1 1 1 1 1 1 1 1 100 1 1 100 1 1 1
ciInstanceKlass java/util/SequencedCollection 1 1 109 100 1 10 12 1 1 11 7 12 1 1 1 11 7 12 1 1 1 11 12 1 1 11 12 1 7 1 7 1 1 1 1 1 1 1 1 1 1 1 1 1 1 1 1 1 1 1 1 1 1 1 1 1 1 1 1 1 100 1 8 1 1 12 10 1 1 1 8 1 1 1 8 1 1 1 8 1 1 1 8 1 1 8 1 1 1 8 1 1 8 1 1 1 8 1 1 8 1 1 1 8 1 1 8 1 1 8 1
ciInstanceKlass java/lang/Iterable 1 1 62 10 7 12 1 1 1 11 7 12 1 1 1 11 7 12 1 1 1 11 12 1 1 11 7 12 1 1 1 10 100 12 1 1 1 100 1 1 1 1 1 1 1 1 1 1 1 1 1 1 1 1 1 1 1 1 1 1 1 1 1 1
ciInstanceKlass java/util/RandomAccess 1 0 7 100 1 100 1 1 1
instanceKlass java/util/concurrent/ConcurrentLinkedDeque
instanceKlass java/util/LinkedHashMap$LinkedValues
instanceKlass java/util/HashMap$Values
instanceKlass it/unimi/dsi/fastutil/objects/AbstractObjectCollection
instanceKlass java/util/IdentityHashMap$Values
instanceKlass java/util/AbstractQueue
instanceKlass java/util/ArrayDeque
instanceKlass java/util/AbstractSet
instanceKlass java/util/ImmutableCollections$AbstractImmutableCollection
instanceKlass java/util/AbstractList
ciInstanceKlass java/util/AbstractCollection 1 1 160 10 7 12 1 1 1 10 7 12 1 1 1 10 12 1 1 11 7 12 1 1 1 11 12 1 1 10 12 1 1 10 100 12 1 1 1 10 12 1 1 10 12 1 1 10 7 12 1 1 10 100 12 1 1 1 100 1 10 7 12 1 1 1 10 100 12 1 1 1 100 1 10 11 12 1 11 7 1 10 12 1 10 12 1 10 100 12 1 1 1 11 8 1 7 1 10 10 12 1 1 8 1 10 12 1 10 12 1 1 1 1 1 1 1 1 1 1 1 1 1 1 1 1 1 1 1 1 1 1 1 1 1 1 1 1 1 1 1 1 1 1 1 1 1 1 1 1 1 1 1 1 1 1 1 1 1 1 1 1
instanceKlass java/util/Collections$CopiesList
instanceKlass sun/security/jca/ProviderList$ServiceList
instanceKlass java/util/Collections$SingletonList
instanceKlass kotlin/collections/AbstractMutableList
instanceKlass java/util/AbstractSequentialList
instanceKlass sun/security/jca/ProviderList$3
instanceKlass java/util/Vector
instanceKlass java/util/Arrays$ArrayList
instanceKlass java/util/ArrayList$SubList
instanceKlass java/util/Collections$EmptyList
instanceKlass java/util/ArrayList
ciInstanceKlass java/util/AbstractList 1 1 218 10 7 12 1 1 1 9 7 12 1 1 1 10 12 1 1 10 12 1 1 100 1 10 10 12 1 1 11 100 12 1 1 1 11 12 1 1 11 12 1 10 7 12 1 1 1 10 12 1 11 12 1 11 12 1 11 12 1 10 12 1 1 10 12 1 1 11 7 12 1 1 1 11 7 1 11 7 1 10 12 1 100 1 10 12 1 10 12 1 1 7 1 100 1 10 12 1 100 1 10 100 1 7 1 10 8 1 10 12 1 1 10 12 1 10 12 1 1 10 12 1 8 1 100 1 8 1 8 1 8 1 10 7 1 11 10 10 12 1 11 12 1 10 12 1 1 8 1 8 1 1 1 1 1 1 1 1 1 1 1 1 1 1 1 1 1 1 1 1 1 1 1 1 1 1 1 1 1 1 1 1 1 1 1 1 1 1 1 1 1 1 1 1 1 1 1 1 1 1 1 1 1 1 1 1 1 1 100 1 100 1 1 1 1 1 1 1
ciMethod java/util/Vector elementData (I)Ljava/lang/Object; 1024 0 13251 0 0
ciMethod java/util/Vector elementAt (I)Ljava/lang/Object; 1024 0 13251 0 488
ciMethod java/util/Vector setElementAt (Ljava/lang/Object;I)V 1024 0 29236 0 776
ciInstanceKlass java/lang/AssertionStatusDirectives 0 0 24 10 100 12 1 1 1 100 1 1 1 1 1 1 1 1 1 1 1 1 1 1 1 1
instanceKlass com/intellij/diagnostic/PluginException
instanceKlass java/util/MissingResourceException
instanceKlass java/nio/file/FileSystemNotFoundException
instanceKlass org/h2/message/DbException
instanceKlass com/intellij/openapi/diagnostic/RuntimeExceptionWithAttachments
instanceKlass com/intellij/F/f/F/Q
instanceKlass org/h2/mvstore/MVStoreException
instanceKlass com/intellij/ide/plugins/EssentialPluginMissingException
instanceKlass java/security/ProviderException
instanceKlass fleet/kernel/DispatchChannelOverflowException
instanceKlass kotlinx/coroutines/internal/UndeliveredElementException
instanceKlass java/util/ConcurrentModificationException
instanceKlass com/jetbrains/rhizomedb/EntityAttributeIsNotInitialized
instanceKlass com/jetbrains/rhizomedb/OutOfDbContext
instanceKlass com/jetbrains/rhizomedb/OutOfMutableDbContext
instanceKlass com/jetbrains/rhizomedb/TxValidationException
instanceKlass com/jetbrains/rhizomedb/EntityDoesNotExistException
instanceKlass com/intellij/util/IncorrectOperationException
instanceKlass com/fasterxml/aalto/UncheckedStreamException
instanceKlass java/util/concurrent/RejectedExecutionException
instanceKlass java/lang/SecurityException
instanceKlass kotlin/KotlinNothingValueException
instanceKlass kotlin/NoWhenBranchMatchedException
instanceKlass java/util/NoSuchElementException
instanceKlass java/lang/IndexOutOfBoundsException
instanceKlass kotlin/UninitializedPropertyAccessException
instanceKlass java/lang/UnsupportedOperationException
instanceKlass com/intellij/util/lang/MissingIkvException
instanceKlass java/io/UncheckedIOException
instanceKlass java/lang/IllegalStateException
instanceKlass java/lang/IllegalArgumentException
instanceKlass java/lang/ArithmeticException
instanceKlass java/lang/NullPointerException
instanceKlass java/lang/IllegalMonitorStateException
instanceKlass java/lang/ArrayStoreException
instanceKlass java/lang/ClassCastException
ciInstanceKlass java/lang/RuntimeException 1 1 40 10 7 12 1 1 1 10 12 1 10 12 1 10 12 1 10 12 1 100 1 1 1 1 5 0 1 1 1 1 1 1 1 1 1 1 1 1 1 1
instanceKlass java/lang/reflect/Proxy$ProxyBuilder$ProxyClassContext
instanceKlass java/util/stream/Collectors$CollectorImpl
instanceKlass jdk/net/UnixDomainPrincipal
instanceKlass jdk/internal/misc/ThreadTracker$ThreadRef
instanceKlass java/io/IoOverNioFileSystem$StreamInitializationBundle
instanceKlass com/intellij/ide/CliResult
instanceKlass java/nio/DirectByteBuffer$Deallocator
instanceKlass java/security/SecureClassLoader$CodeSourceKey
instanceKlass jdk/internal/reflect/ReflectionFactory$Config
instanceKlass jdk/internal/foreign/abi/UpcallLinker$CallRegs
instanceKlass jdk/internal/foreign/abi/VMStorage
ciInstanceKlass java/lang/Record 1 1 22 10 7 12 1 1 1 100 1 1 1 1 1 1 1 1 1 1 1 1 1 1
ciInstanceKlass java/lang/invoke/MethodType 1 1 780 7 1 10 7 12 1 1 1 9 12 1 1 9 12 1 1 9 12 1 1 10 7 12 1 1 1 9 7 12 1 1 8 1 10 100 12 1 1 1 9 7 1 9 7 1 10 12 1 1 7 1 10 8 1 10 12 1 1 10 12 1 10 12 1 1 7 1 8 1 10 12 1 100 1 10 10 12 1 10 12 1 1 10 12 1 1 11 7 12 1 1 1 9 12 1 11 12 1 1 7 10 12 1 1 10 12 1 1 7 1 7 1 10 7 12 1 1 1 10 12 1 10 12 1 9 12 1 1 10 7 12 1 1 10 12 1 1 10 7 12 1 1 1 10 7 12 1 1 1 10 12 1 9 12 1 1 10 12 1 1 10 12 1 1 10 12 1 1 10 12 1 1 10 12 1 1 10 12 1 10 12 1 10 12 1 1 10 12 1 8 1 8 1 10 12 1 1 9 12 1 1 100 1 10 10 12 1 1 10 12 1 10 12 1 1 10 12 1 1 10 12 1 10 12 1 10 12 1 8 1 10 12 1 1 10 100 12 1 1 1 10 12 1 10 12 1 1 10 12 1 10 12 1 10 12 1 1 10 12 1 10 12 1 9 12 1 10 12 1 10 10 12 1 1 10 12 1 9 12 1 1 10 12 1 1 11 12 1 1 10 12 1 1 10 12 1 10 12 1 7 1 8 1 8 1 8 1 10 12 1 10 12 1 10 12 1 1 10 10 12 1 11 12 1 1 11 12 1 10 100 12 1 1 1 9 12 1 10 12 1 10 12 1 1 10 12 1 1 10 12 1 10 12 1 10 100 12 1 1 1 10 12 1 1 10 12 1 10 12 1 10 12 1 10 9 12 1 1 7 1 10 12 1 10 12 1 1 9 100 12 1 1 1 10 7 12 1 1 1 10 7 12 1 1 1 10 12 1 1 10 7 12 1 1 1 10 12 1 1 8 1 10 7 12 1 1 1 11 12 1 1 9 12 1 1 10 12 1 1 10 12 1 10 12 1 1 10 12 1 1 10 100 12 1 1 100 1 10 12 1 1 11 100 12 1 1 18 12 1 1 11 12 1 1 18 12 1 11 12 1 100 1 11 100 12 1 1 10 12 1 100 1 10 12 1 10 100 12 1 1 10 12 1 1 9 12 1 1 9 100 12 1 1 1 10 7 12 1 1 1 9 12 1 10 100 12 1 1 10 12 1 100 10 12 1 1 10 12 1 7 1 10 10 12 1 1 7 1 7 1 9 12 1 1 7 1 7 1 7 1 1 1 5 0 1 1 1 1 1 1 1 3 1 3 1 3 1 1 1 1 1 1 1 1 1 1 1 1 1 1 1 1 1 1 1 1 1 1 1 1 1 1 1 1 1 1 1 1 1 1 1 1 1 1 1 1 1 1 1 1 1 1 1 1 1 1 1 1 1 1 1 1 1 1 1 1 1 1 1 1 1 1 1 1 1 1 1 1 1 1 1 1 1 1 1 1 1 1 1 1 1 1 1 1 1 1 1 1 1 1 1 1 1 1 1 1 1 1 1 1 1 1 1 1 1 1 1 1 1 1 1 1 1 1 1 1 1 1 1 1 1 1 1 1 1 1 100 1 100 1 1 1 1 1 1 1 1 1 1 1 1 1 100 1 1 1 7 1 1 1 1 1 1 1 1 1 1 1 1 1 1 1 1 1 1 1 1 1 1 16 15 10 12 16 16 15 10 12 16 15 10 100 12 1 1 1 1 1 7 1 1 7 1 1 100 1 100 1 1
staticfield java/lang/invoke/MethodType internTable Ljdk/internal/util/ReferencedKeySet; jdk/internal/util/ReferencedKeySet
staticfield java/lang/invoke/MethodType NO_PTYPES [Ljava/lang/Class; 0 [Ljava/lang/Class;
staticfield java/lang/invoke/MethodType objectOnlyTypes [Ljava/lang/invoke/MethodType; 20 [Ljava/lang/invoke/MethodType;
staticfield java/lang/invoke/MethodType METHOD_HANDLE_ARRAY [Ljava/lang/Class; 1 [Ljava/lang/Class;
staticfield java/lang/invoke/MethodType serialPersistentFields [Ljava/io/ObjectStreamField; 0 [Ljava/io/ObjectStreamField;
staticfield java/lang/invoke/MethodType $assertionsDisabled Z 1
ciInstanceKlass java/lang/invoke/TypeDescriptor$OfMethod 1 0 43 100 1 100 1 100 1 1 1 1 1 1 1 1 1 1 1 1 1 1 1 1 1 1 1 1 1 1 1 1 1 1 1 1 1 1 1 1 1 1 100 1 1
instanceKlass java/lang/InstantiationException
instanceKlass java/lang/IllegalAccessException
instanceKlass java/lang/reflect/InvocationTargetException
instanceKlass java/lang/NoSuchFieldException
instanceKlass java/lang/NoSuchMethodException
instanceKlass java/lang/ClassNotFoundException
ciInstanceKlass java/lang/ReflectiveOperationException 1 1 34 10 7 12 1 1 1 10 12 1 10 12 1 10 12 1 100 1 1 1 1 5 0 1 1 1 1 1 1 1 1 1 1 1
instanceKlass java/lang/invoke/DelegatingMethodHandle
instanceKlass java/lang/invoke/BoundMethodHandle
instanceKlass java/lang/invoke/DirectMethodHandle
ciInstanceKlass java/lang/invoke/MethodHandle 1 1 733 100 1 9 7 12 1 1 1 10 7 12 1 1 1 10 7 12 1 1 1 7 1 7 1 10 12 1 1 9 12 1 1 10 12 1 10 12 1 1 10 12 1 1 10 100 12 1 1 1 10 12 1 1 10 12 1 1 11 7 12 1 1 1 10 12 1 1 10 12 1 10 12 1 10 12 1 1 9 12 1 1 9 12 1 1 10 7 12 1 1 1 10 12 1 1 10 12 1 10 12 1 100 1 7 1 10 8 1 10 12 1 1 10 12 1 8 1 10 12 1 1 10 12 1 10 7 12 1 1 1 10 12 1 1 10 12 1 1 10 12 1 1 10 7 12 1 1 1 10 12 1 1 10 12 1 1 10 12 1 10 12 1 1 10 7 12 1 1 10 7 12 1 1 10 12 1 10 12 1 10 12 1 1 10 12 1 1 10 12 1 1 10 12 1 1 10 7 12 1 1 1 10 7 12 1 1 1 10 12 1 1 10 12 1 1 10 12 1 1 8 1 10 7 12 1 1 1 8 1 10 12 1 10 12 1 1 10 12 1 1 10 12 1 8 1 10 12 1 1 8 1 10 12 1 8 1 10 7 12 1 1 1 9 12 1 1 100 1 10 9 7 12 1 1 1 9 7 1 8 1 10 12 1 1 10 12 1 10 12 1 1 10 12 1 10 12 1 1 10 12 1 10 12 1 1 10 12 1 10 12 1 1 10 12 1 1 8 1 10 12 1 1 8 1 10 12 1 10 12 1 1 10 12 1 10 12 1 10 12 1 1 9 100 12 1 1 1 10 12 1 1 11 12 1 10 12 1 10 12 1 1 10 100 12 1 1 100 1 11 12 1 10 100 1 11 12 1 7 1 10 12 1 11 12 1 9 100 12 1 1 1 11 12 1 1 11 100 12 1 1 1 10 12 1 1 9 12 1 11 12 1 9 12 1 9 12 1 9 12 1 11 12 1 1 9 12 1 9 12 1 9 12 1 9 12 1 9 12 1 9 12 1 9 12 1 8 1 10 12 1 10 12 1 8 1 10 12 1 10 12 1 10 12 1 1 10 10 10 7 12 1 1 10 12 1 1 100 1 100 1 8 1 8 1 10 10 12 1 1 10 12 1 10 12 1 7 1 10 100 12 1 1 1 10 9 7 12 1 1 1 10 12 1 1 10 12 1 1 8 1 8 1 10 7 12 1 1 9 12 1 9 12 1 1 9 12 1 1 10 12 1 7 1 10 12 1 10 12 1 1 9 12 1 1 9 12 1 1 10 7 12 1 1 1 11 7 12 1 1 9 12 1 10 12 1 1 9 12 1 10 12 1 8 10 12 1 1 8 1 1 1 1 1 1 1 1 7 1 1 1 1 1 1 1 1 1 1 1 1 1 1 1 1 1 1 1 1 1 1 1 1 1 1 1 1 1 1 100 1 1 1 1 1 1 1 1 1 1 1 1 1 1 1 1 1 1 1 1 1 1 1 1 1 1 1 1 1 1 1 1 1 1 1 1 1 1 1 1 1 1 1 1 1 1 1 1 1 1 1 1 1 1 1 1 1 1 1 1 1 1 1 1 1 1 1 1 1 1 1 1 1 1 1 1 1 1 1 1 1 1 1 1 1 1 100 1 1 100 1 7 1 100 1 1 100 1 1 100 1 1 1 1
staticfield java/lang/invoke/MethodHandle FORM_OFFSET J 20
staticfield java/lang/invoke/MethodHandle UPDATE_OFFSET J 13
staticfield java/lang/invoke/MethodHandle $assertionsDisabled Z 1
ciInstanceKlass java/util/concurrent/ConcurrentHashMap 1 1 1210 7 1 7 1 3 10 12 1 1 3 7 1 10 7 12 1 1 1 7 1 10 7 12 1 1 1 100 1 11 12 1 1 11 12 1 11 12 1 1 9 12 1 1 9 12 1 1 9 12 1 10 7 12 1 1 1 7 1 10 12 1 1 10 12 1 1 10 7 12 1 1 1 4 10 12 1 9 12 1 10 12 1 1 100 1 10 5 0 10 12 1 10 12 1 1 5 0 10 12 1 1 10 12 1 9 12 1 1 10 12 1 1 9 12 1 9 12 1 1 10 12 1 1 9 12 1 10 12 1 1 9 12 1 1 10 12 1 1 100 1 10 100 1 10 12 1 10 12 1 1 10 12 1 1 10 12 1 1 10 12 1 10 12 1 1 10 12 1 1 100 1 10 12 1 1 7 1 100 1 8 1 10 12 1 10 12 1 1 10 12 1 1 11 7 12 1 1 10 12 1 1 11 12 1 1 11 7 12 1 1 1 11 7 12 1 1 1 11 12 1 7 1 11 12 1 11 12 1 10 12 1 1 10 12 1 1 9 12 1 1 10 100 12 1 1 1 9 10 12 1 1 9 12 1 10 12 1 1 5 0 9 12 1 1 7 1 10 12 1 9 12 1 1 7 1 10 12 1 9 12 1 7 1 10 7 1 10 10 12 1 1 8 1 10 12 1 10 12 1 1 11 100 1 10 12 1 10 100 12 1 1 1 8 1 10 100 12 1 1 1 8 1 10 12 1 8 1 10 12 1 10 12 1 1 10 100 12 1 1 10 12 1 10 12 1 10 12 1 9 12 1 9 10 12 1 9 12 1 1 11 100 12 1 1 1 11 7 12 1 1 1 100 1 10 12 11 100 12 1 1 10 11 7 12 1 10 12 1 100 1 10 12 1 100 1 10 10 9 7 12 1 1 1 10 12 3 10 7 12 1 1 9 12 1 10 12 1 1 9 12 1 1 9 12 1 10 12 1 1 10 7 12 1 1 9 12 1 9 7 12 1 1 10 12 1 1 10 12 1 3 9 12 1 9 12 1 10 12 1 1 7 1 9 3 9 12 1 7 1 10 12 1 9 12 1 10 12 1 9 12 1 10 12 1 9 12 1 10 100 12 1 1 1 100 10 12 1 7 1 5 0 10 100 12 1 1 100 1 10 12 1 1 10 12 1 10 12 1 100 1 10 12 1 10 100 1 100 1 10 10 12 1 10 100 1 10 12 1 10 100 1 10 12 1 10 7 1 10 12 1 1 100 1 10 12 1 10 10 12 1 100 1 10 12 1 10 10 12 1 100 1 10 12 1 10 100 1 10 12 1 10 100 1 10 12 1 10 100 1 10 12 1 10 100 1 10 12 1 10 100 1 10 12 1 10 100 1 10 12 1 10 100 1 10 12 1 10 100 1 10 10 100 1 10 10 100 1 10 10 100 1 10 12 1 10 100 1 10 12 1 10 100 1 10 12 1 10 100 1 10 12 1 10 100 1 10 12 1 10 100 1 10 10 100 1 10 10 100 1 10 10 100 1 10 12 1 10 100 1 10 12 1 10 100 1 10 12 1 10 100 1 10 12 1 10 100 1 10 12 1 10 10 12 1 10 7 12 1 1 1 10 12 1 7 1 7 1 10 12 1 9 12 1 1 9 12 1 1 10 12 1 1 8 10 12 1 1 8 8 8 8 7 10 12 1 1 10 12 1 100 1 8 1 10 7 1 7 1 7 1 1 1 5 0 1 1 3 1 3 1 1 1 1 3 1 3 1 3 1 1 1 1 1 3 1 3 1 3 1 1 1 1 1 1 1 1 1 1 1 1 1 1 1 1 1 1 1 1 1 1 1 1 1 100 1 1 1 1 1 1 1 1 1 1 1 1 1 1 1 1 1 1 1 1 1 1 1 1 1 1 1 1 1 1 1 1 1 1 1 1 1 1 1 1 1 1 1 1 1 1 1 1 1 1 1 1 1 1 1 1 1 1 1 1 1 1 1 1 1 1 1 1 1 1 1 1 1 1 1 1 1 1 1 1 1 1 1 1 100 1 1 1 1 1 1 1 1 1 1 1 7 1 1 1 1 1 1 1 1 1 1 1 1 1 1 1 1 1 1 1 1 1 1 1 1 1 1 1 1 1 1 1 1 1 1 1 1 1 1 1 1 1 1 1 1 1 1 1 1 1 1 1 1 1 1 1 1 1 1 1 1 1 1 1 1 1 1 1 1 1 1 1 1 1 1 1 1 1 1 1 1 1 1 1 1 1 1 1 1 1 1 1 1 1 1 1 1 1 1 1 1 1 1 1 1 1 1 1 1 1 1 1 1 1 1 1 1 1 1 1 1 1 1 1 1 1 1 1 1 1 1 1 1 1 1 1 1 1 1 1 1 1 1 1 1 1 1 1 1 1 1 1 1 1 1 1 1 1 1 1 1 1 1 1 1 1 1 1 1 1 1 1 1 1 1 1 1 1 1 1 1 1 1 1 1 1 1 1 1 1 1 1 1 1 1 1 1 1 1 1 1 1 1 1 1 1 1 1 1 1 1 1 1 1 1 1 1 1 1 1 1 1 1 1 100 1 100 1 100 1 100 1 100 1 100 1 100 1 100 1 100 1 1 1 1 1 1 1 1 1 1 1 1 1 1 1 1 1 1 1 1 1 1 1 1 1 1 1 1 1 1 1 1 1 1 1 1 1 1 1 1 1 1 1 1 1 1 1 1 1 1 1 1 1 1 1 1 1 1
staticfield java/util/concurrent/ConcurrentHashMap NCPU I 8
staticfield java/util/concurrent/ConcurrentHashMap serialPersistentFields [Ljava/io/ObjectStreamField; 3 [Ljava/io/ObjectStreamField;
staticfield java/util/concurrent/ConcurrentHashMap U Ljdk/internal/misc/Unsafe; jdk/internal/misc/Unsafe
staticfield java/util/concurrent/ConcurrentHashMap SIZECTL J 20
staticfield java/util/concurrent/ConcurrentHashMap TRANSFERINDEX J 32
staticfield java/util/concurrent/ConcurrentHashMap BASECOUNT J 24
staticfield java/util/concurrent/ConcurrentHashMap CELLSBUSY J 36
staticfield java/util/concurrent/ConcurrentHashMap CELLVALUE J 144
staticfield java/util/concurrent/ConcurrentHashMap ABASE I 16
staticfield java/util/concurrent/ConcurrentHashMap ASHIFT I 2
instanceKlass com/intellij/util/containers/ConcurrentRefHashMap
instanceKlass sun/util/PreHashedMap
instanceKlass org/h2/mvstore/MVMap
instanceKlass java/util/concurrent/ConcurrentSkipListMap
instanceKlass kotlin/collections/AbstractMutableMap
instanceKlass sun/awt/SoftCache
instanceKlass java/util/Collections$SingletonMap
instanceKlass com/intellij/util/containers/RefHashMap
instanceKlass java/util/TreeMap
instanceKlass java/util/EnumMap
instanceKlass java/lang/ProcessEnvironment$StringEnvironment
instanceKlass java/util/IdentityHashMap
instanceKlass java/util/WeakHashMap
instanceKlass java/util/Collections$EmptyMap
instanceKlass java/util/HashMap
instanceKlass java/util/ImmutableCollections$AbstractImmutableMap
instanceKlass java/util/concurrent/ConcurrentHashMap
ciInstanceKlass java/util/AbstractMap 1 1 196 10 7 12 1 1 1 10 7 12 1 1 1 11 100 12 1 1 1 10 11 12 1 1 11 7 12 1 1 1 11 12 1 1 100 1 11 12 1 10 12 1 1 11 12 1 100 1 10 11 12 1 11 7 1 10 12 1 1 11 12 1 9 12 1 1 100 1 10 12 1 9 12 1 1 100 1 10 11 11 12 1 1 11 12 1 7 1 100 1 11 12 1 8 1 7 1 10 10 12 1 1 8 1 10 12 1 10 12 1 1 10 12 1 1 1 1 1 1 1 1 1 1 1 1 1 1 1 1 1 1 1 1 1 1 1 1 1 1 1 1 1 1 1 1 1 1 1 1 1 1 1 1 7 1 1 1 1 1 1 1 7 1 1 1 1 1 1 1 1 1 100 1 1 1 1 1 1 1 1 1 100 1 100 1 100 1 100 1 100 1 1 1 1 1 1
ciInstanceKlass java/util/concurrent/ConcurrentMap 1 1 208 11 7 12 1 1 1 10 100 12 1 1 11 12 1 1 11 100 12 1 1 1 11 7 12 1 1 1 11 12 1 1 100 1 11 12 1 11 12 1 100 1 11 100 12 1 1 1 18 12 1 11 12 1 1 11 100 12 1 1 11 12 1 1 11 100 12 1 11 12 1 1 11 12 1 1 7 1 7 1 1 1 1 1 1 1 1 1 1 1 1 1 1 1 1 1 1 1 1 1 1 1 1 1 1 1 1 1 1 1 1 1 1 1 1 1 1 1 1 1 1 1 1 1 1 1 1 1 1 1 1 1 1 1 1 1 1 1 1 16 15 11 12 15 10 100 12 1 1 1 1 1 100 1 100 1 1 1 100 1 8 1 1 12 10 1 1 1 8 1 1 1 8 1 1 8 1 1 1 8 1 1 1 8 1 1 1 8 1 1 1 8 1 1 1 8 1 1 1 8 1 1 1 8 1 1 8 1
ciInstanceKlass jdk/internal/loader/ClassLoaders 1 1 183 10 7 12 1 1 1 10 7 12 1 1 1 10 12 1 1 10 100 12 1 1 1 9 7 12 1 1 1 9 12 1 1 9 12 1 1 7 1 11 100 12 1 1 1 100 1 11 12 1 1 11 12 1 1 10 100 12 1 1 1 10 100 12 1 1 1 100 1 100 1 10 7 12 1 1 1 9 12 1 1 10 12 1 1 7 1 10 12 1 1 10 12 1 7 1 8 1 10 7 12 1 1 1 10 12 1 1 7 1 10 12 1 10 12 1 10 12 1 8 1 10 7 12 1 1 8 1 8 1 10 12 1 7 1 10 12 1 10 12 1 10 12 1 1 1 1 1 1 1 1 1 1 1 1 1 1 1 1 1 1 1 1 7 1 1 1 1 1 1 1 1 1 1 1 1 1 1 1 1 1 1 1
staticfield jdk/internal/loader/ClassLoaders JLA Ljdk/internal/access/JavaLangAccess; java/lang/System$2
staticfield jdk/internal/loader/ClassLoaders BOOT_LOADER Ljdk/internal/loader/ClassLoaders$BootClassLoader; jdk/internal/loader/ClassLoaders$BootClassLoader
staticfield jdk/internal/loader/ClassLoaders PLATFORM_LOADER Ljdk/internal/loader/ClassLoaders$PlatformClassLoader; jdk/internal/loader/ClassLoaders$PlatformClassLoader
staticfield jdk/internal/loader/ClassLoaders APP_LOADER Ljdk/internal/loader/ClassLoaders$AppClassLoader; jdk/internal/loader/ClassLoaders$AppClassLoader
instanceKlass jdk/internal/loader/ClassLoaders$BootClassLoader
instanceKlass jdk/internal/loader/ClassLoaders$PlatformClassLoader
instanceKlass jdk/internal/loader/ClassLoaders$AppClassLoader
ciInstanceKlass jdk/internal/loader/BuiltinClassLoader 1 1 757 9 7 12 1 1 1 10 7 12 1 1 1 10 7 12 1 1 1 9 12 1 1 9 12 1 1 7 1 10 12 1 9 12 1 10 12 1 9 12 1 10 7 12 1 1 1 10 7 12 1 1 1 10 7 12 1 1 1 11 7 12 1 1 1 7 1 7 1 10 10 12 1 1 8 1 10 12 1 10 12 7 1 10 12 1 10 12 1 1 11 7 12 1 1 1 11 7 12 1 1 1 11 12 1 1 7 1 8 1 8 1 10 9 12 1 1 10 7 12 1 1 11 12 1 1 10 12 1 1 10 12 1 1 10 12 1 1 10 7 12 1 1 1 10 12 1 10 7 12 1 1 1 10 12 1 1 11 7 12 1 1 1 10 7 12 1 1 7 1 10 7 12 1 1 1 10 12 1 100 1 8 1 10 12 1 1 10 8 1 10 12 1 1 10 12 1 1 10 12 1 1 11 7 12 1 1 11 12 1 7 1 10 11 12 1 1 11 10 12 1 1 7 1 10 12 1 10 7 12 1 10 12 1 7 1 10 12 1 10 7 12 1 1 1 100 1 10 12 1 1 11 12 1 100 1 100 1 10 12 1 10 12 1 1 100 1 100 1 10 12 1 10 12 1 18 12 1 1 10 12 1 10 12 1 1 18 100 1 10 7 12 1 1 1 7 1 10 10 12 1 1 10 12 1 1 10 12 1 1 10 12 1 9 12 1 1 100 1 10 10 12 1 1 10 12 1 1 10 12 1 10 12 10 12 1 1 10 12 1 1 10 12 1 1 10 12 1 10 7 12 1 1 1 10 12 1 1 10 7 12 1 1 18 12 1 7 1 7 1 10 12 1 1 10 12 1 1 10 12 1 10 12 1 1 10 12 1 100 1 10 12 1 7 1 10 12 1 10 7 12 1 1 1 10 12 1 11 12 1 7 1 10 12 1 7 1 100 1 10 12 1 10 12 1 11 12 1 1 10 12 1 1 10 12 1 1 10 12 1 1 10 12 1 1 10 12 1 10 12 1 10 12 1 10 12 1 8 1 10 12 1 1 10 7 12 1 1 10 12 1 100 1 8 1 8 1 10 10 12 1 8 1 8 1 10 100 12 1 1 1 11 100 12 1 1 1 9 100 12 1 1 1 10 100 12 1 1 1 9 12 1 9 12 1 9 12 1 9 12 1 9 12 1 9 12 1 10 7 12 1 1 1 8 1 10 12 1 7 1 10 12 1 1 10 12 1 7 1 10 11 12 1 1 10 12 10 12 1 10 12 1 100 1 10 12 1 10 12 1 10 10 12 1 10 7 12 1 1 8 1 10 7 12 1 1 10 12 1 1 1 1 1 1 1 1 1 1 1 1 1 1 1 1 1 1 1 1 1 1 1 1 1 1 1 1 1 1 1 1 1 1 1 1 1 1 1 1 1 1 1 1 1 1 1 1 1 1 1 1 1 1 1 1 7 1 1 1 1 1 1 1 1 1 1 1 1 1 1 1 1 1 1 7 1 1 1 1 1 1 100 1 1 1 1 1 1 1 1 1 1 1 1 1 1 1 1 1 1 1 1 1 1 1 1 1 1 1 1 1 1 1 1 1 1 1 1 1 1 1 1 1 1 1 1 1 1 1 1 100 1 1 16 15 10 12 16 15 10 12 16 15 10 12 16 1 15 10 100 12 1 1 1 1 1 1 100 1 1 1 1 1 100 1 100 1 1
staticfield jdk/internal/loader/BuiltinClassLoader packageToModule Ljava/util/Map; java/util/concurrent/ConcurrentHashMap
staticfield jdk/internal/loader/BuiltinClassLoader $assertionsDisabled Z 1
ciInstanceKlass jdk/internal/loader/ClassLoaders$AppClassLoader 1 1 119 8 1 10 7 12 1 1 1 10 7 12 1 1 1 10 7 12 1 1 1 10 12 1 1 10 7 12 1 1 1 10 12 1 1 10 12 1 1 7 1 8 1 10 12 10 7 12 1 1 1 10 7 12 1 1 10 12 1 1 10 12 1 1 10 7 12 1 1 1 7 1 10 12 1 1 1 1 1 1 1 1 1 1 1 1 1 1 1 1 1 1 1 1 1 7 1 1 1 1 1 1 1 1 1 1 1 1 1 1 1 1 1 1 1 7 1 1 1
ciInstanceKlass jdk/internal/loader/ClassLoaders$PlatformClassLoader 1 1 42 8 1 10 7 12 1 1 1 10 7 12 1 1 1 7 1 10 12 1 7 1 1 1 1 1 1 1 1 1 1 1 1 1 1 7 1 1 1 100 1 1
ciInstanceKlass java/lang/ArithmeticException 1 1 26 10 100 12 1 1 1 10 12 1 100 1 1 1 1 5 0 1 1 1 1 1 1 1 1 1
ciInstanceKlass java/lang/ArrayStoreException 1 1 26 10 100 12 1 1 1 10 12 1 100 1 1 1 1 5 0 1 1 1 1 1 1 1 1 1
ciInstanceKlass java/lang/ClassCastException 1 1 26 10 100 12 1 1 1 10 12 1 100 1 1 1 1 5 0 1 1 1 1 1 1 1 1 1
ciInstanceKlass java/lang/ClassNotFoundException 1 1 96 7 1 10 7 12 1 1 1 10 12 1 10 12 1 1 10 100 12 1 1 1 8 1 10 100 12 1 1 1 10 7 12 1 1 10 100 12 1 1 1 10 100 12 1 1 1 10 12 1 1 7 1 10 12 1 9 12 1 1 1 1 1 5 0 1 1 1 1 1 1 1 1 1 1 1 1 1 1 1 1 1 1 100 1 1 1 1 1 1 1 1 1 1 1 1
staticfield java/lang/ClassNotFoundException serialPersistentFields [Ljava/io/ObjectStreamField; 1 [Ljava/io/ObjectStreamField;
ciInstanceKlass java/lang/IllegalMonitorStateException 1 1 26 10 100 12 1 1 1 10 12 1 100 1 1 1 1 5 0 1 1 1 1 1 1 1 1 1
instanceKlass java/lang/UnsatisfiedLinkError
instanceKlass java/lang/IncompatibleClassChangeError
instanceKlass java/lang/BootstrapMethodError
instanceKlass java/lang/NoClassDefFoundError
ciInstanceKlass java/lang/LinkageError 1 1 31 10 7 12 1 1 1 10 12 1 10 12 1 100 1 1 1 1 5 0 1 1 1 1 1 1 1 1 1 1 1
ciInstanceKlass java/lang/BootstrapMethodError 0 0 45 10 100 12 1 1 1 10 12 1 10 12 1 10 100 12 1 1 1 10 100 12 1 1 1 1 1 1 5 0 1 1 1 1 1 1 1 1 1 1 1 100 1 1 1
instanceKlass kotlin/KotlinNullPointerException
ciInstanceKlass java/lang/NullPointerException 1 1 52 10 100 12 1 1 1 10 12 1 9 100 12 1 1 1 10 12 1 1 9 12 1 1 10 12 1 1 10 12 1 1 1 1 5 0 1 1 1 1 1 1 1 1 100 1 100 1 100 1 1 1
ciInstanceKlass java/lang/NoClassDefFoundError 0 0 26 10 100 12 1 1 1 10 12 1 100 1 1 1 1 5 0 1 1 1 1 1 1 1 1 1
ciInstanceKlass java/lang/StackOverflowError 1 1 26 10 100 12 1 1 1 10 12 1 100 1 1 1 1 5 0 1 1 1 1 1 1 1 1 1
ciInstanceKlass java/lang/StackTraceElement 1 1 235 10 7 12 1 1 1 10 7 12 1 1 9 12 1 1 9 12 1 1 9 12 1 9 12 1 8 1 10 100 12 1 1 1 7 1 9 12 1 8 1 9 12 1 9 12 1 9 12 1 1 10 12 1 1 10 12 1 8 1 10 7 12 1 1 1 7 1 10 12 1 10 12 1 1 10 12 1 10 12 1 1 10 12 1 10 12 1 10 10 12 1 8 1 10 12 1 10 12 1 1 10 12 1 1 10 12 1 10 12 1 10 12 1 9 12 1 1 10 7 12 1 1 1 10 12 1 1 7 1 10 12 1 1 10 7 12 1 1 10 7 12 1 1 1 10 7 12 1 1 10 7 12 1 1 10 10 12 1 1 10 12 1 1 10 12 1 1 10 12 1 7 1 1 1 1 1 1 1 3 1 3 1 1 5 0 1 1 1 1 1 1 1 1 1 1 1 1 1 1 1 1 1 1 1 1 1 1 1 1 1 1 1 1 1 7 1 7 1 1 1 1 1 1 1 100 1 1 1 1 1 1 1 1 1
instanceKlass java/util/concurrent/locks/AbstractQueuedSynchronizer
ciInstanceKlass java/util/concurrent/locks/AbstractOwnableSynchronizer 1 1 32 10 7 12 1 1 1 9 7 12 1 1 1 100 1 1 1 1 5 0 1 1 1 1 1 1 1 1 1 1 1 1
ciInstanceKlass jdk/internal/vm/Continuation 0 0 549 9 100 12 1 1 1 9 12 1 9 12 1 100 1 7 1 10 12 1 1 8 1 10 12 1 1 10 12 1 10 12 1 1 10 12 1 9 7 12 1 1 1 11 100 12 1 1 1 10 7 1 9 12 1 1 9 12 1 1 10 8 1 10 12 1 9 12 1 1 10 11 12 1 1 100 1 10 100 12 1 1 1 10 12 1 1 10 12 1 10 12 1 1 11 12 1 1 9 12 1 1 10 12 1 1 18 12 1 1 10 7 12 1 1 1 100 1 10 12 1 11 100 12 1 1 1 10 12 1 9 12 1 10 12 1 1 100 1 8 1 10 12 1 10 12 1 1 9 12 1 1 11 12 1 1 9 12 1 1 8 1 10 11 12 1 1 11 12 1 1 10 12 1 1 10 12 1 1 9 12 1 10 12 1 10 10 12 1 8 1 10 12 1 8 1 8 1 10 7 12 1 1 1 10 7 12 1 1 1 10 12 1 9 12 1 11 12 1 7 1 10 12 1 10 12 1 1 9 12 1 1 7 1 10 12 1 1 9 12 1 1 10 12 1 10 12 1 11 7 12 1 1 10 7 1 10 12 1 8 1 9 12 1 10 12 1 1 9 12 1 1 10 7 12 1 1 8 1 8 1 8 1 8 1 10 12 1 1 10 12 1 10 12 1 10 12 1 10 12 1 1 10 12 1 1 8 1 10 12 1 1 9 12 1 1 10 12 1 1 9 12 1 8 1 10 7 12 1 1 1 10 12 1 8 1 100 1 8 1 10 9 12 1 1 8 1 10 7 12 1 1 10 100 12 1 1 8 1 8 1 10 12 10 100 12 1 1 1 10 7 1 10 7 12 1 1 1 18 11 100 12 1 1 1 18 12 1 11 12 1 1 7 1 10 7 12 1 1 10 12 1 1 8 10 12 1 1 10 100 12 1 1 1 10 100 12 1 1 10 12 1 8 1 10 12 1 7 1 7 1 10 12 1 1 1 1 1 1 1 1 1 1 1 1 1 1 1 1 1 1 1 1 1 1 1 1 1 1 1 1 1 1 1 1 1 1 1 1 1 1 1 1 1 1 1 1 1 1 1 1 1 1 1 1 1 1 1 1 1 1 1 1 1 1 1 1 1 1 1 1 1 1 1 1 1 1 1 100 1 1 16 1 15 10 12 16 15 11 7 12 1 1 1 16 1 16 1 15 10 12 16 15 10 100 12 1 1 1 1 1 1 1 1 100 1 100 1 1
ciInstanceKlass jdk/internal/misc/UnsafeConstants 1 1 34 10 100 12 1 1 1 9 7 12 1 1 1 9 12 1 9 12 1 1 9 12 1 9 12 1 1 1 1 1 1 1 1 1
staticfield jdk/internal/misc/UnsafeConstants ADDRESS_SIZE0 I 8
staticfield jdk/internal/misc/UnsafeConstants PAGE_SIZE I 4096
staticfield jdk/internal/misc/UnsafeConstants BIG_ENDIAN Z 0
staticfield jdk/internal/misc/UnsafeConstants UNALIGNED_ACCESS Z 1
staticfield jdk/internal/misc/UnsafeConstants DATA_CACHE_LINE_FLUSH_SIZE I 64
ciInstanceKlass java/lang/invoke/LambdaForm 1 1 1059 7 1 100 1 10 7 12 1 1 1 9 12 1 1 9 12 1 9 12 1 9 12 1 1 9 12 1 1 9 12 1 1 9 12 1 1 9 12 1 1 9 12 1 10 7 12 1 1 9 12 1 10 12 1 1 100 1 10 10 12 1 1 10 12 1 10 12 1 10 12 1 1 10 12 1 9 12 1 9 12 1 10 12 1 1 10 7 12 1 1 1 10 12 1 1 9 100 12 1 1 1 10 12 1 1 9 7 12 1 1 10 12 1 10 12 1 1 10 12 1 1 10 12 1 1 7 1 10 7 12 1 1 1 10 12 1 1 10 12 1 10 12 1 1 9 12 1 1 9 12 1 9 12 1 1 10 12 1 9 12 1 10 100 12 1 1 1 10 12 1 1 7 1 10 12 1 9 12 1 1 10 7 12 1 1 1 10 12 1 10 12 1 7 1 10 12 1 10 12 1 10 12 1 1 10 12 1 1 10 12 1 10 12 1 10 12 1 10 12 1 1 8 1 10 12 1 10 12 1 10 10 12 1 8 1 8 1 9 12 1 9 12 1 1 10 12 1 1 10 12 1 9 12 1 10 12 1 1 10 7 12 1 1 1 10 12 1 1 10 12 1 10 12 1 10 100 12 1 1 1 9 12 1 10 12 1 8 1 8 1 8 1 8 1 8 1 8 1 8 1 8 1 10 12 1 9 12 1 7 1 10 12 1 1 9 12 1 10 12 1 10 12 1 1 10 12 10 12 1 10 12 1 1 10 12 1 1 10 10 12 1 1 10 12 1 1 7 1 8 1 10 12 1 1 10 12 1 10 12 1 1 10 8 1 10 12 1 1 8 1 8 1 8 1 10 12 1 10 12 1 10 12 1 1 100 1 10 12 1 1 10 12 1 1 10 7 12 1 1 1 10 12 1 1 9 12 1 1 8 1 10 100 12 1 1 1 10 7 12 1 1 10 12 10 12 1 1 10 12 1 1 9 12 1 8 10 12 1 1 100 1 10 12 1 1 10 12 1 9 7 12 1 1 9 7 12 1 1 1 8 1 10 100 12 1 1 10 12 1 1 7 1 7 1 10 10 12 1 1 10 12 1 1 8 1 8 1 7 1 8 1 10 12 10 12 1 10 12 1 10 12 1 1 8 1 8 1 10 12 1 10 12 1 1 8 1 8 1 8 1 7 1 8 1 7 1 8 1 7 1 8 1 10 12 1 8 1 9 10 7 12 1 1 1 10 12 1 9 12 1 1 10 12 1 10 10 12 1 10 12 1 10 12 1 10 12 1 1 10 12 1 10 12 1 1 10 12 1 1 10 12 1 1 10 12 1 1 8 1 100 10 12 1 10 12 1 9 12 1 1 10 7 12 1 1 8 1 8 1 7 1 8 1 8 1 8 1 8 1 8 1 8 1 8 1 8 1 10 12 1 1 10 12 1 1 10 12 1 10 12 1 10 12 1 10 12 1 8 1 8 1 8 1 10 12 1 8 1 10 12 1 8 1 8 1 8 1 8 1 8 1 10 12 1 10 12 1 10 12 1 1 10 7 12 1 1 1 10 12 1 10 12 1 10 12 1 10 12 1 10 12 1 10 12 1 10 12 1 9 12 1 1 8 1 10 12 1 1 9 12 1 1 10 12 1 1 9 12 1 9 12 1 1 9 12 1 9 12 1 1 7 1 10 7 12 1 1 1 9 12 1 10 12 1 10 12 1 8 1 10 12 1 9 12 1 1 7 1 10 7 12 1 1 1 8 1 100 1 10 12 1 9 12 1 9 12 1 10 12 1 10 12 1 10 7 12 1 1 1 10 12 1 9 7 12 1 1 10 12 1 1 10 12 1 10 12 1 10 12 1 9 12 10 12 1 10 10 12 1 9 12 1 9 9 12 1 7 9 12 1 1 10 12 1 1 9 12 1 10 12 1 10 7 1 9 1 1 1 1 3 1 3 1 1 3 1 3 1 1 1 1 1 1 1 1 1 1 1 1 1 1 1 1 1 1 1 1 1 1 1 1 1 1 1 1 1 1 1 1 1 1 1 1 1 1 1 1 1 1 1 1 1 1 1 1 1 1 1 100 1 1 1 1 1 1 1 1 1 1 1 1 1 1 1 1 1 1 1 1 1 1 1 1 1 1 1 1 1 1 1 1 1 1 1 1 1 1 1 1 1 1 1 1 1 1 1 1 1 1 1 1 1 1 1 1 1 1 1 1 1 1 100 1 1 1 1 1 1 1 1 1 1 1 1 1 1 1 1 1 1 1 1 1 1 1 1 1 1 1 1 1 1 1 1 1 1 7 1 1 1 1 1 1 1 1 1 1 1 1 1 1 1 1 1 1 1 1 1 1 100 1 1 1 100 1 1 7 1 1 1 1 1 1 1 1 1 1 1
staticfield java/lang/invoke/LambdaForm DEFAULT_CUSTOMIZED Ljava/lang/invoke/MethodHandle; 
staticfield java/lang/invoke/LambdaForm DEFAULT_KIND Ljava/lang/invoke/LambdaForm$Kind; java/lang/invoke/LambdaForm$Kind
staticfield java/lang/invoke/LambdaForm COMPILE_THRESHOLD I 0
staticfield java/lang/invoke/LambdaForm INTERNED_ARGUMENTS [[Ljava/lang/invoke/LambdaForm$Name; 5 [[Ljava/lang/invoke/LambdaForm$Name;
staticfield java/lang/invoke/LambdaForm IMPL_NAMES Ljava/lang/invoke/MemberName$Factory; java/lang/invoke/MemberName$Factory
staticfield java/lang/invoke/LambdaForm LF_identity [Ljava/lang/invoke/LambdaForm; 6 [Ljava/lang/invoke/LambdaForm;
staticfield java/lang/invoke/LambdaForm LF_zero [Ljava/lang/invoke/LambdaForm; 6 [Ljava/lang/invoke/LambdaForm;
staticfield java/lang/invoke/LambdaForm NF_identity [Ljava/lang/invoke/LambdaForm$NamedFunction; 6 [Ljava/lang/invoke/LambdaForm$NamedFunction;
staticfield java/lang/invoke/LambdaForm NF_zero [Ljava/lang/invoke/LambdaForm$NamedFunction; 6 [Ljava/lang/invoke/LambdaForm$NamedFunction;
staticfield java/lang/invoke/LambdaForm createFormsLock Ljava/lang/Object; java/lang/Object
staticfield java/lang/invoke/LambdaForm DEBUG_NAME_COUNTERS Ljava/util/HashMap; 
staticfield java/lang/invoke/LambdaForm DEBUG_NAMES Ljava/util/HashMap; 
staticfield java/lang/invoke/LambdaForm TRACE_INTERPRETER Z 0
staticfield java/lang/invoke/LambdaForm $assertionsDisabled Z 1
ciInstanceKlass java/lang/invoke/MemberName 1 1 724 7 1 7 1 100 1 9 12 1 1 10 7 12 1 1 1 9 12 1 1 10 12 1 1 10 12 1 1 10 12 1 1 10 12 1 10 12 1 1 10 7 12 1 1 1 10 12 1 9 7 12 1 1 10 12 1 7 1 7 1 10 12 1 8 1 10 12 1 1 10 12 1 10 12 1 1 10 12 1 9 12 1 1 8 1 10 100 12 1 1 1 7 1 10 10 12 1 1 7 1 7 1 10 12 1 9 12 1 1 100 1 8 1 10 12 1 10 12 1 10 12 1 10 12 1 10 12 1 1 10 12 1 10 12 1 10 12 1 1 8 1 8 1 10 12 1 8 1 9 12 1 1 3 10 12 1 10 12 1 10 12 1 10 10 7 12 1 1 1 10 12 1 10 12 1 10 12 1 10 12 1 7 1 8 10 12 1 1 10 12 1 1 8 1 9 7 1 8 9 7 1 10 12 1 1 10 12 1 10 12 1 8 1 10 12 1 1 10 12 1 10 12 1 10 12 1 10 12 1 1 7 1 10 12 1 1 10 12 1 8 1 10 12 1 10 12 1 8 1 10 12 1 1 10 12 1 1 7 1 10 12 1 1 10 12 8 1 8 1 7 1 10 12 1 10 100 12 1 1 1 100 1 10 12 10 12 1 10 12 1 10 12 1 10 12 1 10 10 12 1 10 12 1 10 12 1 3 10 12 1 3 10 12 1 3 3 3 3 3 3 10 12 1 3 9 12 1 10 12 1 1 3 10 12 1 10 10 7 12 1 1 1 10 12 1 1 10 7 12 1 1 10 10 12 1 10 12 1 1 10 12 1 10 10 12 1 1 10 12 1 10 12 1 10 12 1 7 1 10 10 10 12 100 1 10 10 10 12 1 1 10 12 1 1 10 10 12 1 8 10 7 1 10 12 1 10 7 1 10 12 1 10 12 1 10 12 1 10 10 12 1 10 12 1 1 10 12 1 1 10 12 1 10 12 1 10 12 1 100 1 10 12 1 1 100 1 8 1 10 7 1 10 12 1 10 12 10 12 1 1 10 12 1 10 12 1 8 1 8 1 8 1 8 1 10 12 1 10 12 1 10 7 12 1 1 1 8 1 8 1 10 12 1 8 1 10 10 10 12 1 10 12 1 8 1 8 1 10 10 12 1 8 1 10 100 12 1 1 1 8 1 100 1 10 12 1 10 12 1 1 10 12 1 8 1 8 1 8 1 8 1 100 1 10 8 1 8 1 8 1 8 1 10 12 1 7 1 100 1 7 1 10 100 1 10 7 1 10 7 12 1 1 1 9 7 12 1 1 1 7 1 7 1 1 1 1 1 1 1 3 1 3 1 3 1 3 1 3 1 3 1 1 1 1 1 1 1 1 3 1 3 1 1 1 1 1 1 1 1 1 1 1 1 1 1 1 1 1 1 1 1 1 1 1 1 1 1 1 1 1 1 1 1 1 1 1 1 1 1 1 1 1 1 1 1 1 1 1 1 1 1 1 1 1 1 1 1 1 1 1 1 1 1 1 1 1 1 1 1 1 1 1 1 1 1 1 1 1 1 1 1 1 1 1 1 1 1 1 1 1 1 1 1 1 1 1 1 7 1 1 1 1 1 1 1 1 1 1 1 1 1 1 1
staticfield java/lang/invoke/MemberName $assertionsDisabled Z 1
instanceKlass java/lang/invoke/VarHandleByteArrayAsDoubles$ByteArrayViewVarHandle
instanceKlass java/lang/invoke/VarHandleByteArrayAsFloats$ByteArrayViewVarHandle
instanceKlass java/lang/invoke/VarHandleByteArrayAsChars$ByteArrayViewVarHandle
instanceKlass java/lang/invoke/VarHandleByteArrayAsShorts$ByteArrayViewVarHandle
instanceKlass java/lang/invoke/VarHandleBooleans$FieldInstanceReadOnly
instanceKlass java/lang/invoke/VarHandleInts$FieldInstanceReadOnly
instanceKlass java/lang/invoke/VarHandleLongs$FieldInstanceReadOnly
instanceKlass java/lang/invoke/VarHandleReferences$FieldInstanceReadOnly
instanceKlass java/lang/invoke/VarHandleReferences$Array
instanceKlass java/lang/invoke/VarHandleByteArrayAsInts$ByteArrayViewVarHandle
instanceKlass java/lang/invoke/VarHandleByteArrayAsLongs$ByteArrayViewVarHandle
ciInstanceKlass java/lang/invoke/VarHandle 1 1 473 10 7 12 1 1 1 10 7 12 1 1 9 12 1 1 9 12 1 1 100 1 10 8 1 10 12 1 1 10 7 12 1 1 1 10 12 1 1 10 7 12 1 1 1 9 100 12 1 1 1 10 12 1 1 10 7 12 1 1 1 10 12 1 1 9 12 1 10 12 1 9 12 1 1 10 100 12 1 1 10 12 1 9 100 12 1 1 1 9 12 1 1 10 12 1 1 100 1 7 1 10 8 1 10 12 1 1 10 12 1 8 1 10 12 1 10 12 1 9 12 1 1 9 12 1 10 12 1 10 12 1 1 10 12 1 10 10 100 12 1 1 1 10 12 1 1 10 12 1 1 10 7 12 1 1 1 10 100 12 1 1 1 10 100 12 1 1 1 9 12 1 1 9 10 12 1 10 12 1 10 12 1 1 10 12 1 10 7 12 1 1 1 9 12 1 1 10 12 1 1 9 12 1 10 12 1 10 12 1 10 7 12 1 1 100 1 10 9 7 12 1 1 1 9 12 1 1 10 7 12 1 1 1 10 12 1 10 12 1 10 12 1 10 12 1 10 12 1 10 12 1 1 8 10 12 1 1 7 1 10 12 1 1 7 1 1 1 1 1 1 1 1 1 1 1 1 1 1 1 1 1 1 1 1 1 1 1 1 1 1 1 1 1 1 1 1 1 1 1 1 1 1 1 1 1 1 1 1 1 1 1 1 1 1 1 1 1 1 1 1 1 1 1 1 1 1 1 1 1 1 1 1 100 1 1 1 1 1 1 1 1 100 1 1 1 1 1 1 1 1 1 1 1 1 100 1 100 1 1 100 1 100 1 100 1 100 1 100 1 100 1 100 1 100 1 100 1 100 1 100 1 100 1 100 1 100 1 100 1 100 1 100 1 100 1 100 1 100 1 100 1 100 1 100 1 100 1 100 1 100 1 100 1 100 1 100 1 100 1 100 1 100 1 100 1 100 1 100 1 1 1 1 1 1 100 1 1 1 100 1 1 100 1 100 1 100 1 100 1 100 1 100 1 1 1 1 100 1 100 1 100 1 100 1 100 1 100 1 100 1 100 1
staticfield java/lang/invoke/VarHandle VFORM_OFFSET J 16
staticfield java/lang/invoke/VarHandle $assertionsDisabled Z 1
instanceKlass jdk/internal/reflect/FieldAccessorImpl
instanceKlass jdk/internal/reflect/ConstructorAccessorImpl
instanceKlass jdk/internal/reflect/MethodAccessorImpl
ciInstanceKlass jdk/internal/reflect/MagicAccessorImpl 1 1 16 10 7 12 1 1 1 100 1 1 1 1 1 1 1 1
instanceKlass jdk/internal/reflect/DirectMethodHandleAccessor
ciInstanceKlass jdk/internal/reflect/MethodAccessorImpl 1 1 38 10 7 12 1 1 1 10 100 12 1 1 1 100 1 1 1 1 1 1 1 100 1 100 1 1 1 1 1 1 1 1 1 1 1 1 1 1
ciInstanceKlass jdk/internal/reflect/MethodAccessor 1 0 17 100 1 100 1 1 1 1 100 1 100 1 1 1 1 1 1
instanceKlass jdk/internal/reflect/DirectConstructorHandleAccessor
instanceKlass jdk/internal/reflect/NativeConstructorAccessorImpl
ciInstanceKlass jdk/internal/reflect/ConstructorAccessorImpl 1 1 27 10 7 12 1 1 1 100 1 100 1 1 1 1 1 1 1 1 1 100 1 100 1 100 1 1 1
ciInstanceKlass jdk/internal/reflect/ConstructorAccessor 1 0 16 100 1 100 1 1 1 1 100 1 100 1 100 1 1 1
ciInstanceKlass jdk/internal/reflect/DelegatingClassLoader 0 0 18 10 100 12 1 1 1 100 1 1 1 1 1 1 1 1 1 1
ciInstanceKlass jdk/internal/reflect/CallerSensitive 1 0 17 100 1 100 1 100 1 1 1 1 1 1 1 1 1 1 1
ciInstanceKlass jdk/internal/reflect/NativeConstructorAccessorImpl 0 0 125 10 7 12 1 1 1 9 7 12 1 1 1 100 1 10 12 1 9 12 1 1 9 12 1 1 10 100 12 1 1 1 10 7 12 1 1 1 10 7 12 1 1 1 9 12 1 9 12 1 1 9 12 1 1 10 7 12 1 1 1 100 1 10 10 12 1 1 10 12 1 10 12 1 1 10 12 1 7 1 10 12 1 1 10 12 1 1 8 10 12 1 1 1 1 1 1 1 1 1 1 1 1 1 1 1 1 1 1 1 1 1 1 100 1 100 1 100 1 1 1 1 1 1 1
ciInstanceKlass jdk/internal/reflect/ConstantPool 1 1 142 10 7 12 1 1 1 9 7 12 1 1 1 10 12 1 1 10 12 1 1 10 12 1 10 12 1 1 10 12 1 1 10 12 1 10 12 1 1 10 12 1 10 12 1 1 10 12 1 10 12 1 10 12 1 10 12 1 1 10 12 1 1 10 12 1 1 10 12 1 1 10 12 1 10 12 1 1 10 100 12 1 1 1 8 11 7 12 1 1 1 10 7 12 1 1 1 1 1 1 1 1 1 1 1 1 1 1 1 1 1 1 1 1 1 1 1 1 1 1 1 1 1 1 1 1 1 1 1 1 1 1 1 1 1 1 1 1 1 1 1 1
ciInstanceKlass jdk/internal/reflect/UnsafeStaticFieldAccessorImpl 0 0 47 10 7 12 1 1 1 9 7 12 1 1 1 10 7 12 1 1 1 9 12 1 1 8 11 100 12 1 1 1 10 100 12 1 1 1 1 1 1 1 1 1 1 1 1 1 1
ciInstanceKlass jdk/internal/reflect/FieldAccessor 1 0 48 100 1 100 1 1 1 1 100 1 1 1 1 1 1 1 1 1 1 1 1 1 1 1 1 1 1 1 100 1 1 1 1 1 1 1 1 1 1 1 1 1 1 1 1 1 1 1
instanceKlass jdk/internal/reflect/MethodHandleFieldAccessorImpl
instanceKlass jdk/internal/reflect/UnsafeFieldAccessorImpl
ciInstanceKlass jdk/internal/reflect/FieldAccessorImpl 1 1 269 10 7 12 1 1 1 9 7 12 1 1 1 10 7 12 1 1 1 10 7 12 1 1 10 7 12 1 1 1 10 12 1 1 7 1 10 10 12 1 1 10 12 1 1 8 1 10 10 12 1 100 1 8 1 10 12 1 8 1 10 12 1 8 1 10 12 1 100 1 10 12 1 1 10 8 1 10 12 1 1 8 1 10 7 12 1 1 8 1 10 7 12 1 1 8 1 10 7 12 1 1 8 1 10 7 12 1 1 8 1 10 7 12 1 1 8 1 10 7 12 1 1 8 1 10 7 12 1 1 8 1 10 7 12 1 1 10 12 1 1 8 1 10 12 1 1 10 100 12 1 1 1 8 1 10 12 1 8 1 8 1 8 1 8 1 10 7 12 1 1 1 8 1 8 1 8 1 10 12 7 1 1 1 1 1 1 1 1 1 1 1 1 1 1 1 1 1 1 1 1 1 1 1 1 1 1 1 1 1 1 1 1 1 1 1 1 1 1 1 1 1 1 1 1 1 1 1 1 1 1 1 1 1 1 1 1 1 1 1 1 1 1 1 1 1 1 1 1 1 1 1 1 1 1 1 1 1 1 1 1 1 1 1 1 1 1 1 1
instanceKlass jdk/internal/reflect/UnsafeStaticFieldAccessorImpl
ciInstanceKlass jdk/internal/reflect/UnsafeFieldAccessorImpl 0 0 62 10 100 12 1 1 1 10 100 12 1 1 1 10 100 12 1 1 1 9 100 12 1 1 10 12 1 9 12 1 1 10 100 12 1 1 1 9 12 1 1 10 12 1 10 12 1 1 1 1 1 1 1 1 1 1 1 1 1 1 1 1
instanceKlass java/lang/invoke/VolatileCallSite
instanceKlass java/lang/invoke/MutableCallSite
instanceKlass java/lang/invoke/ConstantCallSite
ciInstanceKlass java/lang/invoke/CallSite 1 1 296 10 7 12 1 1 1 10 7 12 1 1 1 9 12 1 1 10 7 12 1 1 1 10 12 1 7 1 10 12 1 1 10 12 1 1 9 100 12 1 1 1 10 7 12 1 1 10 12 1 1 100 1 7 1 10 10 7 12 1 1 1 10 12 1 1 8 1 10 12 1 10 12 1 1 10 12 1 10 12 1 1 10 12 1 1 10 10 100 12 1 1 10 12 1 1 9 12 1 9 7 12 1 1 1 8 1 10 7 12 1 1 1 10 12 1 1 7 1 10 12 1 1 9 12 1 8 1 7 1 10 12 1 10 12 1 100 1 8 1 10 10 12 1 10 12 1 1 7 1 10 12 1 1 10 12 1 10 12 1 10 12 1 1 10 12 1 1 9 12 1 1 8 10 12 1 1 9 12 1 1 100 1 10 10 12 1 10 7 12 1 1 1 10 12 1 1 10 12 1 1 10 12 1 10 7 12 1 1 1 7 1 8 1 10 10 12 10 12 1 1 7 1 7 1 7 1 8 1 10 12 1 10 7 12 1 1 1 1 1 1 1 1 1 1 1 1 1 1 1 1 1 1 1 1 1 1 1 1 1 1 1 1 1 1 1 1 1 1 1 1 1 1 1 1 1 1 1 1 1 1 1 1 1 1 1 1 1 1 1 7 1 7 1 1 1
staticfield java/lang/invoke/CallSite $assertionsDisabled Z 1
ciInstanceKlass java/lang/invoke/ConstantCallSite 1 1 65 10 7 12 1 1 1 9 7 12 1 1 1 9 12 1 1 10 7 12 1 1 1 10 12 1 100 1 10 12 9 12 1 1 100 1 10 10 12 1 1 10 12 1 1 1 1 1 1 1 1 1 1 1 1 1 100 1 1 1 1 1 1 1 1
staticfield java/lang/invoke/ConstantCallSite UNSAFE Ljdk/internal/misc/Unsafe; jdk/internal/misc/Unsafe
instanceKlass java/lang/invoke/DirectMethodHandle$Interface
instanceKlass java/lang/invoke/DirectMethodHandle$Special
instanceKlass java/lang/invoke/DirectMethodHandle$Constructor
instanceKlass java/lang/invoke/DirectMethodHandle$Accessor
instanceKlass java/lang/invoke/DirectMethodHandle$StaticAccessor
ciInstanceKlass java/lang/invoke/DirectMethodHandle 1 1 923 7 1 7 1 100 1 7 1 7 1 10 7 12 1 1 1 10 7 12 1 1 1 7 1 10 12 1 10 12 1 1 10 7 12 1 1 10 12 1 1 10 12 1 10 12 1 7 1 10 12 1 1 10 12 1 1 10 12 1 10 12 1 1 10 7 12 1 1 1 10 12 1 9 12 1 1 100 1 10 9 12 1 1 9 12 1 10 12 1 10 12 1 10 12 1 1 10 12 1 10 12 1 10 12 1 10 7 12 1 1 1 10 12 1 10 12 1 1 8 1 10 12 1 1 7 1 10 12 1 7 1 10 10 12 1 10 12 1 10 12 1 10 7 12 1 1 1 10 12 1 1 7 1 10 12 1 10 12 1 7 1 10 12 1 10 12 1 1 10 12 1 1 10 12 1 8 10 7 12 1 1 1 10 12 1 10 12 1 10 12 1 1 10 12 1 9 7 12 1 1 1 7 1 10 12 1 10 7 12 1 1 1 10 12 1 10 12 1 1 9 12 1 1 7 1 10 8 1 10 12 1 1 10 12 1 1 8 1 10 12 1 10 12 1 10 10 12 1 10 12 1 10 12 1 10 12 1 10 12 1 1 10 12 1 10 12 1 1 10 12 1 10 12 1 1 10 10 7 12 1 1 1 10 12 1 10 12 1 1 10 12 1 10 12 1 1 8 1 9 7 12 1 1 1 8 1 9 12 1 9 12 1 8 1 9 12 1 9 12 1 8 1 9 12 1 9 12 1 8 1 10 12 1 10 12 1 1 9 12 1 1 7 1 10 12 1 1 7 1 10 7 12 1 1 1 10 12 1 1 10 12 1 10 12 1 1 7 1 10 12 1 1 10 12 1 10 12 1 1 7 1 10 12 1 1 10 12 1 10 7 12 1 1 1 10 12 1 10 12 1 1 10 12 1 9 12 1 1 10 7 1 9 12 9 12 1 10 7 12 1 1 1 10 12 1 7 1 7 1 7 1 9 12 1 1 10 7 12 1 1 1 10 12 10 12 1 7 1 10 12 1 10 12 1 1 8 1 9 12 1 9 12 1 10 12 1 1 9 12 1 1 10 100 12 1 1 1 9 12 1 1 9 12 1 1 10 12 1 10 12 1 10 12 1 10 12 1 1 10 12 1 9 12 1 10 12 1 10 12 1 10 12 1 10 12 1 1 10 12 1 1 9 12 1 1 10 12 1 1 9 7 12 1 1 1 9 12 1 9 12 1 9 12 1 9 12 1 9 12 1 9 12 1 9 12 1 9 12 1 9 12 1 9 12 1 9 12 1 9 12 1 9 12 1 9 12 1 9 12 1 9 12 1 9 12 1 9 12 1 9 12 1 9 12 1 9 12 1 9 12 1 9 12 1 9 12 1 9 12 1 9 12 1 9 12 1 9 12 1 9 12 1 9 12 1 9 12 1 9 12 1 9 12 1 9 12 1 9 12 1 9 12 1 8 1 9 12 1 1 9 12 1 1 10 12 1 10 12 1 1 9 7 1 10 12 1 9 12 1 1 10 12 10 12 1 10 12 1 10 12 1 10 12 1 10 8 1 8 1 8 1 8 1 10 12 1 1 9 12 1 1 10 12 1 10 100 12 1 1 1 8 9 12 1 1 10 12 1 1 8 1 8 8 9 12 1 8 1 8 8 8 8 8 1 8 10 12 1 7 1 10 12 1 8 1 8 1 10 12 1 10 12 1 10 12 1 10 12 1 1 7 1 1 1 1 3 1 3 1 3 1 3 1 3 1 3 1 3 1 3 1 3 1 3 1 1 1 1 1 1 1 1 1 1 3 1 3 1 1 1 1 3 1 1 1 1 1 1 1 1 1 1 1 1 1 1 1 1 1 1 1 1 1 1 1 1 1 1 1 1 1 1 1 1 1 1 1 1 1 1 1 1 1 1 1 1 1 1 1 1 1 1 1 1 1 1 1 1 1 100 1 1 1 1 1 1 1 1 1 100 1 1 1 1 1 1 1 1 1 1 1 1 1 1 1 1 1 1 1 1 1 1 1 1 1 1 1 1 1 1 1 1 1 1 1 1 1 1 1 1 1 1 1 1 1 1 1 1 1 1 1 1
staticfield java/lang/invoke/DirectMethodHandle IMPL_NAMES Ljava/lang/invoke/MemberName$Factory; java/lang/invoke/MemberName$Factory
staticfield java/lang/invoke/DirectMethodHandle FT_UNCHECKED_REF I 8
staticfield java/lang/invoke/DirectMethodHandle ACCESSOR_FORMS [Ljava/lang/invoke/LambdaForm; 132 [Ljava/lang/invoke/LambdaForm;
staticfield java/lang/invoke/DirectMethodHandle ALL_WRAPPERS [Lsun/invoke/util/Wrapper; 10 [Lsun/invoke/util/Wrapper;
staticfield java/lang/invoke/DirectMethodHandle NFS [Ljava/lang/invoke/LambdaForm$NamedFunction; 12 [Ljava/lang/invoke/LambdaForm$NamedFunction;
staticfield java/lang/invoke/DirectMethodHandle OBJ_OBJ_TYPE Ljava/lang/invoke/MethodType; java/lang/invoke/MethodType
staticfield java/lang/invoke/DirectMethodHandle LONG_OBJ_TYPE Ljava/lang/invoke/MethodType; java/lang/invoke/MethodType
staticfield java/lang/invoke/DirectMethodHandle $assertionsDisabled Z 1
ciInstanceKlass java/lang/invoke/DirectMethodHandle$StaticAccessor 1 1 96 10 7 12 1 1 1 10 7 12 1 1 1 9 7 12 1 1 1 9 12 1 1 9 12 1 1 10 7 12 1 1 1 9 12 1 1 9 12 1 1 10 12 1 9 12 1 10 12 1 1 100 1 10 12 1 9 12 1 1 10 12 1 1 10 12 1 1 1 1 1 1 1 1 1 1 1 1 1 1 1 1 1 1 1 1 1 1 1 1 1 1 1 1 1 1
staticfield java/lang/invoke/DirectMethodHandle$StaticAccessor $assertionsDisabled Z 1
ciInstanceKlass java/lang/invoke/DirectMethodHandle$Accessor 1 1 93 10 7 12 1 1 1 10 7 12 1 1 1 9 7 12 1 1 1 9 12 1 1 10 7 12 1 1 1 9 12 1 1 9 12 1 1 10 12 1 9 12 1 10 12 1 1 100 1 10 12 1 9 12 1 1 10 12 1 1 10 12 1 1 1 1 1 1 1 1 1 1 1 1 1 1 1 1 1 1 1 1 1 1 1 1 1 1 1 1 1 1 1
staticfield java/lang/invoke/DirectMethodHandle$Accessor $assertionsDisabled Z 1
ciInstanceKlass java/lang/invoke/MutableCallSite 1 1 63 10 7 12 1 1 1 10 12 1 9 7 12 1 1 1 10 12 1 10 12 1 1 9 12 1 1 10 7 12 1 1 1 10 100 12 1 1 1 10 12 1 1 1 1 1 1 1 1 1 1 1 1 1 1 1 1 1 1 100 1 1 1
staticfield java/lang/invoke/MutableCallSite STORE_BARRIER Ljava/util/concurrent/atomic/AtomicInteger; java/util/concurrent/atomic/AtomicInteger
ciInstanceKlass java/lang/invoke/VolatileCallSite 0 0 37 10 100 12 1 1 1 10 12 1 10 100 12 1 1 1 10 12 1 10 12 1 1 1 1 1 1 1 1 1 1 1 1 1 1 1 1
ciInstanceKlass java/lang/invoke/ResolvedMethodName 1 1 16 10 100 12 1 1 1 100 1 1 1 1 1 1 1 1
ciInstanceKlass java/lang/invoke/MethodHandleNatives 1 1 685 100 1 10 7 12 1 1 1 9 7 12 1 1 1 10 12 1 1 100 1 10 10 12 1 1 10 12 1 10 12 1 8 1 8 1 8 1 8 1 8 1 8 1 8 1 8 1 8 1 8 1 10 12 1 1 7 1 10 7 12 1 1 1 10 7 12 1 1 1 7 1 10 10 12 1 1 8 1 10 12 1 8 1 10 12 1 1 8 1 10 12 1 1 9 7 12 1 1 1 8 1 10 100 12 1 1 1 7 1 10 12 100 1 100 1 8 1 7 1 10 10 12 1 7 1 9 7 12 1 1 10 12 1 1 10 12 1 10 7 12 1 1 1 10 12 1 1 9 12 1 8 1 10 12 1 1 10 12 1 8 1 10 12 1 1 7 1 10 12 1 10 7 12 1 1 1 10 12 1 10 12 1 1 10 12 1 1 8 1 10 12 1 1 8 1 10 12 1 8 1 8 1 8 1 7 1 10 12 1 8 1 10 7 12 1 1 1 10 12 1 1 10 7 12 1 1 10 10 12 1 1 10 12 1 10 100 12 1 1 1 100 1 8 1 10 100 12 1 1 1 7 1 8 1 10 12 1 8 1 8 1 8 1 8 1 8 1 10 12 1 1 10 12 1 1 10 12 1 10 12 1 1 10 12 1 1 7 1 10 12 1 7 1 7 1 10 12 1 10 12 1 8 1 8 1 10 10 12 1 1 10 12 1 1 8 1 10 7 12 1 1 8 1 8 1 10 12 1 1 10 7 12 1 1 1 100 1 10 12 1 1 7 1 9 12 1 1 10 7 12 1 1 1 10 10 12 1 9 12 1 10 12 1 9 12 1 9 12 1 10 12 1 1 10 12 1 10 12 1 1 7 1 7 1 10 12 1 1 10 12 1 10 12 1 1 10 7 12 1 1 1 10 12 1 8 1 10 12 1 10 12 1 10 12 1 1 10 12 1 10 7 12 1 1 1 10 12 1 1 100 1 8 1 10 9 7 12 1 1 1 10 12 1 1 10 12 1 1 7 1 10 12 1 1 10 12 1 1 100 1 100 1 10 10 100 1 100 1 10 100 1 10 10 12 1 1 10 7 1 10 12 1 10 12 1 1 10 12 1 1 10 12 1 1 10 12 1 10 12 1 1 10 8 1 10 12 1 10 12 1 10 12 1 10 12 1 10 12 1 1 10 12 1 10 12 1 10 12 1 10 10 7 12 1 1 10 12 1 1 1 1 1 1 1 1 1 1 1 1 1 7 1 1 1 1 1 1 1 1 1 1 1 1 1 1 1 1 1 1 1 1 1 1 1 1 1 1 1 1 1 1 1 1 1 1 1 1 1 1 1 1 1 1 1 1 1 1 1 1 1 1 1 1 1 1 1 1 1 1 1 1 1 1 1 100 1 1 1 1 1 1 1 1 1 1 1 1 1 1 1 1 1 1 1 1 1 1 1 1 1 1 1 1 1 1 1 1 1 100 1 1 1 1 1 1 1 1 1 1 1 1 1 1 1 1 1 1 1 1 1 1 1 1 1 1 1 1 1 1 1 1 100 1 1
staticfield java/lang/invoke/MethodHandleNatives $assertionsDisabled Z 1
ciInstanceKlass jdk/internal/foreign/abi/NativeEntryPoint 0 0 194 10 7 12 1 1 1 9 7 12 1 1 1 9 12 1 1 100 1 8 1 10 12 1 10 12 1 1 100 1 10 100 12 1 1 1 10 12 1 9 12 1 1 18 12 1 1 10 100 12 1 1 1 10 7 12 1 1 1 9 7 12 1 1 1 7 1 10 8 1 10 12 1 1 10 12 1 10 12 1 1 8 1 10 12 1 1 7 1 8 1 10 12 1 10 12 1 1 10 12 1 9 12 1 1 18 12 1 1 10 100 12 1 1 1 10 12 1 1 10 12 1 10 100 12 1 1 1 10 1 1 1 1 1 1 1 1 1 1 1 1 1 1 1 1 1 1 1 1 1 1 1 1 1 1 1 1 1 1 1 1 1 1 1 1 1 16 1 15 10 12 16 1 16 15 10 12 15 10 100 12 1 1 1 1 1 100 1 1 100 1 100 1 1
ciInstanceKlass jdk/internal/foreign/abi/ABIDescriptor 0 0 55 10 100 12 1 1 1 9 100 12 1 1 1 9 12 1 1 9 12 1 9 12 1 9 12 1 1 9 12 1 9 12 1 1 9 12 1 9 12 1 9 12 1 9 12 1 1 1 1 1 1 1 1 1 1
ciInstanceKlass jdk/internal/foreign/abi/VMStorage 0 0 91 10 7 12 1 1 1 9 7 12 1 1 1 9 12 1 1 9 12 1 1 9 12 1 1 7 1 10 8 1 10 12 1 1 10 12 1 10 12 1 1 10 12 1 18 12 1 18 12 1 1 18 12 1 1 1 1 1 1 1 1 1 1 1 1 1 1 1 1 1 1 1 8 1 15 15 15 15 15 10 100 12 1 1 1 1 100 1 100 1 1
ciInstanceKlass jdk/internal/foreign/abi/UpcallLinker$CallRegs 0 0 66 10 7 12 1 1 1 9 7 12 1 1 1 9 12 1 18 12 1 1 18 12 1 1 18 12 1 1 1 1 1 1 1 1 1 1 1 1 1 1 1 1 1 1 100 1 1 1 8 1 15 15 15 10 100 12 1 1 1 1 1 100 1 100 1 1
ciInstanceKlass java/lang/StackWalker 1 1 271 9 7 12 1 1 1 7 1 10 7 12 1 1 1 10 12 1 1 10 7 12 1 1 1 10 12 1 1 10 12 1 11 7 12 1 1 1 10 12 1 1 10 12 1 1 10 12 1 1 100 1 8 1 10 12 1 10 12 1 10 12 1 10 7 12 1 1 9 12 1 1 9 12 1 1 9 12 1 1 9 12 1 1 10 12 1 1 9 12 1 1 9 12 1 1 9 12 1 1 10 7 12 1 1 1 11 12 1 1 100 1 8 1 10 10 7 12 1 1 9 12 1 1 10 12 1 1 10 100 12 1 1 1 10 100 12 1 1 1 18 12 1 1 100 1 8 1 10 8 1 10 12 1 1 10 100 12 1 1 1 10 12 1 1 9 100 12 1 1 11 100 12 1 1 1 10 12 1 1 1 1 1 1 1 1 1 1 1 1 1 1 1 1 1 1 1 1 1 1 1 1 1 1 1 1 1 1 1 1 1 1 1 1 1 1 1 1 1 1 1 1 1 1 1 1 1 1 1 1 1 1 1 1 1 1 1 1 1 1 1 1 1 1 7 1 1 16 15 10 12 16 1 15 10 100 12 1 1 1 1 1 1 1 1 1 100 1 100 1 1
staticfield java/lang/StackWalker DEFAULT_EMPTY_OPTION Ljava/util/EnumSet; java/util/RegularEnumSet
staticfield java/lang/StackWalker DEFAULT_WALKER Ljava/lang/StackWalker; java/lang/StackWalker
ciInstanceKlass java/lang/StackWalker$StackFrame 0 0 41 100 1 10 12 1 1 100 1 100 1 1 1 1 1 1 1 1 1 1 1 1 1 1 1 1 1 1 1 1 1 1 1 1 1 1 1 100 1 1 1
instanceKlass java/lang/LiveStackFrameInfo
ciInstanceKlass java/lang/StackFrameInfo 0 0 142 10 7 12 1 1 1 9 7 12 1 1 1 9 7 1 9 12 1 1 11 100 12 1 1 1 9 12 1 1 11 12 1 1 10 12 1 1 10 7 12 1 1 1 10 12 1 11 12 1 11 12 1 1 11 12 1 10 12 1 1 9 12 1 1 10 12 1 1 10 7 12 1 1 10 12 1 1 11 12 1 1 9 12 1 1 10 7 1 10 12 1 9 12 1 1 10 12 1 1 100 1 8 1 10 12 1 10 100 12 1 1 1 7 1 1 1 1 1 1 1 1 1 1 1 1 1 1 1 1 1 1 7 1 1 7 1 1 1 1 1 1
ciInstanceKlass java/lang/LiveStackFrameInfo 0 0 97 10 7 12 1 1 1 9 7 12 1 1 1 9 12 1 9 12 1 9 12 1 9 12 1 1 7 1 10 12 1 1 10 12 1 8 1 10 12 1 1 8 1 8 1 8 1 10 100 1 10 12 1 100 1 10 12 1 7 1 7 1 1 1 3 1 3 1 1 1 1 1 1 1 1 1 1 1 1 1 1 1 1 1 1 1 1 1 1 1 1 1 1 1 100 1 1
ciInstanceKlass java/lang/LiveStackFrame 0 0 135 100 1 10 100 12 1 1 1 11 7 12 1 1 1 11 12 1 10 7 12 1 1 1 100 1 8 1 10 12 1 1 10 7 12 1 1 1 9 100 12 1 1 1 10 7 12 1 1 1 10 7 12 1 1 1 11 12 1 10 12 1 7 1 7 1 1 1 1 1 1 1 1 1 1 1 1 1 1 1 1 1 1 1 1 1 1 1 1 1 1 1 1 100 1 1 1 1 1 1 1 100 1 8 1 1 12 10 1 1 1 8 1 1 1 8 1 1 1 8 1 1 1 8 1 1 8 1 1 1 8 1 1 8 1
ciInstanceKlass java/lang/StackStreamFactory$AbstractStackWalker 1 0 375 100 1 7 1 3 10 7 12 1 1 1 10 7 12 1 1 10 7 12 1 1 1 9 12 1 1 10 12 1 1 9 12 1 1 9 12 1 1 9 12 1 1 9 12 1 10 7 12 1 1 1 10 12 1 1 10 7 12 1 1 9 12 1 1 9 12 1 1 10 12 1 1 9 100 12 1 1 1 10 12 1 1 10 12 1 9 12 1 1 10 100 12 1 1 1 10 12 1 1 9 12 1 1 9 7 12 1 1 1 7 1 10 8 1 10 12 1 1 10 12 1 8 1 10 12 1 1 10 100 12 1 1 1 100 1 8 1 10 12 1 8 1 10 12 10 100 12 1 1 9 12 1 8 1 5 0 8 1 8 1 9 12 1 1 10 12 1 1 18 12 1 1 10 7 12 1 1 1 10 12 1 1 10 12 1 10 12 1 9 12 1 10 12 1 10 12 1 10 12 1 10 12 1 10 12 1 10 12 1 1 8 1 10 12 1 10 12 1 10 12 1 10 12 1 1 8 1 10 12 1 1 10 12 1 1 10 12 1 1 10 12 1 10 12 1 10 100 12 1 1 1 10 12 1 10 12 1 9 12 1 8 1 10 12 1 10 12 1 10 12 1 1 10 12 1 10 12 1 10 12 1 1 10 12 1 10 12 1 10 12 1 10 12 1 10 12 1 10 12 1 1 10 12 1 1 10 12 1 8 1 1 1 1 1 1 1 1 1 1 1 1 1 7 1 1 1 1 1 1 1 7 1 1 1 1 7 1 1 1 1 1 1 1 1 1 1 1 1 1 1 1 1 1 1 1 16 15 15 10 100 12 1 1 1 1 1 1 1 1 100 1 100 1 1
ciInstanceKlass jdk/internal/module/Modules 1 1 504 10 7 12 1 1 1 9 7 12 1 1 1 11 7 12 1 1 1 11 12 1 1 11 12 1 1 11 12 1 1 11 12 1 11 12 1 11 12 1 11 12 1 11 12 1 1 10 7 12 1 1 1 10 100 12 1 1 1 18 12 1 1 10 7 12 1 1 1 7 1 10 7 12 1 1 1 10 100 12 1 1 1 10 100 12 1 1 10 12 1 1 11 12 1 9 12 1 1 11 100 12 1 1 1 10 12 1 1 10 10 12 1 10 9 12 1 1 10 100 12 1 1 10 12 1 1 10 100 12 1 1 100 1 11 100 12 1 1 1 10 100 12 1 1 1 11 100 12 1 1 10 12 1 1 10 100 12 1 1 10 100 12 1 1 1 10 12 1 1 10 12 1 1 11 12 1 1 18 12 1 1 11 100 12 1 1 10 100 12 1 1 1 11 100 12 1 1 1 7 1 11 12 1 1 11 7 12 1 1 1 11 12 1 1 10 12 1 1 10 100 12 1 1 18 12 1 1 11 12 1 1 18 12 1 1 11 12 1 1 10 12 1 18 18 10 12 1 1 9 12 1 1 11 7 12 1 1 1 100 1 10 11 12 1 11 12 1 1 11 12 1 1 10 100 1 10 12 1 1 10 100 12 1 1 10 12 1 1 11 12 10 12 1 1 7 1 10 18 12 1 10 12 1 1 7 1 8 1 10 12 1 10 100 12 1 1 18 12 1 11 11 12 10 12 1 10 10 100 1 18 12 1 10 10 10 7 12 1 1 10 7 12 1 1 1 10 12 1 1 1 1 1 1 1 1 1 1 1 1 1 1 1 1 1 1 1 1 1 1 1 1 1 1 1 1 1 1 1 1 1 100 1 1 1 1 1 1 1 1 1 1 1 1 1 1 1 1 1 1 1 1 1 1 1 1 1 1 1 1 1 1 1 1 1 1 1 7 1 1 1 1 1 1 1 1 1 1 1 1 1 1 1 1 1 1 1 1 1 1 1 16 15 10 12 1 16 16 15 10 12 1 16 1 16 1 15 10 12 1 16 1 16 1 15 10 12 16 1 15 10 16 1 15 10 12 16 1 15 10 12 16 15 10 12 16 15 10 12 15 10 100 12 1 1 1 1 1 1 100 1 100 1 1
staticfield jdk/internal/module/Modules JLA Ljdk/internal/access/JavaLangAccess; java/lang/System$2
staticfield jdk/internal/module/Modules JLMA Ljdk/internal/access/JavaLangModuleAccess; java/lang/module/ModuleDescriptor$1
staticfield jdk/internal/module/Modules $assertionsDisabled Z 1
ciInstanceKlass java/lang/annotation/Annotation 1 0 17 100 1 100 1 1 1 1 1 1 1 1 1 1 1 1 1
ciInstanceKlass java/util/ArrayList 1 1 509 10 7 12 1 1 1 7 1 9 7 12 1 1 1 9 12 1 100 1 7 1 10 8 1 10 12 1 1 10 12 1 10 12 1 1 10 12 1 9 12 1 11 7 12 1 1 1 9 12 1 1 11 12 1 1 7 10 7 12 1 1 1 9 12 1 10 12 1 10 12 1 1 10 7 12 1 1 1 10 7 12 1 1 1 10 12 1 1 10 12 1 1 10 12 1 1 10 12 1 10 12 1 1 100 1 7 1 10 12 1 10 10 7 12 1 1 1 10 7 12 1 1 10 12 1 100 1 10 10 12 10 12 1 1 10 12 1 1 10 12 1 10 12 10 12 1 1 7 1 10 12 1 1 10 12 1 1 10 12 1 100 1 10 11 12 1 1 11 7 12 1 1 1 11 12 1 10 12 1 10 12 1 10 12 1 1 100 1 10 12 1 1 10 10 12 1 1 10 12 1 8 1 8 1 8 1 8 1 10 12 1 1 10 12 1 1 11 12 1 7 1 10 100 12 1 1 10 12 1 10 12 1 1 10 100 12 1 1 10 12 1 10 100 12 1 1 1 11 100 12 1 1 1 10 12 1 100 1 8 1 10 7 1 10 12 1 7 1 10 12 1 10 12 1 1 7 1 10 12 1 10 12 1 1 11 100 12 1 1 7 1 10 12 1 10 12 1 1 11 100 12 1 1 10 12 1 1 10 12 1 1 10 12 1 1 10 12 1 1 11 100 12 1 1 10 12 1 1 7 1 7 1 7 1 1 1 1 5 0 1 3 1 1 1 1 1 1 1 1 1 1 1 1 1 1 1 1 1 1 1 1 1 1 1 1 1 1 1 1 1 1 1 1 1 1 1 1 1 1 1 1 1 1 1 1 1 1 1 1 1 1 1 1 1 1 1 1 1 1 1 1 1 1 1 1 1 1 1 1 1 1 1 1 1 1 1 1 1 1 1 1 1 1 1 1 1 1 1 1 1 1 1 1 1 1 1 1 1 1 1 1 1 1 1 1 100 1 1 1 1 7 1 1 1 1 1 1 1 1 1 1 1 1 1 1 1 1 1 1 1 1 1 1 1 1 1 1 1 1 1 100 1 1 1 1 1 1 1 1 1 1 1 1 1 1 1 1 1 1 100 1 100 1 1 1 1 1 1
staticfield java/util/ArrayList EMPTY_ELEMENTDATA [Ljava/lang/Object; 0 [Ljava/lang/Object;
staticfield java/util/ArrayList DEFAULTCAPACITY_EMPTY_ELEMENTDATA [Ljava/lang/Object; 0 [Ljava/lang/Object;
ciInstanceKlass com/intellij/ide/Y/k/dp 1 0 13 1 1 1 1 1 1 1 1 100 100 1 1
ciInstanceKlass com/intellij/ide/Y/k/ds 1 1 3763 1 11 9 12 1 9 12 10 12 1 12 12 1 1 1 12 10 9 1 12 1 9 1 1 12 9 12 10 10 12 1 1 10 7 1 10 10 12 12 10 1 12 1 12 1 1 12 12 1 1 1 1 12 7 1 9 12 1 12 12 1 1 1 1 10 1 1 12 1 10 10 1 1 12 10 12 1 9 1 1 1 9 7 12 10 1 10 10 1 1 12 11 12 9 1 12 1 1 7 1 12 1 1 7 9 1 10 9 1 1 1 1 1 12 10 1 1 12 1 10 9 1 7 1 1 1 12 1 12 12 1 9 1 12 1 9 10 11 5 0 5 0 5 0 5 0 5 0 5 0 5 0 5 0 5 0 5 0 5 0 5 0 5 0 5 0 5 0 5 0 5 0 5 0 5 0 5 0 5 0 5 0 5 0 5 0 5 0 5 0 5 0 5 0 5 0 5 0 5 0 5 0 5 0 5 0 5 0 5 0 5 0 5 0 5 0 5 0 5 0 5 0 5 0 5 0 5 0 5 0 5 0 5 0 5 0 5 0 5 0 5 0 5 0 5 0 5 0 5 0 5 0 5 0 5 0 5 0 5 0 5 0 5 0 5 0 5 0 5 0 5 0 5 0 5 0 5 0 5 0 5 0 5 0 5 0 5 0 5 0 5 0 5 0 5 0 5 0 5 0 5 0 5 0 5 0 5 0 5 0 5 0 5 0 5 0 5 0 5 0 5 0 5 0 5 0 5 0 5 0 5 0 5 0 5 0 5 0 5 0 5 0 5 0 5 0 5 0 5 0 5 0 5 0 5 0 5 0 5 0 5 0 5 0 5 0 5 0 5 0 5 0 5 0 5 0 5 0 5 0 5 0 5 0 5 0 5 0 5 0 5 0 5 0 5 0 5 0 5 0 5 0 5 0 5 0 5 0 5 0 5 0 5 0 5 0 5 0 5 0 5 0 5 0 5 0 5 0 5 0 5 0 5 0 5 0 5 0 5 0 5 0 5 0 5 0 5 0 5 0 5 0 5 0 5 0 5 0 5 0 5 0 5 0 5 0 5 0 5 0 5 0 5 0 5 0 5 0 5 0 5 0 5 0 5 0 5 0 5 0 5 0 5 0 5 0 5 0 5 0 5 0 5 0 5 0 5 0 5 0 5 0 5 0 5 0 5 0 5 0 5 0 5 0 5 0 5 0 5 0 5 0 5 0 5 0 5 0 5 0 5 0 5 0 5 0 5 0 5 0 5 0 5 0 5 0 5 0 5 0 5 0 5 0 5 0 5 0 5 0 5 0 5 0 5 0 5 0 5 0 5 0 5 0 5 0 5 0 5 0 5 0 5 0 5 0 5 0 5 0 5 0 5 0 5 0 5 0 5 0 5 0 5 0 5 0 5 0 5 0 5 0 5 0 5 0 5 0 5 0 5 0 5 0 5 0 5 0 5 0 5 0 5 0 5 0 5 0 5 0 5 0 5 0 5 0 5 0 5 0 5 0 5 0 5 0 5 0 5 0 5 0 5 0 5 0 5 0 5 0 5 0 5 0 5 0 5 0 5 0 5 0 5 0 5 0 5 0 5 0 5 0 5 0 5 0 5 0 5 0 5 0 5 0 5 0 5 0 5 0 5 0 5 0 5 0 5 0 5 0 5 0 5 0 5 0 5 0 5 0 5 0 5 0 5 0 5 0 5 0 5 0 5 0 5 0 5 0 5 0 5 0 5 0 5 0 5 0 5 0 5 0 5 0 5 0 5 0 5 0 5 0 5 0 5 0 5 0 5 0 5 0 5 0 5 0 5 0 5 0 5 0 5 0 5 0 5 0 5 0 5 0 5 0 5 0 5 0 5 0 5 0 5 0 5 0 5 0 5 0 5 0 5 0 5 0 5 0 5 0 5 0 5 0 5 0 5 0 5 0 5 0 5 0 5 0 5 0 5 0 5 0 5 0 5 0 5 0 5 0 5 0 5 0 5 0 5 0 5 0 5 0 5 0 5 0 5 0 5 0 5 0 5 0 5 0 5 0 5 0 5 0 5 0 5 0 5 0 5 0 5 0 5 0 5 0 5 0 5 0 5 0 5 0 5 0 5 0 5 0 5 0 5 0 5 0 5 0 5 0 5 0 5 0 5 0 5 0 5 0 5 0 5 0 5 0 5 0 5 0 5 0 5 0 5 0 5 0 5 0 5 0 5 0 5 0 5 0 5 0 5 0 5 0 5 0 5 0 5 0 5 0 5 0 5 0 5 0 5 0 5 0 5 0 5 0 5 0 5 0 5 0 5 0 5 0 5 0 5 0 5 0 5 0 5 0 5 0 5 0 5 0 5 0 5 0 5 0 5 0 5 0 5 0 5 0 5 0 5 0 5 0 5 0 5 0 5 0 5 0 5 0 5 0 5 0 5 0 5 0 5 0 5 0 5 0 5 0 5 0 5 0 5 0 5 0 5 0 5 0 5 0 5 0 5 0 5 0 5 0 5 0 5 0 5 0 5 0 5 0 5 0 5 0 5 0 5 0 5 0 5 0 5 0 5 0 5 0 5 0 5 0 5 0 5 0 5 0 5 0 5 0 5 0 5 0 5 0 5 0 5 0 5 0 5 0 5 0 5 0 5 0 5 0 5 0 5 0 5 0 5 0 5 0 5 0 5 0 5 0 5 0 5 0 5 0 5 0 5 0 5 0 5 0 5 0 5 0 5 0 5 0 5 0 5 0 5 0 5 0 5 0 5 0 5 0 5 0 5 0 5 0 5 0 5 0 5 0 5 0 5 0 5 0 5 0 5 0 5 0 5 0 5 0 5 0 5 0 5 0 5 0 5 0 5 0 5 0 5 0 5 0 5 0 5 0 5 0 5 0 5 0 5 0 5 0 5 0 5 0 5 0 5 0 5 0 5 0 5 0 5 0 5 0 5 0 5 0 5 0 5 0 5 0 5 0 5 0 5 0 5 0 5 0 5 0 5 0 5 0 5 0 5 0 5 0 5 0 5 0 5 0 5 0 5 0 5 0 5 0 5 0 5 0 5 0 5 0 5 0 5 0 5 0 5 0 5 0 5 0 5 0 5 0 5 0 5 0 5 0 5 0 5 0 5 0 5 0 5 0 5 0 5 0 5 0 5 0 5 0 5 0 5 0 5 0 5 0 5 0 5 0 5 0 5 0 5 0 5 0 5 0 5 0 5 0 5 0 5 0 5 0 5 0 5 0 5 0 5 0 5 0 5 0 5 0 5 0 5 0 5 0 5 0 5 0 5 0 5 0 5 0 5 0 5 0 5 0 5 0 5 0 5 0 5 0 5 0 5 0 5 0 5 0 5 0 5 0 5 0 5 0 5 0 5 0 5 0 5 0 5 0 5 0 5 0 5 0 5 0 5 0 5 0 5 0 5 0 5 0 5 0 5 0 5 0 5 0 5 0 5 0 5 0 5 0 5 0 5 0 5 0 5 0 5 0 5 0 5 0 5 0 5 0 5 0 5 0 5 0 5 0 5 0 5 0 5 0 5 0 5 0 5 0 5 0 5 0 5 0 5 0 5 0 5 0 5 0 5 0 5 0 5 0 5 0 5 0 5 0 5 0 5 0 5 0 5 0 5 0 5 0 5 0 5 0 5 0 5 0 5 0 5 0 5 0 5 0 5 0 5 0 5 0 5 0 5 0 5 0 5 0 5 0 5 0 5 0 5 0 5 0 5 0 5 0 5 0 5 0 5 0 5 0 5 0 5 0 5 0 5 0 5 0 5 0 5 0 5 0 5 0 5 0 5 0 5 0 5 0 5 0 5 0 5 0 5 0 5 0 5 0 5 0 5 0 5 0 5 0 5 0 5 0 5 0 5 0 5 0 5 0 5 0 5 0 5 0 5 0 5 0 5 0 5 0 5 0 5 0 5 0 5 0 5 0 5 0 5 0 5 0 5 0 5 0 5 0 5 0 5 0 5 0 5 0 5 0 5 0 5 0 5 0 5 0 5 0 5 0 5 0 5 0 5 0 5 0 5 0 5 0 5 0 5 0 5 0 5 0 5 0 5 0 5 0 5 0 5 0 5 0 5 0 5 0 5 0 5 0 5 0 5 0 5 0 5 0 5 0 5 0 5 0 5 0 5 0 5 0 5 0 5 0 5 0 5 0 5 0 5 0 5 0 5 0 5 0 5 0 5 0 5 0 5 0 5 0 5 0 5 0 5 0 5 0 5 0 5 0 5 0 5 0 5 0 5 0 5 0 5 0 5 0 5 0 5 0 5 0 5 0 5 0 5 0 5 0 5 0 5 0 5 0 5 0 5 0 5 0 5 0 5 0 5 0 5 0 5 0 5 0 5 0 5 0 5 0 5 0 5 0 5 0 5 0 5 0 5 0 5 0 5 0 5 0 5 0 5 0 5 0 5 0 5 0 5 0 5 0 5 0 5 0 5 0 5 0 5 0 5 0 5 0 5 0 5 0 5 0 5 0 5 0 5 0 5 0 5 0 5 0 5 0 5 0 5 0 5 0 5 0 5 0 5 0 5 0 5 0 5 0 5 0 5 0 5 0 5 0 5 0 5 0 5 0 5 0 5 0 5 0 5 0 5 0 5 0 5 0 5 0 5 0 5 0 5 0 5 0 5 0 5 0 5 0 5 0 5 0 5 0 5 0 5 0 5 0 5 0 5 0 5 0 5 0 5 0 5 0 5 0 5 0 5 0 5 0 5 0 5 0 5 0 5 0 5 0 5 0 5 0 5 0 5 0 5 0 5 0 5 0 5 0 5 0 5 0 5 0 5 0 5 0 5 0 5 0 5 0 5 0 5 0 5 0 5 0 5 0 5 0 5 0 5 0 5 0 5 0 5 0 5 0 5 0 5 0 5 0 5 0 5 0 5 0 5 0 5 0 5 0 5 0 5 0 5 0 5 0 5 0 5 0 5 0 5 0 5 0 5 0 5 0 5 0 5 0 5 0 5 0 5 0 5 0 5 0 5 0 5 0 5 0 5 0 5 0 5 0 5 0 5 0 5 0 5 0 5 0 5 0 5 0 5 0 5 0 5 0 5 0 5 0 5 0 5 0 5 0 5 0 5 0 5 0 5 0 5 0 5 0 5 0 5 0 5 0 5 0 5 0 5 0 5 0 5 0 5 0 5 0 5 0 5 0 5 0 5 0 5 0 5 0 5 0 5 0 5 0 5 0 5 0 5 0 5 0 5 0 5 0 5 0 5 0 5 0 5 0 5 0 5 0 5 0 5 0 5 0 5 0 5 0 5 0 5 0 5 0 5 0 5 0 5 0 5 0 5 0 5 0 5 0 5 0 5 0 5 0 5 0 5 0 5 0 5 0 5 0 5 0 5 0 5 0 5 0 5 0 5 0 5 0 5 0 5 0 5 0 5 0 5 0 5 0 5 0 5 0 5 0 5 0 5 0 5 0 5 0 5 0 5 0 5 0 5 0 5 0 5 0 5 0 5 0 5 0 5 0 5 0 5 0 5 0 5 0 5 0 5 0 5 0 5 0 5 0 5 0 5 0 5 0 5 0 5 0 5 0 5 0 5 0 5 0 5 0 5 0 5 0 5 0 5 0 5 0 5 0 5 0 5 0 5 0 5 0 5 0 5 0 5 0 5 0 5 0 5 0 5 0 5 0 5 0 5 0 5 0 5 0 5 0 5 0 5 0 5 0 5 0 5 0 5 0 5 0 5 0 5 0 5 0 5 0 5 0 5 0 5 0 5 0 5 0 5 0 5 0 5 0 5 0 5 0 5 0 5 0 5 0 5 0 5 0 5 0 5 0 5 0 5 0 5 0 5 0 5 0 5 0 5 0 5 0 5 0 5 0 5 0 5 0 5 0 5 0 5 0 5 0 5 0 5 0 5 0 5 0 5 0 5 0 5 0 5 0 5 0 5 0 5 0 5 0 5 0 5 0 5 0 5 0 5 0 5 0 5 0 5 0 5 0 5 0 5 0 5 0 5 0 5 0 5 0 5 0 5 0 5 0 5 0 5 0 5 0 5 0 5 0 5 0 5 0 5 0 5 0 5 0 5 0 5 0 5 0 5 0 5 0 5 0 5 0 5 0 5 0 5 0 5 0 5 0 5 0 5 0 5 0 5 0 5 0 5 0 5 0 5 0 5 0 5 0 5 0 5 0 5 0 5 0 5 0 5 0 5 0 5 0 5 0 5 0 5 0 5 0 5 0 5 0 5 0 5 0 5 0 5 0 5 0 5 0 5 0 5 0 5 0 5 0 5 0 5 0 5 0 5 0 5 0 5 0 5 0 5 0 5 0 5 0 5 0 5 0 5 0 5 0 5 0 5 0 5 0 5 0 5 0 5 0 5 0 5 0 5 0 5 0 5 0 5 0 5 0 5 0 5 0 5 0 5 0 5 0 5 0 5 0 5 0 5 0 5 0 5 0 5 0 5 0 5 0 5 0 5 0 5 0 5 0 5 0 5 0 5 0 5 0 5 0 5 0 5 0 5 0 5 0 5 0 5 0 5 0 5 0 5 0 5 0 5 0 5 0 5 0 5 0 5 0 5 0 5 0 5 0 5 0 5 0 5 0 5 0 5 0 5 0 5 0 5 0 5 0 5 0 5 0 5 0 5 0 5 0 5 0 5 0 5 0 5 0 5 0 5 0 5 0 5 0 5 0 5 0 5 0 5 0 5 0 5 0 5 0 5 0 5 0 5 0 5 0 5 0 5 0 5 0 5 0 5 0 5 0 5 0 5 0 5 0 5 0 5 0 5 0 5 0 5 0 5 0 5 0 5 0 5 0 5 0 5 0 5 0 5 0 5 0 5 0 5 0 5 0 5 0 5 0 5 0 5 0 5 0 5 0 5 0 5 0 5 0 5 0 5 0 5 0 5 0 5 0 5 0 5 0 5 0 5 0 5 0 5 0 5 0 5 0 5 0 5 0 5 0 5 0 5 0 5 0 5 0 5 0 5 0 5 0 5 0 5 0 5 0 5 0 5 0 5 0 5 0 5 0 5 0 5 0 5 0 5 0 5 0 5 0 5 0 5 0 5 0 5 0 5 0 5 0 5 0 5 0 5 0 5 0 5 0 5 0 5 0 5 0 5 0 5 0 5 0 5 0 5 0 5 0 5 0 5 0 5 0 5 0 5 0 5 0 5 0 5 0 5 0 5 0 5 0 5 0 5 0 5 0 5 0 5 0 5 0 5 0 5 0 5 0 5 0 5 0 5 0 5 0 5 0 5 0 5 0 5 0 5 0 5 0 5 0 5 0 5 0 5 0 5 0 5 0 5 0 5 0 5 0 5 0 5 0 5 0 5 0 5 0 5 0 5 0 5 0 5 0 5 0 5 0 5 0 5 0 5 0 5 0 5 0 5 0 5 0 5 0 5 0 5 0 5 0 5 0 5 0 5 0 5 0 5 0 5 0 5 0 5 0 5 0 5 0 5 0 5 0 5 0 5 0 5 0 5 0 5 0 5 0 5 0 5 0 5 0 5 0 5 0 5 0 5 0 5 0 5 0 5 0 5 0 5 0 5 0 5 0 5 0 5 0 5 0 5 0 5 0 5 0 5 0 5 0 5 0 5 0 5 0 5 0 5 0 5 0 5 0 5 0 5 0 5 0 5 0 5 0 5 0 5 0 5 0 5 0 5 0 5 0 5 0 5 0 5 0 5 0 5 0 5 0 5 0 5 0 5 0 5 0 5 0 5 0 5 0 5 0 5 0 5 0 5 0 5 0 5 0 5 0 5 0 5 0 5 0 5 0 5 0 5 0 5 0 5 0 5 0 5 0 5 0 5 0 5 0 5 0 5 0 5 0 5 0 5 0 5 0 5 0 5 0 5 0 5 0 5 0 5 0 5 0 5 0 5 0 5 0 5 0 5 0 5 0 5 0 5 0 5 0 5 0 5 0 5 0 5 0 5 0 5 0 5 0 5 0 5 0 5 0 5 0 5 0 5 0 5 0 5 0 5 0 5 0 5 0 5 0 5 0 5 0 5 0 5 0 5 0 5 0 5 0 5 0 5 0 5 0 5 0 5 0 5 0 5 0 5 0 5 0 5 0 5 0 5 0 5 0 5 0 5 0 5 0 5 0 5 0 5 0 5 0 5 0 5 0 5 0 5 0 5 0 5 0 5 0 5 0 5 0 5 0 5 0 5 0 5 0 5 0 5 0 5 0 5 0 5 0 5 0 5 0 5 0 5 0 5 0 5 0 5 0 5 0 5 0 5 0 5 0 5 0 5 0 5 0 5 0 5 0 5 0 5 0 5 0 5 0 5 0 5 0 5 0 5 0 5 0 5 0 5 0 5 0 5 0 5 0 5 0 5 0 5 0 5 0 5 0 5 0 5 0 5 0 5 0 5 0 5 0 5 0 5 0 5 0 5 0 5 0 5 0 5 0 5 0 5 0 5 0 5 0 5 0 5 0 5 0 5 0 5 0 5 0 5 0 5 0 5 0 5 0 5 0
compile com/intellij/ide/Y/k/ds a (IILjava/util/Vector;Ljava/util/Vector;I)V -1 4 inline 60 0 -1 0 com/intellij/ide/Y/k/ds a (IILjava/util/Vector;Ljava/util/Vector;I)V 1 32 0 com/intellij/ide/Y/k/ds a (IILjava/util/Vector;Ljava/util/Vector;I)V 2 53 0 com/intellij/ide/Y/k/ds a (IIILjava/util/Vector;Ljava/util/Vector;)V 3 19 0 java/util/Vector elementAt (I)Ljava/lang/Object; 4 44 0 java/util/Vector elementData (I)Ljava/lang/Object; 3 24 0 java/util/Vector setElementAt (Ljava/lang/Object;I)V 3 43 0 java/util/Vector elementAt (I)Ljava/lang/Object; 4 44 0 java/util/Vector elementData (I)Ljava/lang/Object; 3 53 0 java/util/Vector elementAt (I)Ljava/lang/Object; 4 44 0 java/util/Vector elementData (I)Ljava/lang/Object; 3 59 0 com/intellij/ide/Y/k/ds b (Lcom/intellij/ide/Y/k/dp;)Z 4 30 0 com/intellij/ide/Y/k/ds a (JII[I[J)J 4 54 0 com/intellij/ide/Y/k/ds a (JII[I[J)J 3 74 0 java/util/Vector elementAt (I)Ljava/lang/Object; 4 44 0 java/util/Vector elementData (I)Ljava/lang/Object; 3 92 0 java/util/Vector elementAt (I)Ljava/lang/Object; 4 44 0 java/util/Vector elementData (I)Ljava/lang/Object; 3 104 0 java/util/Vector setElementAt (Ljava/lang/Object;I)V 3 130 0 java/util/Vector elementAt (I)Ljava/lang/Object; 4 44 0 java/util/Vector elementData (I)Ljava/lang/Object; 3 134 0 java/util/Vector setElementAt (Ljava/lang/Object;I)V 1 44 0 com/intellij/ide/Y/k/ds a (IILjava/util/Vector;Ljava/util/Vector;I)V 2 53 0 com/intellij/ide/Y/k/ds a (IIILjava/util/Vector;Ljava/util/Vector;)V 3 19 0 java/util/Vector elementAt (I)Ljava/lang/Object; 4 44 0 java/util/Vector elementData (I)Ljava/lang/Object; 3 24 0 java/util/Vector setElementAt (Ljava/lang/Object;I)V 3 43 0 java/util/Vector elementAt (I)Ljava/lang/Object; 4 44 0 java/util/Vector elementData (I)Ljava/lang/Object; 3 53 0 java/util/Vector elementAt (I)Ljava/lang/Object; 4 44 0 java/util/Vector elementData (I)Ljava/lang/Object; 3 59 0 com/intellij/ide/Y/k/ds b (Lcom/intellij/ide/Y/k/dp;)Z 4 30 0 com/intellij/ide/Y/k/ds a (JII[I[J)J 4 54 0 com/intellij/ide/Y/k/ds a (JII[I[J)J 3 74 0 java/util/Vector elementAt (I)Ljava/lang/Object; 4 44 0 java/util/Vector elementData (I)Ljava/lang/Object; 3 92 0 java/util/Vector elementAt (I)Ljava/lang/Object; 4 44 0 java/util/Vector elementData (I)Ljava/lang/Object; 3 104 0 java/util/Vector setElementAt (Ljava/lang/Object;I)V 3 130 0 java/util/Vector elementAt (I)Ljava/lang/Object; 4 44 0 java/util/Vector elementData (I)Ljava/lang/Object; 3 134 0 java/util/Vector setElementAt (Ljava/lang/Object;I)V 1 53 0 com/intellij/ide/Y/k/ds a (IIILjava/util/Vector;Ljava/util/Vector;)V 2 19 0 java/util/Vector elementAt (I)Ljava/lang/Object; 3 44 0 java/util/Vector elementData (I)Ljava/lang/Object; 2 24 0 java/util/Vector setElementAt (Ljava/lang/Object;I)V 2 43 0 java/util/Vector elementAt (I)Ljava/lang/Object; 3 44 0 java/util/Vector elementData (I)Ljava/lang/Object; 2 53 0 java/util/Vector elementAt (I)Ljava/lang/Object; 3 44 0 java/util/Vector elementData (I)Ljava/lang/Object; 2 59 0 com/intellij/ide/Y/k/ds b (Lcom/intellij/ide/Y/k/dp;)Z 3 30 0 com/intellij/ide/Y/k/ds a (JII[I[J)J 3 54 0 com/intellij/ide/Y/k/ds a (JII[I[J)J 2 74 0 java/util/Vector elementAt (I)Ljava/lang/Object; 3 44 0 java/util/Vector elementData (I)Ljava/lang/Object; 2 92 0 java/util/Vector elementAt (I)Ljava/lang/Object; 3 44 0 java/util/Vector elementData (I)Ljava/lang/Object; 2 104 0 java/util/Vector setElementAt (Ljava/lang/Object;I)V 2 130 0 java/util/Vector elementAt (I)Ljava/lang/Object; 3 44 0 java/util/Vector elementData (I)Ljava/lang/Object; 2 134 0 java/util/Vector setElementAt (Ljava/lang/Object;I)V
